date,crop,zone,price,quantity_sold_kg
2025-10-01,Tomato,Zone A,19.51,42.0
2025-10-01,Tomato,Zone B,19.83,78.9
2025-10-01,Onion,Zone A,47.23,27.0
2025-10-01,Onion,Zone B,45.51,22.4
2025-10-01,Potato,Zone A,24.31,22.1
2025-10-01,Potato,Zone B,23.71,72.0
2025-10-01,Garlic,Zone A,196.93,67.1
2025-10-01,Garlic,Zone B,206.42,20.5
2025-10-01,Ginger,Zone A,79.62,47.2
2025-10-01,Ginger,Zone B,76.22,96.6
2025-10-01,Capsicum,Zone A,38.06,27.7
2025-10-01,Capsicum,Zone B,40.44,68.3
2025-10-01,Cauliflower,Zone A,31.49,62.9
2025-10-01,Cauliflower,Zone B,32.09,50.3
2025-10-01,Chilli,Zone A,56.74,69.5
2025-10-01,Chilli,Zone B,56.89,66.2
2025-10-01,Grapes,Zone A,136.84,38.2
2025-10-01,Grapes,Zone B,139.61,26.4
2025-10-01,Apple,Zone A,113.98,42.2
2025-10-01,Apple,Zone B,119.02,49.2
2025-10-01,Banana,Zone A,43.38,41.4
2025-10-01,Banana,Zone B,45.97,71.8
2025-10-01,Strawberry,Zone A,222.91,78.3
2025-10-01,Strawberry,Zone B,222.76,50.4
2025-10-02,Tomato,Zone A,21.21,64.6
2025-10-02,Tomato,Zone B,21.29,87.4
2025-10-02,Onion,Zone A,45.24,22.6
2025-10-02,Onion,Zone B,45.56,41.4
2025-10-02,Potato,Zone A,25.14,90.1
2025-10-02,Potato,Zone B,23.92,72.4
2025-10-02,Garlic,Zone A,203.18,56.7
2025-10-02,Garlic,Zone B,192.96,39.7
2025-10-02,Ginger,Zone A,73.65,66.8
2025-10-02,Ginger,Zone B,77.47,52.0
2025-10-02,Capsicum,Zone A,40.42,60.8
2025-10-02,Capsicum,Zone B,37.6,23.8
2025-10-02,Cauliflower,Zone A,29.12,83.4
2025-10-02,Cauliflower,Zone B,28.65,25.1
2025-10-02,Chilli,Zone A,56.51,62.3
2025-10-02,Chilli,Zone B,56.4,88.9
2025-10-02,Grapes,Zone A,128.99,74.5
2025-10-02,Grapes,Zone B,127.13,41.3
2025-10-02,Apple,Zone A,122.98,54.8
2025-10-02,Apple,Zone B,126.45,96.3
2025-10-02,Banana,Zone A,45.81,60.0
2025-10-02,Banana,Zone B,45.49,93.0
2025-10-02,Strawberry,Zone A,234.5,71.1
2025-10-02,Strawberry,Zone B,240.42,32.2
2025-10-03,Tomato,Zone A,20.59,82.3
2025-10-03,Tomato,Zone B,20.57,20.0
2025-10-03,Onion,Zone A,42.51,94.3
2025-10-03,Onion,Zone B,45.55,86.5
2025-10-03,Potato,Zone A,23.65,90.2
2025-10-03,Potato,Zone B,25.4,26.9
2025-10-03,Garlic,Zone A,192.67,80.8
2025-10-03,Garlic,Zone B,203.8,30.3
2025-10-03,Ginger,Zone A,74.21,41.2
2025-10-03,Ginger,Zone B,76.12,53.9
2025-10-03,Capsicum,Zone A,38.97,78.4
2025-10-03,Capsicum,Zone B,37.92,44.9
2025-10-03,Cauliflower,Zone A,31.86,55.0
2025-10-03,Cauliflower,Zone B,31.53,29.7
2025-10-03,Chilli,Zone A,52.79,67.1
2025-10-03,Chilli,Zone B,52.33,37.6
2025-10-03,Grapes,Zone A,129.4,38.3
2025-10-03,Grapes,Zone B,132.22,88.8
2025-10-03,Apple,Zone A,111.7,73.5
2025-10-03,Apple,Zone B,111.49,30.6
2025-10-03,Banana,Zone A,47.23,57.8
2025-10-03,Banana,Zone B,48.03,84.6
2025-10-03,Strawberry,Zone A,206.96,54.5
2025-10-03,Strawberry,Zone B,212.55,57.4
2025-10-04,Tomato,Zone A,20.74,98.7
2025-10-04,Tomato,Zone B,19.8,52.2
2025-10-04,Onion,Zone A,45.56,39.9
2025-10-04,Onion,Zone B,43.18,55.9
2025-10-04,Potato,Zone A,24.37,40.0
2025-10-04,Potato,Zone B,25.64,55.5
2025-10-04,Garlic,Zone A,212.41,24.0
2025-10-04,Garlic,Zone B,220.01,86.9
2025-10-04,Ginger,Zone A,83.33,87.9
2025-10-04,Ginger,Zone B,78.43,58.9
2025-10-04,Capsicum,Zone A,38.55,24.7
2025-10-04,Capsicum,Zone B,38.48,98.8
2025-10-04,Cauliflower,Zone A,29.96,56.4
2025-10-04,Cauliflower,Zone B,29.12,96.6
2025-10-04,Chilli,Zone A,57.98,77.5
2025-10-04,Chilli,Zone B,56.13,43.7
2025-10-04,Grapes,Zone A,148.75,63.4
2025-10-04,Grapes,Zone B,150.74,24.6
2025-10-04,Apple,Zone A,125.67,88.2
2025-10-04,Apple,Zone B,122.2,96.9
2025-10-04,Banana,Zone A,42.03,67.6
2025-10-04,Banana,Zone B,43.71,38.8
2025-10-04,Strawberry,Zone A,217.91,39.7
2025-10-04,Strawberry,Zone B,212.91,69.6
2025-10-05,Tomato,Zone A,19.97,61.8
2025-10-05,Tomato,Zone B,20.53,36.3
2025-10-05,Onion,Zone A,45.01,51.7
2025-10-05,Onion,Zone B,46.6,44.0
2025-10-05,Potato,Zone A,25.03,25.8
2025-10-05,Potato,Zone B,24.46,99.9
2025-10-05,Garlic,Zone A,208.51,37.1
2025-10-05,Garlic,Zone B,211.82,94.7
2025-10-05,Ginger,Zone A,81.8,49.6
2025-10-05,Ginger,Zone B,77.22,86.7
2025-10-05,Capsicum,Zone A,41.18,99.0
2025-10-05,Capsicum,Zone B,41.32,20.6
2025-10-05,Cauliflower,Zone A,30.45,73.1
2025-10-05,Cauliflower,Zone B,32.04,30.7
2025-10-05,Chilli,Zone A,51.22,64.3
2025-10-05,Chilli,Zone B,51.92,68.4
2025-10-05,Grapes,Zone A,138.91,70.7
2025-10-05,Grapes,Zone B,139.6,59.1
2025-10-05,Apple,Zone A,136.55,27.4
2025-10-05,Apple,Zone B,132.06,42.1
2025-10-05,Banana,Zone A,43.69,71.0
2025-10-05,Banana,Zone B,41.95,79.3
2025-10-05,Strawberry,Zone A,225.55,20.8
2025-10-05,Strawberry,Zone B,219.15,90.6
2025-10-06,Tomato,Zone A,20.88,86.8
2025-10-06,Tomato,Zone B,20.95,31.8
2025-10-06,Onion,Zone A,42.66,91.9
2025-10-06,Onion,Zone B,44.35,88.9
2025-10-06,Potato,Zone A,25.39,40.0
2025-10-06,Potato,Zone B,25.17,82.4
2025-10-06,Garlic,Zone A,210.7,69.7
2025-10-06,Garlic,Zone B,206.43,94.4
2025-10-06,Ginger,Zone A,82.19,84.9
2025-10-06,Ginger,Zone B,81.59,22.0
2025-10-06,Capsicum,Zone A,40.4,94.5
2025-10-06,Capsicum,Zone B,41.94,89.1
2025-10-06,Cauliflower,Zone A,30.36,83.0
2025-10-06,Cauliflower,Zone B,29.96,89.8
2025-10-06,Chilli,Zone A,55.71,85.3
2025-10-06,Chilli,Zone B,56.79,44.4
2025-10-06,Grapes,Zone A,140.86,21.9
2025-10-06,Grapes,Zone B,140.46,46.3
2025-10-06,Apple,Zone A,136.88,42.3
2025-10-06,Apple,Zone B,133.44,52.0
2025-10-06,Banana,Zone A,47.3,95.1
2025-10-06,Banana,Zone B,45.71,97.6
2025-10-06,Strawberry,Zone A,221.33,41.2
2025-10-06,Strawberry,Zone B,206.74,54.8
2025-10-07,Tomato,Zone A,20.15,68.5
2025-10-07,Tomato,Zone B,20.48,50.8
2025-10-07,Onion,Zone A,44.45,76.7
2025-10-07,Onion,Zone B,43.54,94.0
2025-10-07,Potato,Zone A,25.54,79.4
2025-10-07,Potato,Zone B,25.44,49.1
2025-10-07,Garlic,Zone A,188.69,46.4
2025-10-07,Garlic,Zone B,183.47,87.8
2025-10-07,Ginger,Zone A,75.98,44.7
2025-10-07,Ginger,Zone B,76.65,52.2
2025-10-07,Capsicum,Zone A,38.01,53.6
2025-10-07,Capsicum,Zone B,40.56,74.2
2025-10-07,Cauliflower,Zone A,31.5,44.1
2025-10-07,Cauliflower,Zone B,31.33,20.0
2025-10-07,Chilli,Zone A,53.53,66.4
2025-10-07,Chilli,Zone B,54.49,57.2
2025-10-07,Grapes,Zone A,133.11,57.9
2025-10-07,Grapes,Zone B,140.6,83.7
2025-10-07,Apple,Zone A,112.45,61.2
2025-10-07,Apple,Zone B,117.56,46.8
2025-10-07,Banana,Zone A,47.37,73.8
2025-10-07,Banana,Zone B,45.41,35.9
2025-10-07,Strawberry,Zone A,203.64,58.0
2025-10-07,Strawberry,Zone B,213.7,25.8
2025-10-08,Tomato,Zone A,20.03,35.6
2025-10-08,Tomato,Zone B,20.14,59.6
2025-10-08,Onion,Zone A,44.4,20.4
2025-10-08,Onion,Zone B,44.73,81.6
2025-10-08,Potato,Zone A,23.87,34.1
2025-10-08,Potato,Zone B,24.9,61.4
2025-10-08,Garlic,Zone A,181.88,87.9
2025-10-08,Garlic,Zone B,184.96,84.1
2025-10-08,Ginger,Zone A,79.5,67.6
2025-10-08,Ginger,Zone B,79.27,91.3
2025-10-08,Capsicum,Zone A,41.16,60.4
2025-10-08,Capsicum,Zone B,41.52,63.8
2025-10-08,Cauliflower,Zone A,31.8,58.0
2025-10-08,Cauliflower,Zone B,30.59,39.8
2025-10-08,Chilli,Zone A,56.94,61.7
2025-10-08,Chilli,Zone B,56.32,42.0
2025-10-08,Grapes,Zone A,126.01,41.7
2025-10-08,Grapes,Zone B,126.36,63.2
2025-10-08,Apple,Zone A,113.13,75.5
2025-10-08,Apple,Zone B,117.52,25.1
2025-10-08,Banana,Zone A,44.74,53.3
2025-10-08,Banana,Zone B,43.54,53.6
2025-10-08,Strawberry,Zone A,241.19,75.6
2025-10-08,Strawberry,Zone B,246.41,81.2
2025-10-09,Tomato,Zone A,18.98,48.1
2025-10-09,Tomato,Zone B,20.16,88.3
2025-10-09,Onion,Zone A,46.74,79.8
2025-10-09,Onion,Zone B,47.21,68.3
2025-10-09,Potato,Zone A,23.76,54.9
2025-10-09,Potato,Zone B,23.39,46.9
2025-10-09,Garlic,Zone A,204.16,33.2
2025-10-09,Garlic,Zone B,205.2,30.2
2025-10-09,Ginger,Zone A,73.03,51.5
2025-10-09,Ginger,Zone B,76.29,22.2
2025-10-09,Capsicum,Zone A,39.39,56.9
2025-10-09,Capsicum,Zone B,39.11,50.3
2025-10-09,Cauliflower,Zone A,28.73,80.9
2025-10-09,Cauliflower,Zone B,28.85,80.2
2025-10-09,Chilli,Zone A,55.7,26.6
2025-10-09,Chilli,Zone B,54.64,63.2
2025-10-09,Grapes,Zone A,146.72,72.0
2025-10-09,Grapes,Zone B,151.84,72.1
2025-10-09,Apple,Zone A,134.13,35.9
2025-10-09,Apple,Zone B,124.5,32.2
2025-10-09,Banana,Zone A,43.91,65.1
2025-10-09,Banana,Zone B,42.34,76.0
2025-10-09,Strawberry,Zone A,228.37,68.6
2025-10-09,Strawberry,Zone B,239.26,29.2
2025-10-10,Tomato,Zone A,21.41,28.6
2025-10-10,Tomato,Zone B,19.86,45.0
2025-10-10,Onion,Zone A,47.48,51.7
2025-10-10,Onion,Zone B,46.59,26.1
2025-10-10,Potato,Zone A,25.74,28.2
2025-10-10,Potato,Zone B,26.03,88.0
2025-10-10,Garlic,Zone A,197.05,98.7
2025-10-10,Garlic,Zone B,207.81,47.8
2025-10-10,Ginger,Zone A,72.52,60.5
2025-10-10,Ginger,Zone B,72.35,88.0
2025-10-10,Capsicum,Zone A,39.99,96.9
2025-10-10,Capsicum,Zone B,41.74,86.3
2025-10-10,Cauliflower,Zone A,30.46,78.7
2025-10-10,Cauliflower,Zone B,31.76,41.6
2025-10-10,Chilli,Zone A,56.87,58.7
2025-10-10,Chilli,Zone B,56.4,78.5
2025-10-10,Grapes,Zone A,136.13,86.5
2025-10-10,Grapes,Zone B,128.03,90.5
2025-10-10,Apple,Zone A,117.65,68.8
2025-10-10,Apple,Zone B,116.84,22.3
2025-10-10,Banana,Zone A,45.39,37.0
2025-10-10,Banana,Zone B,47.69,47.2
2025-10-10,Strawberry,Zone A,242.53,42.1
2025-10-10,Strawberry,Zone B,229.34,95.8
2025-10-11,Tomato,Zone A,19.51,59.1
2025-10-11,Tomato,Zone B,19.57,75.2
2025-10-11,Onion,Zone A,45.62,83.4
2025-10-11,Onion,Zone B,44.17,37.7
2025-10-11,Potato,Zone A,25.08,66.5
2025-10-11,Potato,Zone B,25.42,62.5
2025-10-11,Garlic,Zone A,201.5,46.5
2025-10-11,Garlic,Zone B,200.82,41.7
2025-10-11,Ginger,Zone A,68.74,35.4
2025-10-11,Ginger,Zone B,68.74,62.9
2025-10-11,Capsicum,Zone A,40.01,37.3
2025-10-11,Capsicum,Zone B,41.0,78.0
2025-10-11,Cauliflower,Zone A,31.49,42.6
2025-10-11,Cauliflower,Zone B,30.43,35.5
2025-10-11,Chilli,Zone A,52.13,21.1
2025-10-11,Chilli,Zone B,53.65,41.9
2025-10-11,Grapes,Zone A,148.57,75.8
2025-10-11,Grapes,Zone B,143.51,89.5
2025-10-11,Apple,Zone A,127.23,65.9
2025-10-11,Apple,Zone B,123.24,55.2
2025-10-11,Banana,Zone A,42.02,95.3
2025-10-11,Banana,Zone B,43.5,85.8
2025-10-11,Strawberry,Zone A,213.88,70.4
2025-10-11,Strawberry,Zone B,213.52,31.9
2025-10-12,Tomato,Zone A,19.81,99.5
2025-10-12,Tomato,Zone B,19.51,81.2
2025-10-12,Onion,Zone A,46.54,38.1
2025-10-12,Onion,Zone B,45.56,56.0
2025-10-12,Potato,Zone A,25.57,99.2
2025-10-12,Potato,Zone B,24.47,69.7
2025-10-12,Garlic,Zone A,207.42,95.8
2025-10-12,Garlic,Zone B,198.75,36.9
2025-10-12,Ginger,Zone A,74.32,33.9
2025-10-12,Ginger,Zone B,73.82,20.2
2025-10-12,Capsicum,Zone A,40.1,43.3
2025-10-12,Capsicum,Zone B,38.95,76.6
2025-10-12,Cauliflower,Zone A,30.5,75.0
2025-10-12,Cauliflower,Zone B,31.65,83.0
2025-10-12,Chilli,Zone A,56.41,94.7
2025-10-12,Chilli,Zone B,55.35,63.6
2025-10-12,Grapes,Zone A,145.35,86.1
2025-10-12,Grapes,Zone B,135.92,33.3
2025-10-12,Apple,Zone A,121.8,65.5
2025-10-12,Apple,Zone B,117.4,29.9
2025-10-12,Banana,Zone A,46.58,95.4
2025-10-12,Banana,Zone B,45.85,59.5
2025-10-12,Strawberry,Zone A,202.17,54.6
2025-10-12,Strawberry,Zone B,206.91,40.0
2025-10-13,Tomato,Zone A,19.89,86.9
2025-10-13,Tomato,Zone B,19.3,96.1
2025-10-13,Onion,Zone A,47.9,41.6
2025-10-13,Onion,Zone B,45.51,80.5
2025-10-13,Potato,Zone A,25.23,93.3
2025-10-13,Potato,Zone B,24.29,66.8
2025-10-13,Garlic,Zone A,204.18,27.3
2025-10-13,Garlic,Zone B,201.83,46.7
2025-10-13,Ginger,Zone A,78.74,46.4
2025-10-13,Ginger,Zone B,77.73,43.1
2025-10-13,Capsicum,Zone A,42.83,64.0
2025-10-13,Capsicum,Zone B,41.63,45.2
2025-10-13,Cauliflower,Zone A,30.58,52.3
2025-10-13,Cauliflower,Zone B,29.5,99.0
2025-10-13,Chilli,Zone A,56.06,53.1
2025-10-13,Chilli,Zone B,54.47,48.9
2025-10-13,Grapes,Zone A,144.58,80.8
2025-10-13,Grapes,Zone B,139.75,63.9
2025-10-13,Apple,Zone A,132.71,75.9
2025-10-13,Apple,Zone B,129.33,97.9
2025-10-13,Banana,Zone A,44.54,32.7
2025-10-13,Banana,Zone B,45.67,64.2
2025-10-13,Strawberry,Zone A,218.64,93.0
2025-10-13,Strawberry,Zone B,209.71,29.4
2025-10-14,Tomato,Zone A,20.66,77.3
2025-10-14,Tomato,Zone B,20.68,41.9
2025-10-14,Onion,Zone A,48.29,39.5
2025-10-14,Onion,Zone B,46.7,50.7
2025-10-14,Potato,Zone A,26.07,90.3
2025-10-14,Potato,Zone B,26.81,42.1
2025-10-14,Garlic,Zone A,207.86,94.7
2025-10-14,Garlic,Zone B,209.41,85.6
2025-10-14,Ginger,Zone A,70.17,67.0
2025-10-14,Ginger,Zone B,74.16,59.2
2025-10-14,Capsicum,Zone A,38.71,47.6
2025-10-14,Capsicum,Zone B,38.75,63.5
2025-10-14,Cauliflower,Zone A,29.44,35.1
2025-10-14,Cauliflower,Zone B,30.34,65.7
2025-10-14,Chilli,Zone A,54.71,23.5
2025-10-14,Chilli,Zone B,54.58,76.4
2025-10-14,Grapes,Zone A,143.04,73.1
2025-10-14,Grapes,Zone B,148.06,98.5
2025-10-14,Apple,Zone A,119.07,60.2
2025-10-14,Apple,Zone B,124.54,89.6
2025-10-14,Banana,Zone A,46.46,62.1
2025-10-14,Banana,Zone B,46.52,77.8
2025-10-14,Strawberry,Zone A,224.51,32.3
2025-10-14,Strawberry,Zone B,221.22,97.5
2025-10-15,Tomato,Zone A,19.98,72.0
2025-10-15,Tomato,Zone B,20.23,88.2
2025-10-15,Onion,Zone A,46.17,45.3
2025-10-15,Onion,Zone B,47.43,80.8
2025-10-15,Potato,Zone A,24.97,25.5
2025-10-15,Potato,Zone B,26.2,93.7
2025-10-15,Garlic,Zone A,220.18,54.7
2025-10-15,Garlic,Zone B,208.98,70.7
2025-10-15,Ginger,Zone A,78.92,75.5
2025-10-15,Ginger,Zone B,81.84,23.7
2025-10-15,Capsicum,Zone A,40.5,50.0
2025-10-15,Capsicum,Zone B,40.02,62.5
2025-10-15,Cauliflower,Zone A,30.9,33.6
2025-10-15,Cauliflower,Zone B,29.18,89.7
2025-10-15,Chilli,Zone A,54.5,93.0
2025-10-15,Chilli,Zone B,54.07,56.9
2025-10-15,Grapes,Zone A,129.5,20.8
2025-10-15,Grapes,Zone B,135.31,92.1
2025-10-15,Apple,Zone A,124.25,55.3
2025-10-15,Apple,Zone B,126.17,67.0
2025-10-15,Banana,Zone A,45.35,40.0
2025-10-15,Banana,Zone B,46.89,35.9
2025-10-15,Strawberry,Zone A,220.55,39.0
2025-10-15,Strawberry,Zone B,222.12,66.0
2025-10-16,Tomato,Zone A,20.64,98.2
2025-10-16,Tomato,Zone B,21.25,42.0
2025-10-16,Onion,Zone A,45.97,79.6
2025-10-16,Onion,Zone B,43.66,68.5
2025-10-16,Potato,Zone A,25.8,42.9
2025-10-16,Potato,Zone B,25.59,68.6
2025-10-16,Garlic,Zone A,197.41,69.7
2025-10-16,Garlic,Zone B,198.05,77.7
2025-10-16,Ginger,Zone A,78.47,70.3
2025-10-16,Ginger,Zone B,78.86,71.7
2025-10-16,Capsicum,Zone A,39.05,66.4
2025-10-16,Capsicum,Zone B,39.97,27.2
2025-10-16,Cauliflower,Zone A,29.97,34.1
2025-10-16,Cauliflower,Zone B,28.52,63.2
2025-10-16,Chilli,Zone A,57.74,93.1
2025-10-16,Chilli,Zone B,59.12,40.6
2025-10-16,Grapes,Zone A,144.43,84.5
2025-10-16,Grapes,Zone B,147.5,47.1
2025-10-16,Apple,Zone A,119.35,31.3
2025-10-16,Apple,Zone B,119.39,88.8
2025-10-16,Banana,Zone A,47.78,97.4
2025-10-16,Banana,Zone B,47.13,49.3
2025-10-16,Strawberry,Zone A,226.31,62.9
2025-10-16,Strawberry,Zone B,234.61,73.8
2025-10-17,Tomato,Zone A,20.48,85.8
2025-10-17,Tomato,Zone B,21.06,28.7
2025-10-17,Onion,Zone A,42.14,90.7
2025-10-17,Onion,Zone B,44.02,93.2
2025-10-17,Potato,Zone A,23.45,85.9
2025-10-17,Potato,Zone B,25.1,44.2
2025-10-17,Garlic,Zone A,191.39,95.7
2025-10-17,Garlic,Zone B,193.98,59.4
2025-10-17,Ginger,Zone A,70.94,30.9
2025-10-17,Ginger,Zone B,68.56,73.6
2025-10-17,Capsicum,Zone A,42.43,53.5
2025-10-17,Capsicum,Zone B,41.77,32.4
2025-10-17,Cauliflower,Zone A,28.79,59.1
2025-10-17,Cauliflower,Zone B,29.53,96.1
2025-10-17,Chilli,Zone A,51.89,55.5
2025-10-17,Chilli,Zone B,54.32,88.4
2025-10-17,Grapes,Zone A,130.6,63.6
2025-10-17,Grapes,Zone B,133.61,48.7
2025-10-17,Apple,Zone A,118.44,29.8
2025-10-17,Apple,Zone B,124.84,56.4
2025-10-17,Banana,Zone A,46.25,67.8
2025-10-17,Banana,Zone B,43.98,82.9
2025-10-17,Strawberry,Zone A,209.31,65.2
2025-10-17,Strawberry,Zone B,208.32,81.2
2025-10-18,Tomato,Zone A,18.97,89.6
2025-10-18,Tomato,Zone B,19.15,31.8
2025-10-18,Onion,Zone A,44.94,88.7
2025-10-18,Onion,Zone B,45.47,30.4
2025-10-18,Potato,Zone A,23.74,72.9
2025-10-18,Potato,Zone B,23.45,21.2
2025-10-18,Garlic,Zone A,204.89,45.9
2025-10-18,Garlic,Zone B,203.83,24.2
2025-10-18,Ginger,Zone A,77.67,79.7
2025-10-18,Ginger,Zone B,77.37,82.2
2025-10-18,Capsicum,Zone A,38.8,60.3
2025-10-18,Capsicum,Zone B,41.48,23.5
2025-10-18,Cauliflower,Zone A,31.76,61.7
2025-10-18,Cauliflower,Zone B,30.75,97.1
2025-10-18,Chilli,Zone A,52.5,52.1
2025-10-18,Chilli,Zone B,53.37,59.2
2025-10-18,Grapes,Zone A,141.51,26.5
2025-10-18,Grapes,Zone B,147.78,25.3
2025-10-18,Apple,Zone A,119.95,63.9
2025-10-18,Apple,Zone B,117.03,99.6
2025-10-18,Banana,Zone A,44.97,68.4
2025-10-18,Banana,Zone B,43.69,76.1
2025-10-18,Strawberry,Zone A,240.57,81.5
2025-10-18,Strawberry,Zone B,241.9,37.2
2025-10-19,Tomato,Zone A,19.47,47.1
2025-10-19,Tomato,Zone B,19.83,53.3
2025-10-19,Onion,Zone A,42.92,73.2
2025-10-19,Onion,Zone B,42.74,32.2
2025-10-19,Potato,Zone A,25.16,86.5
2025-10-19,Potato,Zone B,25.21,27.7
2025-10-19,Garlic,Zone A,212.82,64.5
2025-10-19,Garlic,Zone B,209.08,64.9
2025-10-19,Ginger,Zone A,69.78,48.3
2025-10-19,Ginger,Zone B,72.9,80.0
2025-10-19,Capsicum,Zone A,42.21,97.5
2025-10-19,Capsicum,Zone B,41.81,48.1
2025-10-19,Cauliflower,Zone A,29.54,72.5
2025-10-19,Cauliflower,Zone B,29.57,28.7
2025-10-19,Chilli,Zone A,56.3,81.0
2025-10-19,Chilli,Zone B,57.24,84.6
2025-10-19,Grapes,Zone A,150.6,85.5
2025-10-19,Grapes,Zone B,146.41,71.4
2025-10-19,Apple,Zone A,116.97,86.4
2025-10-19,Apple,Zone B,110.99,34.4
2025-10-19,Banana,Zone A,45.21,47.2
2025-10-19,Banana,Zone B,44.1,89.6
2025-10-19,Strawberry,Zone A,225.58,31.3
2025-10-19,Strawberry,Zone B,229.81,22.5
2025-10-20,Tomato,Zone A,20.03,53.6
2025-10-20,Tomato,Zone B,20.23,49.6
2025-10-20,Onion,Zone A,47.02,65.4
2025-10-20,Onion,Zone B,44.47,24.2
2025-10-20,Potato,Zone A,24.37,73.9
2025-10-20,Potato,Zone B,23.7,73.0
2025-10-20,Garlic,Zone A,198.62,41.9
2025-10-20,Garlic,Zone B,203.61,29.1
2025-10-20,Ginger,Zone A,72.03,74.3
2025-10-20,Ginger,Zone B,73.23,73.4
2025-10-20,Capsicum,Zone A,37.86,67.9
2025-10-20,Capsicum,Zone B,36.68,44.1
2025-10-20,Cauliflower,Zone A,28.29,40.4
2025-10-20,Cauliflower,Zone B,28.73,20.6
2025-10-20,Chilli,Zone A,54.9,50.4
2025-10-20,Chilli,Zone B,57.28,60.0
2025-10-20,Grapes,Zone A,148.38,25.8
2025-10-20,Grapes,Zone B,149.03,23.4
2025-10-20,Apple,Zone A,116.73,89.0
2025-10-20,Apple,Zone B,113.61,65.9
2025-10-20,Banana,Zone A,45.64,29.2
2025-10-20,Banana,Zone B,44.18,46.0
2025-10-20,Strawberry,Zone A,238.08,86.6
2025-10-20,Strawberry,Zone B,243.77,27.1
2025-10-21,Tomato,Zone A,20.26,67.1
2025-10-21,Tomato,Zone B,20.73,51.7
2025-10-21,Onion,Zone A,43.58,46.6
2025-10-21,Onion,Zone B,42.97,60.8
2025-10-21,Potato,Zone A,24.05,92.5
2025-10-21,Potato,Zone B,23.75,78.2
2025-10-21,Garlic,Zone A,215.5,38.9
2025-10-21,Garlic,Zone B,204.26,35.8
2025-10-21,Ginger,Zone A,77.21,72.4
2025-10-21,Ginger,Zone B,73.68,81.8
2025-10-21,Capsicum,Zone A,40.79,80.8
2025-10-21,Capsicum,Zone B,39.81,93.9
2025-10-21,Cauliflower,Zone A,30.52,70.0
2025-10-21,Cauliflower,Zone B,31.07,70.2
2025-10-21,Chilli,Zone A,51.25,55.4
2025-10-21,Chilli,Zone B,52.24,42.0
2025-10-21,Grapes,Zone A,127.81,44.8
2025-10-21,Grapes,Zone B,127.24,24.6
2025-10-21,Apple,Zone A,126.77,89.1
2025-10-21,Apple,Zone B,134.94,69.2
2025-10-21,Banana,Zone A,44.9,64.3
2025-10-21,Banana,Zone B,46.08,91.7
2025-10-21,Strawberry,Zone A,228.72,72.1
2025-10-21,Strawberry,Zone B,220.0,58.1
2025-10-22,Tomato,Zone A,18.63,28.3
2025-10-22,Tomato,Zone B,19.92,47.5
2025-10-22,Onion,Zone A,45.98,33.8
2025-10-22,Onion,Zone B,45.04,55.0
2025-10-22,Potato,Zone A,24.89,32.7
2025-10-22,Potato,Zone B,24.6,42.6
2025-10-22,Garlic,Zone A,194.53,67.8
2025-10-22,Garlic,Zone B,201.64,71.8
2025-10-22,Ginger,Zone A,66.17,74.3
2025-10-22,Ginger,Zone B,67.21,77.9
2025-10-22,Capsicum,Zone A,41.95,89.9
2025-10-22,Capsicum,Zone B,40.08,66.6
2025-10-22,Cauliflower,Zone A,28.58,97.4
2025-10-22,Cauliflower,Zone B,29.38,51.4
2025-10-22,Chilli,Zone A,57.47,44.8
2025-10-22,Chilli,Zone B,54.97,83.3
2025-10-22,Grapes,Zone A,146.36,86.3
2025-10-22,Grapes,Zone B,147.15,74.8
2025-10-22,Apple,Zone A,125.8,53.9
2025-10-22,Apple,Zone B,122.97,49.0
2025-10-22,Banana,Zone A,42.57,95.8
2025-10-22,Banana,Zone B,43.51,38.1
2025-10-22,Strawberry,Zone A,204.78,87.6
2025-10-22,Strawberry,Zone B,205.19,81.7
2025-10-23,Tomato,Zone A,21.3,23.0
2025-10-23,Tomato,Zone B,20.4,81.3
2025-10-23,Onion,Zone A,42.91,33.0
2025-10-23,Onion,Zone B,44.49,81.7
2025-10-23,Potato,Zone A,25.08,55.0
2025-10-23,Potato,Zone B,25.59,74.1
2025-10-23,Garlic,Zone A,190.75,42.8
2025-10-23,Garlic,Zone B,195.41,55.9
2025-10-23,Ginger,Zone A,73.57,84.7
2025-10-23,Ginger,Zone B,74.52,86.8
2025-10-23,Capsicum,Zone A,40.88,98.8
2025-10-23,Capsicum,Zone B,39.35,42.5
2025-10-23,Cauliflower,Zone A,29.71,97.3
2025-10-23,Cauliflower,Zone B,30.4,84.1
2025-10-23,Chilli,Zone A,51.95,71.3
2025-10-23,Chilli,Zone B,54.6,64.4
2025-10-23,Grapes,Zone A,132.32,88.1
2025-10-23,Grapes,Zone B,126.54,81.0
2025-10-23,Apple,Zone A,122.48,31.8
2025-10-23,Apple,Zone B,118.04,95.7
2025-10-23,Banana,Zone A,43.58,48.0
2025-10-23,Banana,Zone B,42.09,24.3
2025-10-23,Strawberry,Zone A,220.31,99.6
2025-10-23,Strawberry,Zone B,222.82,22.3
2025-10-24,Tomato,Zone A,21.43,72.0
2025-10-24,Tomato,Zone B,21.35,31.0
2025-10-24,Onion,Zone A,45.2,75.7
2025-10-24,Onion,Zone B,42.77,76.4
2025-10-24,Potato,Zone A,23.89,26.3
2025-10-24,Potato,Zone B,24.39,86.8
2025-10-24,Garlic,Zone A,205.23,62.2
2025-10-24,Garlic,Zone B,195.29,43.0
2025-10-24,Ginger,Zone A,68.98,53.6
2025-10-24,Ginger,Zone B,73.25,56.6
2025-10-24,Capsicum,Zone A,39.69,67.7
2025-10-24,Capsicum,Zone B,36.96,61.2
2025-10-24,Cauliflower,Zone A,28.39,54.3
2025-10-24,Cauliflower,Zone B,29.49,39.2
2025-10-24,Chilli,Zone A,55.26,26.8
2025-10-24,Chilli,Zone B,56.61,25.4
2025-10-24,Grapes,Zone A,138.15,99.1
2025-10-24,Grapes,Zone B,138.67,51.2
2025-10-24,Apple,Zone A,124.41,98.5
2025-10-24,Apple,Zone B,120.65,21.3
2025-10-24,Banana,Zone A,45.72,78.6
2025-10-24,Banana,Zone B,46.77,81.7
2025-10-24,Strawberry,Zone A,230.34,23.5
2025-10-24,Strawberry,Zone B,234.33,85.1
2025-10-25,Tomato,Zone A,19.78,57.2
2025-10-25,Tomato,Zone B,19.65,70.5
2025-10-25,Onion,Zone A,44.78,82.1
2025-10-25,Onion,Zone B,46.24,43.5
2025-10-25,Potato,Zone A,23.29,23.4
2025-10-25,Potato,Zone B,24.69,61.2
2025-10-25,Garlic,Zone A,216.39,40.3
2025-10-25,Garlic,Zone B,220.02,35.3
2025-10-25,Ginger,Zone A,73.94,89.3
2025-10-25,Ginger,Zone B,71.35,30.0
2025-10-25,Capsicum,Zone A,40.7,79.5
2025-10-25,Capsicum,Zone B,40.72,50.9
2025-10-25,Cauliflower,Zone A,31.41,59.8
2025-10-25,Cauliflower,Zone B,32.49,61.5
2025-10-25,Chilli,Zone A,57.69,26.3
2025-10-25,Chilli,Zone B,57.12,85.8
2025-10-25,Grapes,Zone A,136.52,26.4
2025-10-25,Grapes,Zone B,140.28,44.5
2025-10-25,Apple,Zone A,125.31,75.2
2025-10-25,Apple,Zone B,124.56,23.4
2025-10-25,Banana,Zone A,46.11,99.9
2025-10-25,Banana,Zone B,45.82,98.4
2025-10-25,Strawberry,Zone A,232.93,71.0
2025-10-25,Strawberry,Zone B,238.49,84.1
2025-10-26,Tomato,Zone A,21.1,31.4
2025-10-26,Tomato,Zone B,20.53,82.5
2025-10-26,Onion,Zone A,41.42,82.3
2025-10-26,Onion,Zone B,42.45,50.6
2025-10-26,Potato,Zone A,25.38,74.3
2025-10-26,Potato,Zone B,26.07,49.8
2025-10-26,Garlic,Zone A,209.65,62.4
2025-10-26,Garlic,Zone B,206.72,72.0
2025-10-26,Ginger,Zone A,68.68,78.9
2025-10-26,Ginger,Zone B,70.86,51.0
2025-10-26,Capsicum,Zone A,39.48,40.8
2025-10-26,Capsicum,Zone B,40.07,99.7
2025-10-26,Cauliflower,Zone A,30.33,59.3
2025-10-26,Cauliflower,Zone B,28.47,88.2
2025-10-26,Chilli,Zone A,56.48,55.6
2025-10-26,Chilli,Zone B,52.93,74.6
2025-10-26,Grapes,Zone A,143.01,47.8
2025-10-26,Grapes,Zone B,140.05,63.4
2025-10-26,Apple,Zone A,136.28,76.9
2025-10-26,Apple,Zone B,137.09,71.0
2025-10-26,Banana,Zone A,46.35,29.7
2025-10-26,Banana,Zone B,45.21,31.1
2025-10-26,Strawberry,Zone A,226.53,64.3
2025-10-26,Strawberry,Zone B,232.98,84.3
2025-10-27,Tomato,Zone A,20.28,26.9
2025-10-27,Tomato,Zone B,19.8,100.0
2025-10-27,Onion,Zone A,46.08,81.5
2025-10-27,Onion,Zone B,47.17,25.9
2025-10-27,Potato,Zone A,26.48,56.0
2025-10-27,Potato,Zone B,26.56,47.6
2025-10-27,Garlic,Zone A,216.85,71.2
2025-10-27,Garlic,Zone B,206.7,97.3
2025-10-27,Ginger,Zone A,75.75,24.4
2025-10-27,Ginger,Zone B,71.14,32.2
2025-10-27,Capsicum,Zone A,38.11,76.7
2025-10-27,Capsicum,Zone B,38.18,95.3
2025-10-27,Cauliflower,Zone A,32.05,40.0
2025-10-27,Cauliflower,Zone B,31.52,64.1
2025-10-27,Chilli,Zone A,52.1,62.7
2025-10-27,Chilli,Zone B,52.95,33.5
2025-10-27,Grapes,Zone A,143.14,72.7
2025-10-27,Grapes,Zone B,149.81,68.4
2025-10-27,Apple,Zone A,132.13,86.0
2025-10-27,Apple,Zone B,126.5,23.6
2025-10-27,Banana,Zone A,45.92,72.1
2025-10-27,Banana,Zone B,46.61,53.3
2025-10-27,Strawberry,Zone A,229.97,70.2
2025-10-27,Strawberry,Zone B,226.13,96.5
2025-10-28,Tomato,Zone A,20.45,74.8
2025-10-28,Tomato,Zone B,19.64,25.8
2025-10-28,Onion,Zone A,42.81,58.7
2025-10-28,Onion,Zone B,42.0,68.5
2025-10-28,Potato,Zone A,24.96,78.7
2025-10-28,Potato,Zone B,25.24,98.0
2025-10-28,Garlic,Zone A,186.24,64.9
2025-10-28,Garlic,Zone B,185.46,57.3
2025-10-28,Ginger,Zone A,69.68,27.7
2025-10-28,Ginger,Zone B,69.92,50.7
2025-10-28,Capsicum,Zone A,39.65,89.2
2025-10-28,Capsicum,Zone B,39.36,46.2
2025-10-28,Cauliflower,Zone A,29.78,81.0
2025-10-28,Cauliflower,Zone B,30.23,61.2
2025-10-28,Chilli,Zone A,54.15,21.9
2025-10-28,Chilli,Zone B,56.95,60.4
2025-10-28,Grapes,Zone A,144.4,48.2
2025-10-28,Grapes,Zone B,142.45,59.6
2025-10-28,Apple,Zone A,133.99,57.6
2025-10-28,Apple,Zone B,132.74,87.8
2025-10-28,Banana,Zone A,46.06,78.2
2025-10-28,Banana,Zone B,45.63,49.3
2025-10-28,Strawberry,Zone A,222.67,35.6
2025-10-28,Strawberry,Zone B,222.36,25.9
2025-10-29,Tomato,Zone A,20.43,42.4
2025-10-29,Tomato,Zone B,20.79,74.4
2025-10-29,Onion,Zone A,44.93,51.5
2025-10-29,Onion,Zone B,44.31,47.1
2025-10-29,Potato,Zone A,26.63,35.9
2025-10-29,Potato,Zone B,26.12,60.0
2025-10-29,Garlic,Zone A,180.06,46.6
2025-10-29,Garlic,Zone B,185.06,56.6
2025-10-29,Ginger,Zone A,75.78,46.2
2025-10-29,Ginger,Zone B,76.37,33.0
2025-10-29,Capsicum,Zone A,42.77,43.9
2025-10-29,Capsicum,Zone B,41.41,86.3
2025-10-29,Cauliflower,Zone A,30.6,44.0
2025-10-29,Cauliflower,Zone B,30.86,49.5
2025-10-29,Chilli,Zone A,58.1,66.7
2025-10-29,Chilli,Zone B,57.28,78.0
2025-10-29,Grapes,Zone A,136.27,58.0
2025-10-29,Grapes,Zone B,146.93,82.6
2025-10-29,Apple,Zone A,130.77,77.7
2025-10-29,Apple,Zone B,130.83,33.6
2025-10-29,Banana,Zone A,46.02,87.3
2025-10-29,Banana,Zone B,44.3,74.5
2025-10-29,Strawberry,Zone A,215.6,28.8
2025-10-29,Strawberry,Zone B,200.13,45.1
2025-10-30,Tomato,Zone A,19.6,52.8
2025-10-30,Tomato,Zone B,19.73,93.6
2025-10-30,Onion,Zone A,47.56,25.0
2025-10-30,Onion,Zone B,45.33,36.6
2025-10-30,Potato,Zone A,24.88,62.0
2025-10-30,Potato,Zone B,24.2,33.9
2025-10-30,Garlic,Zone A,210.5,48.3
2025-10-30,Garlic,Zone B,217.83,77.7
2025-10-30,Ginger,Zone A,77.36,68.8
2025-10-30,Ginger,Zone B,74.31,39.7
2025-10-30,Capsicum,Zone A,39.35,97.8
2025-10-30,Capsicum,Zone B,39.58,43.1
2025-10-30,Cauliflower,Zone A,29.6,45.4
2025-10-30,Cauliflower,Zone B,28.77,94.7
2025-10-30,Chilli,Zone A,55.6,29.7
2025-10-30,Chilli,Zone B,57.42,50.4
2025-10-30,Grapes,Zone A,151.83,96.4
2025-10-30,Grapes,Zone B,151.67,43.2
2025-10-30,Apple,Zone A,121.01,47.7
2025-10-30,Apple,Zone B,118.42,40.5
2025-10-30,Banana,Zone A,43.84,63.1
2025-10-30,Banana,Zone B,46.46,75.7
2025-10-30,Strawberry,Zone A,213.9,66.9
2025-10-30,Strawberry,Zone B,207.58,73.6
2025-10-31,Tomato,Zone A,20.28,24.2
2025-10-31,Tomato,Zone B,19.92,77.4
2025-10-31,Onion,Zone A,44.14,20.4
2025-10-31,Onion,Zone B,43.38,94.3
2025-10-31,Potato,Zone A,25.63,90.3
2025-10-31,Potato,Zone B,24.72,36.0
2025-10-31,Garlic,Zone A,211.77,71.7
2025-10-31,Garlic,Zone B,221.86,27.2
2025-10-31,Ginger,Zone A,75.46,77.8
2025-10-31,Ginger,Zone B,77.88,93.1
2025-10-31,Capsicum,Zone A,39.88,34.1
2025-10-31,Capsicum,Zone B,40.0,99.8
2025-10-31,Cauliflower,Zone A,29.68,94.9
2025-10-31,Cauliflower,Zone B,30.79,94.1
2025-10-31,Chilli,Zone A,54.83,65.4
2025-10-31,Chilli,Zone B,55.28,98.6
2025-10-31,Grapes,Zone A,137.95,63.5
2025-10-31,Grapes,Zone B,132.7,95.1
2025-10-31,Apple,Zone A,131.31,35.4
2025-10-31,Apple,Zone B,127.57,33.0
2025-10-31,Banana,Zone A,43.94,34.9
2025-10-31,Banana,Zone B,45.66,83.3
2025-10-31,Strawberry,Zone A,232.12,34.0
2025-10-31,Strawberry,Zone B,233.92,91.8
2025-11-01,Tomato,Zone A,17.5,26.9
2025-11-01,Tomato,Zone B,17.72,34.8
2025-11-01,Onion,Zone A,34.21,39.8
2025-11-01,Onion,Zone B,34.04,38.8
2025-11-01,Potato,Zone A,26.57,44.2
2025-11-01,Potato,Zone B,26.09,20.9
2025-11-01,Garlic,Zone A,164.96,25.0
2025-11-01,Garlic,Zone B,157.5,44.5
2025-11-01,Ginger,Zone A,72.99,91.6
2025-11-01,Ginger,Zone B,74.16,44.9
2025-11-01,Capsicum,Zone A,31.73,43.6
2025-11-01,Capsicum,Zone B,30.99,37.5
2025-11-01,Cauliflower,Zone A,22.46,79.8
2025-11-01,Cauliflower,Zone B,23.3,53.3
2025-11-01,Chilli,Zone A,45.67,63.0
2025-11-01,Chilli,Zone B,46.38,37.5
2025-11-01,Grapes,Zone A,109.41,89.9
2025-11-01,Grapes,Zone B,103.64,55.7
2025-11-01,Apple,Zone A,147.89,65.1
2025-11-01,Apple,Zone B,147.69,63.8
2025-11-01,Banana,Zone A,45.29,32.0
2025-11-01,Banana,Zone B,44.41,61.6
2025-11-01,Strawberry,Zone A,169.01,66.7
2025-11-01,Strawberry,Zone B,167.43,60.8
2025-11-02,Tomato,Zone A,17.36,61.1
2025-11-02,Tomato,Zone B,17.37,24.6
2025-11-02,Onion,Zone A,37.78,77.9
2025-11-02,Onion,Zone B,36.56,85.3
2025-11-02,Potato,Zone A,25.77,23.6
2025-11-02,Potato,Zone B,25.3,25.1
2025-11-02,Garlic,Zone A,173.74,25.5
2025-11-02,Garlic,Zone B,173.73,22.5
2025-11-02,Ginger,Zone A,74.59,81.3
2025-11-02,Ginger,Zone B,75.81,71.7
2025-11-02,Capsicum,Zone A,33.8,50.6
2025-11-02,Capsicum,Zone B,33.48,92.5
2025-11-02,Cauliflower,Zone A,24.54,72.9
2025-11-02,Cauliflower,Zone B,24.27,72.3
2025-11-02,Chilli,Zone A,42.98,63.0
2025-11-02,Chilli,Zone B,44.22,78.2
2025-11-02,Grapes,Zone A,102.7,21.8
2025-11-02,Grapes,Zone B,105.22,73.9
2025-11-02,Apple,Zone A,151.05,85.9
2025-11-02,Apple,Zone B,147.62,47.7
2025-11-02,Banana,Zone A,45.53,78.0
2025-11-02,Banana,Zone B,42.63,84.8
2025-11-02,Strawberry,Zone A,182.35,90.7
2025-11-02,Strawberry,Zone B,171.63,36.5
2025-11-03,Tomato,Zone A,14.73,67.8
2025-11-03,Tomato,Zone B,15.55,23.9
2025-11-03,Onion,Zone A,38.45,38.7
2025-11-03,Onion,Zone B,37.87,89.1
2025-11-03,Potato,Zone A,23.9,43.1
2025-11-03,Potato,Zone B,24.49,78.5
2025-11-03,Garlic,Zone A,158.33,73.8
2025-11-03,Garlic,Zone B,154.85,44.1
2025-11-03,Ginger,Zone A,70.32,37.7
2025-11-03,Ginger,Zone B,68.33,24.9
2025-11-03,Capsicum,Zone A,36.78,92.9
2025-11-03,Capsicum,Zone B,36.05,54.2
2025-11-03,Cauliflower,Zone A,25.66,95.3
2025-11-03,Cauliflower,Zone B,25.07,82.9
2025-11-03,Chilli,Zone A,43.59,31.9
2025-11-03,Chilli,Zone B,43.45,80.4
2025-11-03,Grapes,Zone A,112.77,44.1
2025-11-03,Grapes,Zone B,111.53,84.5
2025-11-03,Apple,Zone A,157.0,97.4
2025-11-03,Apple,Zone B,156.94,30.7
2025-11-03,Banana,Zone A,42.8,71.7
2025-11-03,Banana,Zone B,45.32,87.8
2025-11-03,Strawberry,Zone A,175.77,35.2
2025-11-03,Strawberry,Zone B,169.47,73.9
2025-11-04,Tomato,Zone A,17.31,35.1
2025-11-04,Tomato,Zone B,17.16,77.9
2025-11-04,Onion,Zone A,37.46,89.6
2025-11-04,Onion,Zone B,37.02,96.6
2025-11-04,Potato,Zone A,24.62,97.0
2025-11-04,Potato,Zone B,23.06,100.0
2025-11-04,Garlic,Zone A,156.37,68.4
2025-11-04,Garlic,Zone B,155.89,93.2
2025-11-04,Ginger,Zone A,76.61,50.5
2025-11-04,Ginger,Zone B,75.15,48.7
2025-11-04,Capsicum,Zone A,31.6,59.8
2025-11-04,Capsicum,Zone B,30.56,98.5
2025-11-04,Cauliflower,Zone A,25.28,93.1
2025-11-04,Cauliflower,Zone B,24.36,53.1
2025-11-04,Chilli,Zone A,44.87,31.7
2025-11-04,Chilli,Zone B,45.01,94.8
2025-11-04,Grapes,Zone A,110.14,32.2
2025-11-04,Grapes,Zone B,109.36,50.4
2025-11-04,Apple,Zone A,154.99,72.4
2025-11-04,Apple,Zone B,157.29,40.6
2025-11-04,Banana,Zone A,48.18,71.3
2025-11-04,Banana,Zone B,46.41,33.5
2025-11-04,Strawberry,Zone A,180.41,77.6
2025-11-04,Strawberry,Zone B,185.14,93.4
2025-11-05,Tomato,Zone A,16.82,24.7
2025-11-05,Tomato,Zone B,16.01,87.7
2025-11-05,Onion,Zone A,40.67,81.1
2025-11-05,Onion,Zone B,39.85,87.4
2025-11-05,Potato,Zone A,24.73,20.7
2025-11-05,Potato,Zone B,24.34,49.9
2025-11-05,Garlic,Zone A,164.04,69.3
2025-11-05,Garlic,Zone B,161.67,59.0
2025-11-05,Ginger,Zone A,67.87,20.9
2025-11-05,Ginger,Zone B,67.75,42.0
2025-11-05,Capsicum,Zone A,34.48,85.1
2025-11-05,Capsicum,Zone B,36.36,84.5
2025-11-05,Cauliflower,Zone A,25.76,27.7
2025-11-05,Cauliflower,Zone B,25.85,35.4
2025-11-05,Chilli,Zone A,46.74,41.4
2025-11-05,Chilli,Zone B,45.22,49.8
2025-11-05,Grapes,Zone A,109.53,99.2
2025-11-05,Grapes,Zone B,106.58,74.7
2025-11-05,Apple,Zone A,157.13,88.7
2025-11-05,Apple,Zone B,158.44,27.5
2025-11-05,Banana,Zone A,44.64,24.5
2025-11-05,Banana,Zone B,42.71,33.7
2025-11-05,Strawberry,Zone A,179.05,82.8
2025-11-05,Strawberry,Zone B,180.95,88.6
2025-11-06,Tomato,Zone A,15.32,23.4
2025-11-06,Tomato,Zone B,14.93,89.4
2025-11-06,Onion,Zone A,39.66,23.7
2025-11-06,Onion,Zone B,38.39,94.0
2025-11-06,Potato,Zone A,26.13,22.6
2025-11-06,Potato,Zone B,26.89,45.2
2025-11-06,Garlic,Zone A,168.55,80.2
2025-11-06,Garlic,Zone B,170.23,51.9
2025-11-06,Ginger,Zone A,66.69,39.2
2025-11-06,Ginger,Zone B,70.37,51.1
2025-11-06,Capsicum,Zone A,34.9,80.4
2025-11-06,Capsicum,Zone B,34.36,99.1
2025-11-06,Cauliflower,Zone A,25.76,97.9
2025-11-06,Cauliflower,Zone B,24.84,55.0
2025-11-06,Chilli,Zone A,47.55,81.5
2025-11-06,Chilli,Zone B,49.92,51.7
2025-11-06,Grapes,Zone A,108.76,41.9
2025-11-06,Grapes,Zone B,117.46,59.2
2025-11-06,Apple,Zone A,153.05,54.5
2025-11-06,Apple,Zone B,149.96,72.9
2025-11-06,Banana,Zone A,43.54,83.8
2025-11-06,Banana,Zone B,43.87,26.6
2025-11-06,Strawberry,Zone A,176.72,70.7
2025-11-06,Strawberry,Zone B,177.11,45.3
2025-11-07,Tomato,Zone A,14.71,44.7
2025-11-07,Tomato,Zone B,15.15,41.6
2025-11-07,Onion,Zone A,33.78,55.9
2025-11-07,Onion,Zone B,34.8,52.6
2025-11-07,Potato,Zone A,23.54,27.4
2025-11-07,Potato,Zone B,24.0,46.0
2025-11-07,Garlic,Zone A,155.53,51.0
2025-11-07,Garlic,Zone B,152.91,92.1
2025-11-07,Ginger,Zone A,82.77,65.8
2025-11-07,Ginger,Zone B,77.61,50.5
2025-11-07,Capsicum,Zone A,30.34,59.4
2025-11-07,Capsicum,Zone B,29.76,54.8
2025-11-07,Cauliflower,Zone A,24.36,26.2
2025-11-07,Cauliflower,Zone B,23.91,39.7
2025-11-07,Chilli,Zone A,46.75,35.6
2025-11-07,Chilli,Zone B,44.95,44.4
2025-11-07,Grapes,Zone A,113.39,69.6
2025-11-07,Grapes,Zone B,117.73,46.4
2025-11-07,Apple,Zone A,151.24,88.8
2025-11-07,Apple,Zone B,153.12,30.9
2025-11-07,Banana,Zone A,45.77,36.1
2025-11-07,Banana,Zone B,43.54,97.2
2025-11-07,Strawberry,Zone A,185.29,75.6
2025-11-07,Strawberry,Zone B,188.3,66.1
2025-11-08,Tomato,Zone A,15.57,85.3
2025-11-08,Tomato,Zone B,15.59,29.1
2025-11-08,Onion,Zone A,37.83,63.7
2025-11-08,Onion,Zone B,38.1,64.0
2025-11-08,Potato,Zone A,26.05,76.7
2025-11-08,Potato,Zone B,26.0,43.3
2025-11-08,Garlic,Zone A,167.25,83.7
2025-11-08,Garlic,Zone B,161.9,59.9
2025-11-08,Ginger,Zone A,74.48,72.7
2025-11-08,Ginger,Zone B,77.36,83.1
2025-11-08,Capsicum,Zone A,31.64,58.3
2025-11-08,Capsicum,Zone B,30.2,60.5
2025-11-08,Cauliflower,Zone A,27.05,63.5
2025-11-08,Cauliflower,Zone B,27.26,48.8
2025-11-08,Chilli,Zone A,48.78,71.1
2025-11-08,Chilli,Zone B,47.02,81.5
2025-11-08,Grapes,Zone A,110.44,71.8
2025-11-08,Grapes,Zone B,107.66,98.7
2025-11-08,Apple,Zone A,151.44,80.2
2025-11-08,Apple,Zone B,158.35,54.4
2025-11-08,Banana,Zone A,41.97,60.9
2025-11-08,Banana,Zone B,42.86,66.4
2025-11-08,Strawberry,Zone A,180.57,51.3
2025-11-08,Strawberry,Zone B,185.31,67.1
2025-11-09,Tomato,Zone A,16.3,22.0
2025-11-09,Tomato,Zone B,15.98,53.3
2025-11-09,Onion,Zone A,39.01,95.3
2025-11-09,Onion,Zone B,39.09,45.0
2025-11-09,Potato,Zone A,24.3,58.6
2025-11-09,Potato,Zone B,24.84,55.1
2025-11-09,Garlic,Zone A,160.78,44.0
2025-11-09,Garlic,Zone B,167.2,29.2
2025-11-09,Ginger,Zone A,79.9,74.2
2025-11-09,Ginger,Zone B,76.84,98.7
2025-11-09,Capsicum,Zone A,30.64,32.8
2025-11-09,Capsicum,Zone B,31.61,96.7
2025-11-09,Cauliflower,Zone A,23.36,34.8
2025-11-09,Cauliflower,Zone B,23.81,54.6
2025-11-09,Chilli,Zone A,41.87,35.8
2025-11-09,Chilli,Zone B,41.8,51.1
2025-11-09,Grapes,Zone A,109.61,80.2
2025-11-09,Grapes,Zone B,115.02,25.0
2025-11-09,Apple,Zone A,148.31,35.0
2025-11-09,Apple,Zone B,142.02,56.6
2025-11-09,Banana,Zone A,45.21,62.2
2025-11-09,Banana,Zone B,44.42,67.8
2025-11-09,Strawberry,Zone A,183.27,47.8
2025-11-09,Strawberry,Zone B,187.03,69.4
2025-11-10,Tomato,Zone A,17.73,43.8
2025-11-10,Tomato,Zone B,17.6,26.8
2025-11-10,Onion,Zone A,33.59,44.4
2025-11-10,Onion,Zone B,33.78,75.5
2025-11-10,Potato,Zone A,24.86,31.0
2025-11-10,Potato,Zone B,24.79,34.9
2025-11-10,Garlic,Zone A,164.68,71.6
2025-11-10,Garlic,Zone B,168.65,64.4
2025-11-10,Ginger,Zone A,71.98,45.2
2025-11-10,Ginger,Zone B,73.82,24.3
2025-11-10,Capsicum,Zone A,30.89,30.9
2025-11-10,Capsicum,Zone B,32.97,97.1
2025-11-10,Cauliflower,Zone A,24.76,74.8
2025-11-10,Cauliflower,Zone B,24.61,87.2
2025-11-10,Chilli,Zone A,43.77,22.5
2025-11-10,Chilli,Zone B,46.23,43.4
2025-11-10,Grapes,Zone A,107.85,33.5
2025-11-10,Grapes,Zone B,107.16,79.4
2025-11-10,Apple,Zone A,154.6,29.1
2025-11-10,Apple,Zone B,149.24,82.0
2025-11-10,Banana,Zone A,45.96,85.8
2025-11-10,Banana,Zone B,44.75,77.5
2025-11-10,Strawberry,Zone A,187.92,28.2
2025-11-10,Strawberry,Zone B,185.61,80.1
2025-11-11,Tomato,Zone A,16.53,56.0
2025-11-11,Tomato,Zone B,15.7,85.3
2025-11-11,Onion,Zone A,38.16,82.1
2025-11-11,Onion,Zone B,35.94,84.9
2025-11-11,Potato,Zone A,24.92,76.9
2025-11-11,Potato,Zone B,25.49,33.3
2025-11-11,Garlic,Zone A,150.61,36.6
2025-11-11,Garlic,Zone B,148.79,48.1
2025-11-11,Ginger,Zone A,71.52,45.9
2025-11-11,Ginger,Zone B,72.46,43.1
2025-11-11,Capsicum,Zone A,32.51,98.8
2025-11-11,Capsicum,Zone B,32.06,27.6
2025-11-11,Cauliflower,Zone A,27.45,93.5
2025-11-11,Cauliflower,Zone B,27.89,89.4
2025-11-11,Chilli,Zone A,43.54,40.0
2025-11-11,Chilli,Zone B,43.01,86.3
2025-11-11,Grapes,Zone A,114.47,59.2
2025-11-11,Grapes,Zone B,113.58,41.5
2025-11-11,Apple,Zone A,148.14,70.7
2025-11-11,Apple,Zone B,153.24,27.4
2025-11-11,Banana,Zone A,44.27,94.9
2025-11-11,Banana,Zone B,44.6,96.0
2025-11-11,Strawberry,Zone A,169.85,81.9
2025-11-11,Strawberry,Zone B,180.18,78.5
2025-11-12,Tomato,Zone A,16.59,48.7
2025-11-12,Tomato,Zone B,15.8,62.8
2025-11-12,Onion,Zone A,35.02,36.9
2025-11-12,Onion,Zone B,34.57,86.3
2025-11-12,Potato,Zone A,24.75,65.3
2025-11-12,Potato,Zone B,24.57,47.5
2025-11-12,Garlic,Zone A,157.03,28.0
2025-11-12,Garlic,Zone B,166.62,56.8
2025-11-12,Ginger,Zone A,71.16,55.3
2025-11-12,Ginger,Zone B,66.41,96.6
2025-11-12,Capsicum,Zone A,31.68,30.6
2025-11-12,Capsicum,Zone B,31.59,32.7
2025-11-12,Cauliflower,Zone A,26.21,72.4
2025-11-12,Cauliflower,Zone B,26.16,49.7
2025-11-12,Chilli,Zone A,47.4,51.7
2025-11-12,Chilli,Zone B,47.95,76.0
2025-11-12,Grapes,Zone A,108.41,76.3
2025-11-12,Grapes,Zone B,102.8,58.1
2025-11-12,Apple,Zone A,141.33,74.4
2025-11-12,Apple,Zone B,138.82,75.6
2025-11-12,Banana,Zone A,48.24,53.8
2025-11-12,Banana,Zone B,45.06,25.7
2025-11-12,Strawberry,Zone A,181.18,28.2
2025-11-12,Strawberry,Zone B,175.24,90.5
2025-11-13,Tomato,Zone A,15.75,80.3
2025-11-13,Tomato,Zone B,14.96,99.4
2025-11-13,Onion,Zone A,34.8,20.7
2025-11-13,Onion,Zone B,35.13,55.2
2025-11-13,Potato,Zone A,25.82,32.1
2025-11-13,Potato,Zone B,25.38,74.9
2025-11-13,Garlic,Zone A,160.28,28.0
2025-11-13,Garlic,Zone B,169.11,67.2
2025-11-13,Ginger,Zone A,75.38,45.2
2025-11-13,Ginger,Zone B,70.59,42.2
2025-11-13,Capsicum,Zone A,30.64,68.0
2025-11-13,Capsicum,Zone B,30.77,82.3
2025-11-13,Cauliflower,Zone A,26.32,72.7
2025-11-13,Cauliflower,Zone B,25.2,61.4
2025-11-13,Chilli,Zone A,46.35,43.6
2025-11-13,Chilli,Zone B,43.83,91.8
2025-11-13,Grapes,Zone A,114.95,29.0
2025-11-13,Grapes,Zone B,115.0,67.5
2025-11-13,Apple,Zone A,156.17,99.0
2025-11-13,Apple,Zone B,155.65,30.6
2025-11-13,Banana,Zone A,46.88,49.2
2025-11-13,Banana,Zone B,47.31,81.0
2025-11-13,Strawberry,Zone A,192.25,21.3
2025-11-13,Strawberry,Zone B,181.67,41.0
2025-11-14,Tomato,Zone A,14.59,83.1
2025-11-14,Tomato,Zone B,15.13,70.3
2025-11-14,Onion,Zone A,36.88,76.1
2025-11-14,Onion,Zone B,35.89,62.9
2025-11-14,Potato,Zone A,24.84,44.8
2025-11-14,Potato,Zone B,25.31,36.3
2025-11-14,Garlic,Zone A,165.41,51.3
2025-11-14,Garlic,Zone B,166.7,86.8
2025-11-14,Ginger,Zone A,74.03,75.9
2025-11-14,Ginger,Zone B,78.11,87.7
2025-11-14,Capsicum,Zone A,29.34,54.8
2025-11-14,Capsicum,Zone B,30.23,68.7
2025-11-14,Cauliflower,Zone A,24.35,79.3
2025-11-14,Cauliflower,Zone B,23.16,76.6
2025-11-14,Chilli,Zone A,45.77,96.2
2025-11-14,Chilli,Zone B,47.12,82.6
2025-11-14,Grapes,Zone A,109.43,30.2
2025-11-14,Grapes,Zone B,114.96,41.5
2025-11-14,Apple,Zone A,159.18,22.3
2025-11-14,Apple,Zone B,159.62,41.8
2025-11-14,Banana,Zone A,43.77,66.1
2025-11-14,Banana,Zone B,41.58,56.4
2025-11-14,Strawberry,Zone A,177.48,65.4
2025-11-14,Strawberry,Zone B,175.6,40.4
2025-11-15,Tomato,Zone A,15.4,77.8
2025-11-15,Tomato,Zone B,14.98,60.7
2025-11-15,Onion,Zone A,35.04,39.6
2025-11-15,Onion,Zone B,33.97,50.6
2025-11-15,Potato,Zone A,24.96,88.6
2025-11-15,Potato,Zone B,24.23,93.1
2025-11-15,Garlic,Zone A,162.79,45.7
2025-11-15,Garlic,Zone B,162.75,77.6
2025-11-15,Ginger,Zone A,68.76,49.8
2025-11-15,Ginger,Zone B,71.17,92.2
2025-11-15,Capsicum,Zone A,31.83,98.5
2025-11-15,Capsicum,Zone B,32.2,25.5
2025-11-15,Cauliflower,Zone A,24.16,87.6
2025-11-15,Cauliflower,Zone B,24.25,64.2
2025-11-15,Chilli,Zone A,40.33,65.1
2025-11-15,Chilli,Zone B,40.67,69.8
2025-11-15,Grapes,Zone A,110.41,59.5
2025-11-15,Grapes,Zone B,111.99,35.6
2025-11-15,Apple,Zone A,159.26,39.6
2025-11-15,Apple,Zone B,149.85,52.8
2025-11-15,Banana,Zone A,43.26,87.2
2025-11-15,Banana,Zone B,45.12,96.1
2025-11-15,Strawberry,Zone A,173.18,87.9
2025-11-15,Strawberry,Zone B,174.14,28.3
2025-11-16,Tomato,Zone A,16.24,59.4
2025-11-16,Tomato,Zone B,16.01,99.8
2025-11-16,Onion,Zone A,37.3,93.7
2025-11-16,Onion,Zone B,39.78,61.6
2025-11-16,Potato,Zone A,25.24,98.0
2025-11-16,Potato,Zone B,24.66,27.6
2025-11-16,Garlic,Zone A,158.08,26.0
2025-11-16,Garlic,Zone B,154.97,54.8
2025-11-16,Ginger,Zone A,78.82,40.9
2025-11-16,Ginger,Zone B,79.33,84.1
2025-11-16,Capsicum,Zone A,34.85,45.4
2025-11-16,Capsicum,Zone B,33.58,26.0
2025-11-16,Cauliflower,Zone A,23.94,66.8
2025-11-16,Cauliflower,Zone B,22.77,33.1
2025-11-16,Chilli,Zone A,44.76,62.9
2025-11-16,Chilli,Zone B,46.77,36.6
2025-11-16,Grapes,Zone A,105.86,29.6
2025-11-16,Grapes,Zone B,104.94,74.9
2025-11-16,Apple,Zone A,157.34,23.2
2025-11-16,Apple,Zone B,159.06,46.2
2025-11-16,Banana,Zone A,42.29,48.5
2025-11-16,Banana,Zone B,43.21,74.2
2025-11-16,Strawberry,Zone A,182.58,22.5
2025-11-16,Strawberry,Zone B,174.34,56.2
2025-11-17,Tomato,Zone A,16.9,57.0
2025-11-17,Tomato,Zone B,17.66,31.2
2025-11-17,Onion,Zone A,34.72,98.6
2025-11-17,Onion,Zone B,32.83,85.9
2025-11-17,Potato,Zone A,24.94,71.6
2025-11-17,Potato,Zone B,24.84,40.7
2025-11-17,Garlic,Zone A,158.69,25.2
2025-11-17,Garlic,Zone B,170.32,55.5
2025-11-17,Ginger,Zone A,71.48,86.3
2025-11-17,Ginger,Zone B,68.31,23.4
2025-11-17,Capsicum,Zone A,31.9,65.9
2025-11-17,Capsicum,Zone B,33.61,51.6
2025-11-17,Cauliflower,Zone A,22.96,33.8
2025-11-17,Cauliflower,Zone B,22.12,35.0
2025-11-17,Chilli,Zone A,44.89,22.8
2025-11-17,Chilli,Zone B,43.97,39.7
2025-11-17,Grapes,Zone A,106.99,64.1
2025-11-17,Grapes,Zone B,103.96,42.4
2025-11-17,Apple,Zone A,141.08,90.8
2025-11-17,Apple,Zone B,144.86,70.5
2025-11-17,Banana,Zone A,47.45,99.2
2025-11-17,Banana,Zone B,47.41,48.7
2025-11-17,Strawberry,Zone A,180.58,93.0
2025-11-17,Strawberry,Zone B,180.84,51.1
2025-11-18,Tomato,Zone A,15.31,37.5
2025-11-18,Tomato,Zone B,16.03,82.3
2025-11-18,Onion,Zone A,35.49,62.4
2025-11-18,Onion,Zone B,34.87,100.0
2025-11-18,Potato,Zone A,25.35,72.5
2025-11-18,Potato,Zone B,25.7,85.3
2025-11-18,Garlic,Zone A,160.75,99.7
2025-11-18,Garlic,Zone B,162.93,87.7
2025-11-18,Ginger,Zone A,77.36,87.1
2025-11-18,Ginger,Zone B,80.43,34.1
2025-11-18,Capsicum,Zone A,34.38,75.8
2025-11-18,Capsicum,Zone B,34.67,22.3
2025-11-18,Cauliflower,Zone A,26.57,65.1
2025-11-18,Cauliflower,Zone B,25.78,35.1
2025-11-18,Chilli,Zone A,50.91,59.4
2025-11-18,Chilli,Zone B,48.65,59.2
2025-11-18,Grapes,Zone A,103.24,37.5
2025-11-18,Grapes,Zone B,105.72,20.1
2025-11-18,Apple,Zone A,152.54,30.4
2025-11-18,Apple,Zone B,158.98,93.5
2025-11-18,Banana,Zone A,45.89,21.8
2025-11-18,Banana,Zone B,46.87,93.4
2025-11-18,Strawberry,Zone A,190.06,88.9
2025-11-18,Strawberry,Zone B,191.75,49.9
2025-11-19,Tomato,Zone A,17.68,28.1
2025-11-19,Tomato,Zone B,17.54,30.9
2025-11-19,Onion,Zone A,36.06,83.3
2025-11-19,Onion,Zone B,36.1,71.9
2025-11-19,Potato,Zone A,25.09,75.5
2025-11-19,Potato,Zone B,25.02,83.0
2025-11-19,Garlic,Zone A,156.68,34.0
2025-11-19,Garlic,Zone B,153.17,75.1
2025-11-19,Ginger,Zone A,70.49,95.9
2025-11-19,Ginger,Zone B,71.7,51.3
2025-11-19,Capsicum,Zone A,37.3,22.6
2025-11-19,Capsicum,Zone B,36.26,93.7
2025-11-19,Cauliflower,Zone A,26.25,65.2
2025-11-19,Cauliflower,Zone B,27.79,31.3
2025-11-19,Chilli,Zone A,46.41,98.6
2025-11-19,Chilli,Zone B,46.14,90.8
2025-11-19,Grapes,Zone A,107.24,71.1
2025-11-19,Grapes,Zone B,108.74,55.7
2025-11-19,Apple,Zone A,143.54,25.4
2025-11-19,Apple,Zone B,143.63,28.6
2025-11-19,Banana,Zone A,42.37,78.6
2025-11-19,Banana,Zone B,44.36,90.8
2025-11-19,Strawberry,Zone A,178.13,63.7
2025-11-19,Strawberry,Zone B,174.14,58.4
2025-11-20,Tomato,Zone A,17.8,75.0
2025-11-20,Tomato,Zone B,17.12,25.9
2025-11-20,Onion,Zone A,38.81,45.5
2025-11-20,Onion,Zone B,40.88,25.9
2025-11-20,Potato,Zone A,23.93,78.6
2025-11-20,Potato,Zone B,24.27,91.8
2025-11-20,Garlic,Zone A,154.64,69.1
2025-11-20,Garlic,Zone B,153.28,22.5
2025-11-20,Ginger,Zone A,78.07,91.2
2025-11-20,Ginger,Zone B,78.02,28.1
2025-11-20,Capsicum,Zone A,30.46,75.8
2025-11-20,Capsicum,Zone B,31.79,78.4
2025-11-20,Cauliflower,Zone A,23.28,39.0
2025-11-20,Cauliflower,Zone B,22.84,65.7
2025-11-20,Chilli,Zone A,46.84,48.9
2025-11-20,Chilli,Zone B,47.9,43.6
2025-11-20,Grapes,Zone A,112.68,36.0
2025-11-20,Grapes,Zone B,107.54,33.7
2025-11-20,Apple,Zone A,141.96,87.5
2025-11-20,Apple,Zone B,144.63,51.8
2025-11-20,Banana,Zone A,45.53,27.3
2025-11-20,Banana,Zone B,45.11,34.8
2025-11-20,Strawberry,Zone A,184.99,55.7
2025-11-20,Strawberry,Zone B,183.4,57.2
2025-11-21,Tomato,Zone A,15.39,24.9
2025-11-21,Tomato,Zone B,16.0,73.4
2025-11-21,Onion,Zone A,33.9,63.3
2025-11-21,Onion,Zone B,35.62,67.2
2025-11-21,Potato,Zone A,25.82,85.5
2025-11-21,Potato,Zone B,24.97,62.8
2025-11-21,Garlic,Zone A,165.54,90.5
2025-11-21,Garlic,Zone B,165.56,26.3
2025-11-21,Ginger,Zone A,81.05,60.2
2025-11-21,Ginger,Zone B,82.24,84.0
2025-11-21,Capsicum,Zone A,34.39,29.6
2025-11-21,Capsicum,Zone B,34.77,33.8
2025-11-21,Cauliflower,Zone A,27.95,84.7
2025-11-21,Cauliflower,Zone B,26.12,53.9
2025-11-21,Chilli,Zone A,49.15,99.8
2025-11-21,Chilli,Zone B,49.91,86.7
2025-11-21,Grapes,Zone A,110.86,93.1
2025-11-21,Grapes,Zone B,103.62,51.0
2025-11-21,Apple,Zone A,146.4,42.1
2025-11-21,Apple,Zone B,147.96,89.9
2025-11-21,Banana,Zone A,46.75,61.8
2025-11-21,Banana,Zone B,45.99,53.2
2025-11-21,Strawberry,Zone A,174.89,80.7
2025-11-21,Strawberry,Zone B,179.78,94.0
2025-11-22,Tomato,Zone A,16.16,42.9
2025-11-22,Tomato,Zone B,16.74,47.5
2025-11-22,Onion,Zone A,36.18,58.8
2025-11-22,Onion,Zone B,36.84,23.0
2025-11-22,Potato,Zone A,23.74,68.7
2025-11-22,Potato,Zone B,24.82,23.1
2025-11-22,Garlic,Zone A,163.99,39.0
2025-11-22,Garlic,Zone B,169.5,93.7
2025-11-22,Ginger,Zone A,76.55,85.4
2025-11-22,Ginger,Zone B,78.36,42.4
2025-11-22,Capsicum,Zone A,33.47,27.9
2025-11-22,Capsicum,Zone B,33.92,30.8
2025-11-22,Cauliflower,Zone A,26.76,86.1
2025-11-22,Cauliflower,Zone B,26.39,53.3
2025-11-22,Chilli,Zone A,45.41,36.9
2025-11-22,Chilli,Zone B,47.78,79.3
2025-11-22,Grapes,Zone A,116.17,85.7
2025-11-22,Grapes,Zone B,112.99,32.7
2025-11-22,Apple,Zone A,147.25,30.9
2025-11-22,Apple,Zone B,151.3,90.3
2025-11-22,Banana,Zone A,41.83,86.6
2025-11-22,Banana,Zone B,44.04,40.0
2025-11-22,Strawberry,Zone A,185.21,76.4
2025-11-22,Strawberry,Zone B,175.98,85.9
2025-11-23,Tomato,Zone A,16.69,29.9
2025-11-23,Tomato,Zone B,15.9,49.8
2025-11-23,Onion,Zone A,36.79,89.6
2025-11-23,Onion,Zone B,38.02,48.0
2025-11-23,Potato,Zone A,24.92,79.9
2025-11-23,Potato,Zone B,24.52,42.8
2025-11-23,Garlic,Zone A,153.92,65.8
2025-11-23,Garlic,Zone B,164.07,88.6
2025-11-23,Ginger,Zone A,77.32,41.5
2025-11-23,Ginger,Zone B,75.69,21.6
2025-11-23,Capsicum,Zone A,35.42,20.7
2025-11-23,Capsicum,Zone B,35.82,71.8
2025-11-23,Cauliflower,Zone A,24.21,40.2
2025-11-23,Cauliflower,Zone B,25.82,44.4
2025-11-23,Chilli,Zone A,49.79,53.9
2025-11-23,Chilli,Zone B,48.74,47.9
2025-11-23,Grapes,Zone A,106.99,74.2
2025-11-23,Grapes,Zone B,110.06,51.8
2025-11-23,Apple,Zone A,144.17,73.0
2025-11-23,Apple,Zone B,147.99,49.9
2025-11-23,Banana,Zone A,46.06,43.9
2025-11-23,Banana,Zone B,44.23,25.1
2025-11-23,Strawberry,Zone A,190.91,88.9
2025-11-23,Strawberry,Zone B,185.18,76.9
2025-11-24,Tomato,Zone A,17.39,32.0
2025-11-24,Tomato,Zone B,18.05,92.0
2025-11-24,Onion,Zone A,40.13,68.0
2025-11-24,Onion,Zone B,39.69,74.5
2025-11-24,Potato,Zone A,25.87,99.8
2025-11-24,Potato,Zone B,25.06,53.5
2025-11-24,Garlic,Zone A,152.33,76.6
2025-11-24,Garlic,Zone B,159.12,35.2
2025-11-24,Ginger,Zone A,75.59,62.8
2025-11-24,Ginger,Zone B,79.07,92.5
2025-11-24,Capsicum,Zone A,34.05,87.6
2025-11-24,Capsicum,Zone B,34.96,90.1
2025-11-24,Cauliflower,Zone A,22.56,30.2
2025-11-24,Cauliflower,Zone B,22.86,84.7
2025-11-24,Chilli,Zone A,46.34,74.4
2025-11-24,Chilli,Zone B,46.92,27.1
2025-11-24,Grapes,Zone A,110.53,44.6
2025-11-24,Grapes,Zone B,110.91,46.5
2025-11-24,Apple,Zone A,144.0,88.1
2025-11-24,Apple,Zone B,146.06,89.3
2025-11-24,Banana,Zone A,46.99,25.7
2025-11-24,Banana,Zone B,46.79,60.0
2025-11-24,Strawberry,Zone A,184.85,43.9
2025-11-24,Strawberry,Zone B,179.96,88.3
2025-11-25,Tomato,Zone A,15.04,52.7
2025-11-25,Tomato,Zone B,15.5,92.5
2025-11-25,Onion,Zone A,36.3,77.3
2025-11-25,Onion,Zone B,37.66,59.0
2025-11-25,Potato,Zone A,24.67,70.8
2025-11-25,Potato,Zone B,24.32,41.9
2025-11-25,Garlic,Zone A,159.83,81.2
2025-11-25,Garlic,Zone B,164.04,81.1
2025-11-25,Ginger,Zone A,69.32,70.7
2025-11-25,Ginger,Zone B,68.16,97.2
2025-11-25,Capsicum,Zone A,31.11,36.0
2025-11-25,Capsicum,Zone B,31.97,21.1
2025-11-25,Cauliflower,Zone A,24.59,35.2
2025-11-25,Cauliflower,Zone B,24.29,70.1
2025-11-25,Chilli,Zone A,43.97,47.5
2025-11-25,Chilli,Zone B,42.02,50.7
2025-11-25,Grapes,Zone A,108.02,85.9
2025-11-25,Grapes,Zone B,109.18,43.3
2025-11-25,Apple,Zone A,154.6,47.0
2025-11-25,Apple,Zone B,158.18,99.6
2025-11-25,Banana,Zone A,45.71,48.7
2025-11-25,Banana,Zone B,43.19,95.8
2025-11-25,Strawberry,Zone A,186.08,38.3
2025-11-25,Strawberry,Zone B,190.94,30.5
2025-11-26,Tomato,Zone A,17.33,33.5
2025-11-26,Tomato,Zone B,17.02,72.0
2025-11-26,Onion,Zone A,35.03,40.5
2025-11-26,Onion,Zone B,34.1,23.9
2025-11-26,Potato,Zone A,26.58,72.3
2025-11-26,Potato,Zone B,25.23,75.2
2025-11-26,Garlic,Zone A,157.15,63.8
2025-11-26,Garlic,Zone B,158.34,32.3
2025-11-26,Ginger,Zone A,77.69,44.1
2025-11-26,Ginger,Zone B,77.88,73.0
2025-11-26,Capsicum,Zone A,31.89,31.0
2025-11-26,Capsicum,Zone B,32.46,28.4
2025-11-26,Cauliflower,Zone A,24.95,29.1
2025-11-26,Cauliflower,Zone B,24.92,35.9
2025-11-26,Chilli,Zone A,42.08,61.9
2025-11-26,Chilli,Zone B,41.87,76.3
2025-11-26,Grapes,Zone A,103.78,59.7
2025-11-26,Grapes,Zone B,105.23,94.6
2025-11-26,Apple,Zone A,141.59,73.7
2025-11-26,Apple,Zone B,152.26,86.8
2025-11-26,Banana,Zone A,44.48,27.2
2025-11-26,Banana,Zone B,45.8,77.9
2025-11-26,Strawberry,Zone A,169.45,38.5
2025-11-26,Strawberry,Zone B,179.58,43.7
2025-11-27,Tomato,Zone A,15.87,34.0
2025-11-27,Tomato,Zone B,15.79,43.2
2025-11-27,Onion,Zone A,38.57,79.1
2025-11-27,Onion,Zone B,37.89,80.7
2025-11-27,Potato,Zone A,24.54,73.1
2025-11-27,Potato,Zone B,23.24,48.6
2025-11-27,Garlic,Zone A,160.55,90.3
2025-11-27,Garlic,Zone B,153.83,85.2
2025-11-27,Ginger,Zone A,69.41,97.0
2025-11-27,Ginger,Zone B,68.69,50.9
2025-11-27,Capsicum,Zone A,35.95,71.9
2025-11-27,Capsicum,Zone B,35.94,29.0
2025-11-27,Cauliflower,Zone A,24.73,95.4
2025-11-27,Cauliflower,Zone B,24.93,53.3
2025-11-27,Chilli,Zone A,47.24,74.3
2025-11-27,Chilli,Zone B,44.95,50.4
2025-11-27,Grapes,Zone A,104.36,74.8
2025-11-27,Grapes,Zone B,111.38,97.9
2025-11-27,Apple,Zone A,149.32,29.0
2025-11-27,Apple,Zone B,143.43,23.7
2025-11-27,Banana,Zone A,43.27,76.4
2025-11-27,Banana,Zone B,44.55,81.4
2025-11-27,Strawberry,Zone A,182.32,98.2
2025-11-27,Strawberry,Zone B,183.84,47.1
2025-11-28,Tomato,Zone A,16.84,27.6
2025-11-28,Tomato,Zone B,16.78,39.9
2025-11-28,Onion,Zone A,36.59,50.8
2025-11-28,Onion,Zone B,37.06,64.7
2025-11-28,Potato,Zone A,25.29,71.5
2025-11-28,Potato,Zone B,25.5,87.9
2025-11-28,Garlic,Zone A,170.52,26.0
2025-11-28,Garlic,Zone B,165.52,39.3
2025-11-28,Ginger,Zone A,77.7,37.8
2025-11-28,Ginger,Zone B,81.52,52.3
2025-11-28,Capsicum,Zone A,31.31,84.1
2025-11-28,Capsicum,Zone B,31.28,88.5
2025-11-28,Cauliflower,Zone A,23.76,59.8
2025-11-28,Cauliflower,Zone B,24.81,28.2
2025-11-28,Chilli,Zone A,44.86,20.0
2025-11-28,Chilli,Zone B,43.19,68.3
2025-11-28,Grapes,Zone A,109.57,60.7
2025-11-28,Grapes,Zone B,108.7,73.7
2025-11-28,Apple,Zone A,155.04,24.3
2025-11-28,Apple,Zone B,153.28,56.4
2025-11-28,Banana,Zone A,45.7,57.9
2025-11-28,Banana,Zone B,45.84,77.3
2025-11-28,Strawberry,Zone A,176.64,37.7
2025-11-28,Strawberry,Zone B,170.86,86.4
2025-11-29,Tomato,Zone A,17.6,61.8
2025-11-29,Tomato,Zone B,18.18,23.7
2025-11-29,Onion,Zone A,33.86,77.3
2025-11-29,Onion,Zone B,35.48,28.6
2025-11-29,Potato,Zone A,24.65,94.4
2025-11-29,Potato,Zone B,25.06,56.6
2025-11-29,Garlic,Zone A,167.36,28.6
2025-11-29,Garlic,Zone B,163.38,94.1
2025-11-29,Ginger,Zone A,79.37,81.8
2025-11-29,Ginger,Zone B,78.49,72.7
2025-11-29,Capsicum,Zone A,34.69,59.9
2025-11-29,Capsicum,Zone B,35.82,23.9
2025-11-29,Cauliflower,Zone A,27.43,58.6
2025-11-29,Cauliflower,Zone B,26.73,93.7
2025-11-29,Chilli,Zone A,42.98,78.4
2025-11-29,Chilli,Zone B,41.44,51.0
2025-11-29,Grapes,Zone A,114.51,60.3
2025-11-29,Grapes,Zone B,110.08,98.4
2025-11-29,Apple,Zone A,159.52,41.9
2025-11-29,Apple,Zone B,162.03,97.6
2025-11-29,Banana,Zone A,43.47,53.0
2025-11-29,Banana,Zone B,45.5,79.9
2025-11-29,Strawberry,Zone A,179.22,88.9
2025-11-29,Strawberry,Zone B,179.37,94.8
2025-11-30,Tomato,Zone A,16.49,69.9
2025-11-30,Tomato,Zone B,16.61,47.6
2025-11-30,Onion,Zone A,39.76,72.0
2025-11-30,Onion,Zone B,39.69,60.3
2025-11-30,Potato,Zone A,25.12,29.2
2025-11-30,Potato,Zone B,25.18,58.4
2025-11-30,Garlic,Zone A,163.28,53.4
2025-11-30,Garlic,Zone B,164.33,87.3
2025-11-30,Ginger,Zone A,73.34,84.7
2025-11-30,Ginger,Zone B,71.49,22.0
2025-11-30,Capsicum,Zone A,31.29,36.0
2025-11-30,Capsicum,Zone B,31.49,32.9
2025-11-30,Cauliflower,Zone A,23.32,87.2
2025-11-30,Cauliflower,Zone B,24.15,43.6
2025-11-30,Chilli,Zone A,45.69,85.1
2025-11-30,Chilli,Zone B,45.96,89.4
2025-11-30,Grapes,Zone A,115.92,79.4
2025-11-30,Grapes,Zone B,113.19,39.0
2025-11-30,Apple,Zone A,157.95,43.0
2025-11-30,Apple,Zone B,156.29,94.1
2025-11-30,Banana,Zone A,46.12,98.1
2025-11-30,Banana,Zone B,43.83,64.2
2025-11-30,Strawberry,Zone A,167.83,69.6
2025-11-30,Strawberry,Zone B,175.08,89.6
2025-12-01,Tomato,Zone A,18.07,76.4
2025-12-01,Tomato,Zone B,17.7,80.4
2025-12-01,Onion,Zone A,37.75,82.1
2025-12-01,Onion,Zone B,38.83,43.5
2025-12-01,Potato,Zone A,24.55,35.0
2025-12-01,Potato,Zone B,23.56,61.1
2025-12-01,Garlic,Zone A,157.13,64.5
2025-12-01,Garlic,Zone B,153.36,66.7
2025-12-01,Ginger,Zone A,69.98,76.8
2025-12-01,Ginger,Zone B,68.98,32.3
2025-12-01,Capsicum,Zone A,30.79,94.6
2025-12-01,Capsicum,Zone B,32.23,73.0
2025-12-01,Cauliflower,Zone A,24.85,48.6
2025-12-01,Cauliflower,Zone B,25.27,45.4
2025-12-01,Chilli,Zone A,41.98,25.5
2025-12-01,Chilli,Zone B,43.08,53.3
2025-12-01,Grapes,Zone A,106.8,37.7
2025-12-01,Grapes,Zone B,107.88,46.6
2025-12-01,Apple,Zone A,144.58,80.2
2025-12-01,Apple,Zone B,148.27,99.7
2025-12-01,Banana,Zone A,48.24,20.7
2025-12-01,Banana,Zone B,47.08,55.7
2025-12-01,Strawberry,Zone A,160.87,69.7
2025-12-01,Strawberry,Zone B,165.27,74.6
2025-12-02,Tomato,Zone A,16.49,95.6
2025-12-02,Tomato,Zone B,15.82,63.2
2025-12-02,Onion,Zone A,36.83,85.8
2025-12-02,Onion,Zone B,35.3,84.2
2025-12-02,Potato,Zone A,23.96,91.9
2025-12-02,Potato,Zone B,24.25,61.1
2025-12-02,Garlic,Zone A,162.72,96.5
2025-12-02,Garlic,Zone B,167.68,20.6
2025-12-02,Ginger,Zone A,69.32,81.9
2025-12-02,Ginger,Zone B,70.38,53.9
2025-12-02,Capsicum,Zone A,30.72,76.2
2025-12-02,Capsicum,Zone B,31.79,82.0
2025-12-02,Cauliflower,Zone A,26.3,79.8
2025-12-02,Cauliflower,Zone B,24.71,56.7
2025-12-02,Chilli,Zone A,42.54,24.3
2025-12-02,Chilli,Zone B,45.02,64.6
2025-12-02,Grapes,Zone A,108.41,40.7
2025-12-02,Grapes,Zone B,109.83,70.4
2025-12-02,Apple,Zone A,143.24,73.9
2025-12-02,Apple,Zone B,149.41,71.3
2025-12-02,Banana,Zone A,46.46,66.8
2025-12-02,Banana,Zone B,46.26,25.8
2025-12-02,Strawberry,Zone A,155.01,83.0
2025-12-02,Strawberry,Zone B,157.51,26.9
2025-12-03,Tomato,Zone A,17.21,51.6
2025-12-03,Tomato,Zone B,17.52,57.9
2025-12-03,Onion,Zone A,36.26,51.3
2025-12-03,Onion,Zone B,38.24,63.7
2025-12-03,Potato,Zone A,25.41,74.2
2025-12-03,Potato,Zone B,27.02,83.6
2025-12-03,Garlic,Zone A,162.01,96.0
2025-12-03,Garlic,Zone B,164.37,64.4
2025-12-03,Ginger,Zone A,66.42,67.7
2025-12-03,Ginger,Zone B,69.37,95.8
2025-12-03,Capsicum,Zone A,32.46,92.3
2025-12-03,Capsicum,Zone B,31.43,53.0
2025-12-03,Cauliflower,Zone A,25.43,32.9
2025-12-03,Cauliflower,Zone B,24.84,86.8
2025-12-03,Chilli,Zone A,41.76,84.0
2025-12-03,Chilli,Zone B,44.06,88.1
2025-12-03,Grapes,Zone A,119.29,56.9
2025-12-03,Grapes,Zone B,115.21,43.3
2025-12-03,Apple,Zone A,138.9,78.0
2025-12-03,Apple,Zone B,143.36,46.5
2025-12-03,Banana,Zone A,43.87,28.0
2025-12-03,Banana,Zone B,43.74,92.0
2025-12-03,Strawberry,Zone A,143.01,69.3
2025-12-03,Strawberry,Zone B,141.35,66.7
2025-12-04,Tomato,Zone A,16.52,45.3
2025-12-04,Tomato,Zone B,16.6,20.4
2025-12-04,Onion,Zone A,34.62,79.2
2025-12-04,Onion,Zone B,35.23,87.2
2025-12-04,Potato,Zone A,24.53,90.2
2025-12-04,Potato,Zone B,24.01,48.7
2025-12-04,Garlic,Zone A,157.54,34.1
2025-12-04,Garlic,Zone B,158.23,87.3
2025-12-04,Ginger,Zone A,76.81,63.1
2025-12-04,Ginger,Zone B,77.59,90.9
2025-12-04,Capsicum,Zone A,29.42,21.5
2025-12-04,Capsicum,Zone B,30.48,22.5
2025-12-04,Cauliflower,Zone A,24.93,67.2
2025-12-04,Cauliflower,Zone B,25.93,64.1
2025-12-04,Chilli,Zone A,47.56,57.8
2025-12-04,Chilli,Zone B,46.74,49.3
2025-12-04,Grapes,Zone A,109.28,78.7
2025-12-04,Grapes,Zone B,105.17,57.2
2025-12-04,Apple,Zone A,148.92,60.2
2025-12-04,Apple,Zone B,152.11,87.8
2025-12-04,Banana,Zone A,46.8,33.3
2025-12-04,Banana,Zone B,46.43,55.7
2025-12-04,Strawberry,Zone A,144.86,72.8
2025-12-04,Strawberry,Zone B,145.07,78.9
2025-12-05,Tomato,Zone A,16.26,37.5
2025-12-05,Tomato,Zone B,16.43,25.0
2025-12-05,Onion,Zone A,34.92,36.5
2025-12-05,Onion,Zone B,37.43,48.9
2025-12-05,Potato,Zone A,24.83,23.7
2025-12-05,Potato,Zone B,25.88,45.9
2025-12-05,Garlic,Zone A,163.54,86.4
2025-12-05,Garlic,Zone B,167.63,41.1
2025-12-05,Ginger,Zone A,72.9,72.3
2025-12-05,Ginger,Zone B,74.04,72.3
2025-12-05,Capsicum,Zone A,35.06,50.1
2025-12-05,Capsicum,Zone B,36.15,61.3
2025-12-05,Cauliflower,Zone A,24.8,58.9
2025-12-05,Cauliflower,Zone B,24.05,68.3
2025-12-05,Chilli,Zone A,44.08,33.2
2025-12-05,Chilli,Zone B,43.85,71.5
2025-12-05,Grapes,Zone A,104.15,49.0
2025-12-05,Grapes,Zone B,108.68,29.5
2025-12-05,Apple,Zone A,149.59,77.6
2025-12-05,Apple,Zone B,145.74,58.3
2025-12-05,Banana,Zone A,42.51,86.7
2025-12-05,Banana,Zone B,42.03,23.5
2025-12-05,Strawberry,Zone A,146.4,70.4
2025-12-05,Strawberry,Zone B,144.94,65.8
2025-12-06,Tomato,Zone A,14.87,34.4
2025-12-06,Tomato,Zone B,15.72,67.9
2025-12-06,Onion,Zone A,36.11,77.6
2025-12-06,Onion,Zone B,38.04,42.7
2025-12-06,Potato,Zone A,23.87,99.4
2025-12-06,Potato,Zone B,24.67,33.6
2025-12-06,Garlic,Zone A,166.62,83.6
2025-12-06,Garlic,Zone B,169.52,34.6
2025-12-06,Ginger,Zone A,74.97,77.9
2025-12-06,Ginger,Zone B,75.44,56.3
2025-12-06,Capsicum,Zone A,32.82,50.8
2025-12-06,Capsicum,Zone B,32.49,36.2
2025-12-06,Cauliflower,Zone A,26.38,53.6
2025-12-06,Cauliflower,Zone B,25.63,27.7
2025-12-06,Chilli,Zone A,45.59,23.1
2025-12-06,Chilli,Zone B,46.2,60.3
2025-12-06,Grapes,Zone A,105.64,30.4
2025-12-06,Grapes,Zone B,106.67,86.2
2025-12-06,Apple,Zone A,159.38,71.9
2025-12-06,Apple,Zone B,156.23,49.6
2025-12-06,Banana,Zone A,43.05,38.4
2025-12-06,Banana,Zone B,43.98,83.2
2025-12-06,Strawberry,Zone A,146.33,79.3
2025-12-06,Strawberry,Zone B,148.33,75.7
2025-12-07,Tomato,Zone A,14.85,58.2
2025-12-07,Tomato,Zone B,14.97,88.7
2025-12-07,Onion,Zone A,36.74,52.7
2025-12-07,Onion,Zone B,34.77,76.7
2025-12-07,Potato,Zone A,25.88,29.4
2025-12-07,Potato,Zone B,24.71,72.4
2025-12-07,Garlic,Zone A,160.6,49.0
2025-12-07,Garlic,Zone B,158.5,72.1
2025-12-07,Ginger,Zone A,72.94,53.9
2025-12-07,Ginger,Zone B,70.16,42.0
2025-12-07,Capsicum,Zone A,34.78,53.1
2025-12-07,Capsicum,Zone B,34.86,58.6
2025-12-07,Cauliflower,Zone A,24.27,40.3
2025-12-07,Cauliflower,Zone B,23.79,47.5
2025-12-07,Chilli,Zone A,47.96,88.4
2025-12-07,Chilli,Zone B,47.67,79.8
2025-12-07,Grapes,Zone A,111.16,32.9
2025-12-07,Grapes,Zone B,106.91,52.0
2025-12-07,Apple,Zone A,148.17,75.8
2025-12-07,Apple,Zone B,150.02,32.9
2025-12-07,Banana,Zone A,45.23,27.3
2025-12-07,Banana,Zone B,45.75,94.1
2025-12-07,Strawberry,Zone A,141.64,37.7
2025-12-07,Strawberry,Zone B,141.82,23.0
2025-12-08,Tomato,Zone A,16.78,69.1
2025-12-08,Tomato,Zone B,16.18,76.9
2025-12-08,Onion,Zone A,39.13,85.6
2025-12-08,Onion,Zone B,38.21,55.1
2025-12-08,Potato,Zone A,24.56,84.3
2025-12-08,Potato,Zone B,23.84,22.7
2025-12-08,Garlic,Zone A,161.8,38.5
2025-12-08,Garlic,Zone B,157.32,22.9
2025-12-08,Ginger,Zone A,67.9,32.6
2025-12-08,Ginger,Zone B,73.54,82.4
2025-12-08,Capsicum,Zone A,31.85,66.9
2025-12-08,Capsicum,Zone B,32.16,79.0
2025-12-08,Cauliflower,Zone A,22.06,42.8
2025-12-08,Cauliflower,Zone B,23.41,93.2
2025-12-08,Chilli,Zone A,45.76,42.1
2025-12-08,Chilli,Zone B,44.5,35.6
2025-12-08,Grapes,Zone A,115.41,40.9
2025-12-08,Grapes,Zone B,113.87,28.5
2025-12-08,Apple,Zone A,141.22,95.8
2025-12-08,Apple,Zone B,147.07,96.5
2025-12-08,Banana,Zone A,47.86,66.0
2025-12-08,Banana,Zone B,47.42,97.3
2025-12-08,Strawberry,Zone A,153.45,80.6
2025-12-08,Strawberry,Zone B,155.75,56.7
2025-12-09,Tomato,Zone A,16.5,22.2
2025-12-09,Tomato,Zone B,15.88,25.4
2025-12-09,Onion,Zone A,39.53,74.2
2025-12-09,Onion,Zone B,37.21,45.3
2025-12-09,Potato,Zone A,26.17,20.8
2025-12-09,Potato,Zone B,26.83,39.9
2025-12-09,Garlic,Zone A,155.62,85.7
2025-12-09,Garlic,Zone B,148.28,94.5
2025-12-09,Ginger,Zone A,73.07,91.5
2025-12-09,Ginger,Zone B,72.57,95.8
2025-12-09,Capsicum,Zone A,35.22,59.9
2025-12-09,Capsicum,Zone B,33.28,78.8
2025-12-09,Cauliflower,Zone A,25.81,36.2
2025-12-09,Cauliflower,Zone B,25.9,69.5
2025-12-09,Chilli,Zone A,41.2,93.6
2025-12-09,Chilli,Zone B,43.14,73.1
2025-12-09,Grapes,Zone A,113.6,63.3
2025-12-09,Grapes,Zone B,107.18,58.6
2025-12-09,Apple,Zone A,151.72,98.8
2025-12-09,Apple,Zone B,156.63,89.5
2025-12-09,Banana,Zone A,46.7,93.3
2025-12-09,Banana,Zone B,44.17,37.8
2025-12-09,Strawberry,Zone A,145.2,83.9
2025-12-09,Strawberry,Zone B,150.31,63.3
2025-12-10,Tomato,Zone A,16.37,74.9
2025-12-10,Tomato,Zone B,16.08,98.1
2025-12-10,Onion,Zone A,38.34,75.1
2025-12-10,Onion,Zone B,36.96,36.9
2025-12-10,Potato,Zone A,24.85,69.0
2025-12-10,Potato,Zone B,24.72,63.9
2025-12-10,Garlic,Zone A,155.44,69.0
2025-12-10,Garlic,Zone B,154.12,59.9
2025-12-10,Ginger,Zone A,71.47,49.8
2025-12-10,Ginger,Zone B,72.34,42.4
2025-12-10,Capsicum,Zone A,30.16,66.1
2025-12-10,Capsicum,Zone B,30.4,28.0
2025-12-10,Cauliflower,Zone A,23.21,54.6
2025-12-10,Cauliflower,Zone B,23.49,31.7
2025-12-10,Chilli,Zone A,47.78,84.5
2025-12-10,Chilli,Zone B,47.89,60.0
2025-12-10,Grapes,Zone A,118.68,61.4
2025-12-10,Grapes,Zone B,117.49,82.8
2025-12-10,Apple,Zone A,147.73,65.4
2025-12-10,Apple,Zone B,145.81,75.2
2025-12-10,Banana,Zone A,44.1,58.1
2025-12-10,Banana,Zone B,43.47,56.0
2025-12-10,Strawberry,Zone A,142.43,64.8
2025-12-10,Strawberry,Zone B,149.01,40.6
2025-12-11,Tomato,Zone A,14.6,89.4
2025-12-11,Tomato,Zone B,15.62,35.9
2025-12-11,Onion,Zone A,38.09,34.0
2025-12-11,Onion,Zone B,38.48,48.4
2025-12-11,Potato,Zone A,25.41,78.9
2025-12-11,Potato,Zone B,26.23,50.5
2025-12-11,Garlic,Zone A,158.23,31.6
2025-12-11,Garlic,Zone B,152.42,84.6
2025-12-11,Ginger,Zone A,72.81,65.7
2025-12-11,Ginger,Zone B,74.07,25.7
2025-12-11,Capsicum,Zone A,30.3,45.4
2025-12-11,Capsicum,Zone B,30.46,41.4
2025-12-11,Cauliflower,Zone A,24.94,55.6
2025-12-11,Cauliflower,Zone B,26.14,49.1
2025-12-11,Chilli,Zone A,47.81,53.1
2025-12-11,Chilli,Zone B,44.93,21.8
2025-12-11,Grapes,Zone A,113.96,95.2
2025-12-11,Grapes,Zone B,114.31,26.4
2025-12-11,Apple,Zone A,140.4,25.1
2025-12-11,Apple,Zone B,149.4,63.9
2025-12-11,Banana,Zone A,42.52,81.2
2025-12-11,Banana,Zone B,41.44,41.0
2025-12-11,Strawberry,Zone A,140.92,90.8
2025-12-11,Strawberry,Zone B,137.07,39.8
2025-12-12,Tomato,Zone A,16.01,30.5
2025-12-12,Tomato,Zone B,16.28,22.3
2025-12-12,Onion,Zone A,39.33,46.0
2025-12-12,Onion,Zone B,38.16,98.0
2025-12-12,Potato,Zone A,24.64,55.6
2025-12-12,Potato,Zone B,26.04,75.8
2025-12-12,Garlic,Zone A,156.04,70.5
2025-12-12,Garlic,Zone B,156.52,65.1
2025-12-12,Ginger,Zone A,75.4,44.8
2025-12-12,Ginger,Zone B,73.66,63.2
2025-12-12,Capsicum,Zone A,34.67,49.3
2025-12-12,Capsicum,Zone B,34.16,44.3
2025-12-12,Cauliflower,Zone A,23.07,87.8
2025-12-12,Cauliflower,Zone B,22.22,57.5
2025-12-12,Chilli,Zone A,42.71,95.8
2025-12-12,Chilli,Zone B,41.24,20.7
2025-12-12,Grapes,Zone A,107.43,38.5
2025-12-12,Grapes,Zone B,104.93,49.9
2025-12-12,Apple,Zone A,149.4,51.6
2025-12-12,Apple,Zone B,144.67,79.0
2025-12-12,Banana,Zone A,44.07,41.0
2025-12-12,Banana,Zone B,44.23,39.2
2025-12-12,Strawberry,Zone A,160.75,84.6
2025-12-12,Strawberry,Zone B,157.94,42.8
2025-12-13,Tomato,Zone A,17.65,53.0
2025-12-13,Tomato,Zone B,17.72,34.6
2025-12-13,Onion,Zone A,36.1,69.4
2025-12-13,Onion,Zone B,35.05,69.8
2025-12-13,Potato,Zone A,23.29,24.0
2025-12-13,Potato,Zone B,24.29,34.9
2025-12-13,Garlic,Zone A,150.8,77.2
2025-12-13,Garlic,Zone B,156.43,38.6
2025-12-13,Ginger,Zone A,69.5,47.4
2025-12-13,Ginger,Zone B,68.49,84.0
2025-12-13,Capsicum,Zone A,35.88,83.3
2025-12-13,Capsicum,Zone B,35.5,87.5
2025-12-13,Cauliflower,Zone A,25.83,82.1
2025-12-13,Cauliflower,Zone B,25.86,57.6
2025-12-13,Chilli,Zone A,44.01,85.4
2025-12-13,Chilli,Zone B,43.96,29.8
2025-12-13,Grapes,Zone A,110.68,81.7
2025-12-13,Grapes,Zone B,112.43,79.0
2025-12-13,Apple,Zone A,142.55,81.7
2025-12-13,Apple,Zone B,143.24,98.6
2025-12-13,Banana,Zone A,45.53,45.0
2025-12-13,Banana,Zone B,44.24,70.3
2025-12-13,Strawberry,Zone A,140.9,61.7
2025-12-13,Strawberry,Zone B,133.45,71.1
2025-12-14,Tomato,Zone A,16.08,89.1
2025-12-14,Tomato,Zone B,15.24,29.0
2025-12-14,Onion,Zone A,37.49,33.4
2025-12-14,Onion,Zone B,37.34,29.6
2025-12-14,Potato,Zone A,24.71,23.4
2025-12-14,Potato,Zone B,26.31,58.0
2025-12-14,Garlic,Zone A,159.88,27.2
2025-12-14,Garlic,Zone B,157.12,27.3
2025-12-14,Ginger,Zone A,78.47,99.8
2025-12-14,Ginger,Zone B,76.61,24.8
2025-12-14,Capsicum,Zone A,34.41,83.3
2025-12-14,Capsicum,Zone B,32.85,38.6
2025-12-14,Cauliflower,Zone A,27.54,80.5
2025-12-14,Cauliflower,Zone B,27.58,55.1
2025-12-14,Chilli,Zone A,43.49,48.7
2025-12-14,Chilli,Zone B,41.59,91.9
2025-12-14,Grapes,Zone A,109.29,43.6
2025-12-14,Grapes,Zone B,111.57,35.2
2025-12-14,Apple,Zone A,143.53,78.6
2025-12-14,Apple,Zone B,142.69,86.5
2025-12-14,Banana,Zone A,47.07,25.5
2025-12-14,Banana,Zone B,45.57,43.7
2025-12-14,Strawberry,Zone A,140.6,20.1
2025-12-14,Strawberry,Zone B,143.68,50.3
2025-12-15,Tomato,Zone A,14.96,88.5
2025-12-15,Tomato,Zone B,15.9,39.1
2025-12-15,Onion,Zone A,39.11,63.1
2025-12-15,Onion,Zone B,38.27,61.9
2025-12-15,Potato,Zone A,25.1,69.0
2025-12-15,Potato,Zone B,24.64,71.3
2025-12-15,Garlic,Zone A,154.05,25.3
2025-12-15,Garlic,Zone B,157.89,30.4
2025-12-15,Ginger,Zone A,77.4,58.8
2025-12-15,Ginger,Zone B,76.75,65.7
2025-12-15,Capsicum,Zone A,35.46,62.1
2025-12-15,Capsicum,Zone B,35.58,40.5
2025-12-15,Cauliflower,Zone A,24.35,25.7
2025-12-15,Cauliflower,Zone B,24.98,36.7
2025-12-15,Chilli,Zone A,46.72,26.4
2025-12-15,Chilli,Zone B,46.4,24.9
2025-12-15,Grapes,Zone A,114.52,53.3
2025-12-15,Grapes,Zone B,109.48,76.7
2025-12-15,Apple,Zone A,151.95,23.3
2025-12-15,Apple,Zone B,149.53,44.3
2025-12-15,Banana,Zone A,48.73,27.8
2025-12-15,Banana,Zone B,47.85,62.5
2025-12-15,Strawberry,Zone A,140.41,39.9
2025-12-15,Strawberry,Zone B,141.52,34.3
2025-12-16,Tomato,Zone A,17.13,28.4
2025-12-16,Tomato,Zone B,17.44,48.6
2025-12-16,Onion,Zone A,37.33,90.6
2025-12-16,Onion,Zone B,35.86,34.4
2025-12-16,Potato,Zone A,24.43,32.7
2025-12-16,Potato,Zone B,25.74,55.4
2025-12-16,Garlic,Zone A,155.31,99.3
2025-12-16,Garlic,Zone B,155.43,49.7
2025-12-16,Ginger,Zone A,77.38,78.1
2025-12-16,Ginger,Zone B,78.49,65.1
2025-12-16,Capsicum,Zone A,31.95,94.1
2025-12-16,Capsicum,Zone B,30.67,96.9
2025-12-16,Cauliflower,Zone A,24.31,78.1
2025-12-16,Cauliflower,Zone B,25.46,67.7
2025-12-16,Chilli,Zone A,47.32,44.1
2025-12-16,Chilli,Zone B,44.79,37.8
2025-12-16,Grapes,Zone A,109.55,85.8
2025-12-16,Grapes,Zone B,115.64,42.1
2025-12-16,Apple,Zone A,151.48,94.1
2025-12-16,Apple,Zone B,146.64,23.0
2025-12-16,Banana,Zone A,43.07,49.4
2025-12-16,Banana,Zone B,44.64,38.6
2025-12-16,Strawberry,Zone A,151.78,52.0
2025-12-16,Strawberry,Zone B,162.14,78.7
2025-12-17,Tomato,Zone A,17.57,33.8
2025-12-17,Tomato,Zone B,17.62,75.2
2025-12-17,Onion,Zone A,38.87,67.6
2025-12-17,Onion,Zone B,37.04,78.5
2025-12-17,Potato,Zone A,24.34,24.5
2025-12-17,Potato,Zone B,25.74,47.8
2025-12-17,Garlic,Zone A,163.97,89.4
2025-12-17,Garlic,Zone B,169.96,38.1
2025-12-17,Ginger,Zone A,76.94,20.9
2025-12-17,Ginger,Zone B,78.01,50.6
2025-12-17,Capsicum,Zone A,30.66,63.2
2025-12-17,Capsicum,Zone B,30.94,60.2
2025-12-17,Cauliflower,Zone A,22.65,78.5
2025-12-17,Cauliflower,Zone B,23.29,55.6
2025-12-17,Chilli,Zone A,46.18,37.8
2025-12-17,Chilli,Zone B,45.38,51.5
2025-12-17,Grapes,Zone A,102.42,65.7
2025-12-17,Grapes,Zone B,102.13,51.9
2025-12-17,Apple,Zone A,143.8,81.9
2025-12-17,Apple,Zone B,139.52,30.8
2025-12-17,Banana,Zone A,45.22,72.2
2025-12-17,Banana,Zone B,44.17,69.3
2025-12-17,Strawberry,Zone A,151.72,25.7
2025-12-17,Strawberry,Zone B,158.29,45.9
2025-12-18,Tomato,Zone A,17.19,73.7
2025-12-18,Tomato,Zone B,17.66,47.9
2025-12-18,Onion,Zone A,36.18,21.9
2025-12-18,Onion,Zone B,35.35,99.0
2025-12-18,Potato,Zone A,26.28,55.4
2025-12-18,Potato,Zone B,24.57,23.6
2025-12-18,Garlic,Zone A,161.12,49.9
2025-12-18,Garlic,Zone B,168.49,88.2
2025-12-18,Ginger,Zone A,66.56,95.9
2025-12-18,Ginger,Zone B,71.37,89.5
2025-12-18,Capsicum,Zone A,33.56,75.5
2025-12-18,Capsicum,Zone B,33.83,56.0
2025-12-18,Cauliflower,Zone A,22.08,63.0
2025-12-18,Cauliflower,Zone B,22.07,61.9
2025-12-18,Chilli,Zone A,43.33,78.4
2025-12-18,Chilli,Zone B,42.14,75.9
2025-12-18,Grapes,Zone A,105.4,73.1
2025-12-18,Grapes,Zone B,100.88,33.6
2025-12-18,Apple,Zone A,150.16,69.4
2025-12-18,Apple,Zone B,141.51,72.4
2025-12-18,Banana,Zone A,42.41,41.7
2025-12-18,Banana,Zone B,43.99,72.8
2025-12-18,Strawberry,Zone A,152.24,89.4
2025-12-18,Strawberry,Zone B,160.23,38.5
2025-12-19,Tomato,Zone A,16.76,28.0
2025-12-19,Tomato,Zone B,15.9,89.3
2025-12-19,Onion,Zone A,36.4,60.1
2025-12-19,Onion,Zone B,37.21,94.1
2025-12-19,Potato,Zone A,23.32,62.4
2025-12-19,Potato,Zone B,23.49,51.5
2025-12-19,Garlic,Zone A,152.62,48.2
2025-12-19,Garlic,Zone B,156.06,38.9
2025-12-19,Ginger,Zone A,80.71,85.0
2025-12-19,Ginger,Zone B,81.52,90.3
2025-12-19,Capsicum,Zone A,36.23,22.4
2025-12-19,Capsicum,Zone B,35.5,42.4
2025-12-19,Cauliflower,Zone A,23.92,72.6
2025-12-19,Cauliflower,Zone B,22.42,50.6
2025-12-19,Chilli,Zone A,49.62,70.0
2025-12-19,Chilli,Zone B,48.1,39.2
2025-12-19,Grapes,Zone A,110.18,92.8
2025-12-19,Grapes,Zone B,104.73,63.4
2025-12-19,Apple,Zone A,141.39,63.3
2025-12-19,Apple,Zone B,149.1,89.0
2025-12-19,Banana,Zone A,44.86,61.9
2025-12-19,Banana,Zone B,42.85,99.7
2025-12-19,Strawberry,Zone A,156.77,94.6
2025-12-19,Strawberry,Zone B,166.73,45.4
2025-12-20,Tomato,Zone A,17.27,29.5
2025-12-20,Tomato,Zone B,16.43,90.4
2025-12-20,Onion,Zone A,39.48,90.4
2025-12-20,Onion,Zone B,38.39,52.9
2025-12-20,Potato,Zone A,25.72,91.5
2025-12-20,Potato,Zone B,25.72,41.9
2025-12-20,Garlic,Zone A,159.29,34.8
2025-12-20,Garlic,Zone B,167.92,69.0
2025-12-20,Ginger,Zone A,71.48,38.5
2025-12-20,Ginger,Zone B,69.58,75.0
2025-12-20,Capsicum,Zone A,32.64,58.1
2025-12-20,Capsicum,Zone B,32.16,68.4
2025-12-20,Cauliflower,Zone A,25.44,88.2
2025-12-20,Cauliflower,Zone B,25.69,31.0
2025-12-20,Chilli,Zone A,41.24,81.2
2025-12-20,Chilli,Zone B,41.18,41.6
2025-12-20,Grapes,Zone A,111.16,99.1
2025-12-20,Grapes,Zone B,111.29,25.3
2025-12-20,Apple,Zone A,162.48,89.4
2025-12-20,Apple,Zone B,156.28,46.0
2025-12-20,Banana,Zone A,43.9,52.4
2025-12-20,Banana,Zone B,43.17,78.8
2025-12-20,Strawberry,Zone A,143.1,68.9
2025-12-20,Strawberry,Zone B,148.09,67.5
2025-12-21,Tomato,Zone A,17.07,83.0
2025-12-21,Tomato,Zone B,16.6,56.1
2025-12-21,Onion,Zone A,37.89,99.7
2025-12-21,Onion,Zone B,39.39,51.6
2025-12-21,Potato,Zone A,25.71,61.3
2025-12-21,Potato,Zone B,25.86,23.9
2025-12-21,Garlic,Zone A,155.38,44.4
2025-12-21,Garlic,Zone B,160.76,56.9
2025-12-21,Ginger,Zone A,73.87,24.4
2025-12-21,Ginger,Zone B,73.3,31.4
2025-12-21,Capsicum,Zone A,34.84,77.8
2025-12-21,Capsicum,Zone B,33.9,82.3
2025-12-21,Cauliflower,Zone A,27.14,30.8
2025-12-21,Cauliflower,Zone B,26.54,56.1
2025-12-21,Chilli,Zone A,43.03,77.0
2025-12-21,Chilli,Zone B,41.71,56.4
2025-12-21,Grapes,Zone A,108.9,92.6
2025-12-21,Grapes,Zone B,109.79,77.5
2025-12-21,Apple,Zone A,139.9,56.0
2025-12-21,Apple,Zone B,142.77,61.9
2025-12-21,Banana,Zone A,45.51,60.9
2025-12-21,Banana,Zone B,46.08,50.3
2025-12-21,Strawberry,Zone A,148.39,93.0
2025-12-21,Strawberry,Zone B,146.04,72.8
2025-12-22,Tomato,Zone A,15.91,34.3
2025-12-22,Tomato,Zone B,15.71,53.6
2025-12-22,Onion,Zone A,36.61,55.7
2025-12-22,Onion,Zone B,36.2,29.4
2025-12-22,Potato,Zone A,23.51,69.8
2025-12-22,Potato,Zone B,23.6,56.7
2025-12-22,Garlic,Zone A,166.26,20.5
2025-12-22,Garlic,Zone B,170.76,39.0
2025-12-22,Ginger,Zone A,75.3,52.8
2025-12-22,Ginger,Zone B,72.91,68.0
2025-12-22,Capsicum,Zone A,31.59,69.6
2025-12-22,Capsicum,Zone B,31.61,86.0
2025-12-22,Cauliflower,Zone A,22.08,72.3
2025-12-22,Cauliflower,Zone B,21.88,88.3
2025-12-22,Chilli,Zone A,48.02,43.9
2025-12-22,Chilli,Zone B,48.33,23.9
2025-12-22,Grapes,Zone A,106.28,73.8
2025-12-22,Grapes,Zone B,110.06,75.3
2025-12-22,Apple,Zone A,154.9,34.2
2025-12-22,Apple,Zone B,150.88,66.3
2025-12-22,Banana,Zone A,45.41,43.9
2025-12-22,Banana,Zone B,46.45,50.3
2025-12-22,Strawberry,Zone A,136.03,64.0
2025-12-22,Strawberry,Zone B,134.56,30.8
2025-12-23,Tomato,Zone A,16.78,62.2
2025-12-23,Tomato,Zone B,17.12,75.7
2025-12-23,Onion,Zone A,36.7,78.4
2025-12-23,Onion,Zone B,38.27,99.0
2025-12-23,Potato,Zone A,25.34,94.7
2025-12-23,Potato,Zone B,25.93,43.0
2025-12-23,Garlic,Zone A,159.37,62.0
2025-12-23,Garlic,Zone B,168.15,48.3
2025-12-23,Ginger,Zone A,69.6,61.6
2025-12-23,Ginger,Zone B,69.98,59.4
2025-12-23,Capsicum,Zone A,31.35,76.7
2025-12-23,Capsicum,Zone B,32.27,20.1
2025-12-23,Cauliflower,Zone A,22.83,29.4
2025-12-23,Cauliflower,Zone B,23.24,84.0
2025-12-23,Chilli,Zone A,49.15,46.7
2025-12-23,Chilli,Zone B,49.73,71.0
2025-12-23,Grapes,Zone A,102.12,42.5
2025-12-23,Grapes,Zone B,107.05,44.6
2025-12-23,Apple,Zone A,147.99,20.5
2025-12-23,Apple,Zone B,152.33,47.3
2025-12-23,Banana,Zone A,46.44,22.3
2025-12-23,Banana,Zone B,44.82,46.4
2025-12-23,Strawberry,Zone A,146.11,93.3
2025-12-23,Strawberry,Zone B,147.55,71.7
2025-12-24,Tomato,Zone A,16.61,91.4
2025-12-24,Tomato,Zone B,16.49,46.8
2025-12-24,Onion,Zone A,38.77,79.4
2025-12-24,Onion,Zone B,40.09,43.9
2025-12-24,Potato,Zone A,25.19,62.9
2025-12-24,Potato,Zone B,24.97,74.8
2025-12-24,Garlic,Zone A,169.91,48.3
2025-12-24,Garlic,Zone B,170.98,42.4
2025-12-24,Ginger,Zone A,70.55,70.1
2025-12-24,Ginger,Zone B,69.78,65.7
2025-12-24,Capsicum,Zone A,32.58,89.2
2025-12-24,Capsicum,Zone B,32.99,76.4
2025-12-24,Cauliflower,Zone A,23.02,53.1
2025-12-24,Cauliflower,Zone B,23.91,39.0
2025-12-24,Chilli,Zone A,46.6,37.3
2025-12-24,Chilli,Zone B,44.27,29.0
2025-12-24,Grapes,Zone A,115.65,93.1
2025-12-24,Grapes,Zone B,112.63,22.0
2025-12-24,Apple,Zone A,149.74,35.2
2025-12-24,Apple,Zone B,154.81,78.6
2025-12-24,Banana,Zone A,46.1,31.5
2025-12-24,Banana,Zone B,46.45,85.8
2025-12-24,Strawberry,Zone A,162.59,30.6
2025-12-24,Strawberry,Zone B,163.21,56.7
2025-12-25,Tomato,Zone A,17.17,20.3
2025-12-25,Tomato,Zone B,17.73,75.0
2025-12-25,Onion,Zone A,36.51,57.4
2025-12-25,Onion,Zone B,36.39,61.6
2025-12-25,Potato,Zone A,25.02,66.2
2025-12-25,Potato,Zone B,25.02,91.4
2025-12-25,Garlic,Zone A,153.27,42.1
2025-12-25,Garlic,Zone B,154.86,55.3
2025-12-25,Ginger,Zone A,67.15,41.9
2025-12-25,Ginger,Zone B,66.41,69.8
2025-12-25,Capsicum,Zone A,32.31,48.0
2025-12-25,Capsicum,Zone B,32.6,31.3
2025-12-25,Cauliflower,Zone A,25.22,39.6
2025-12-25,Cauliflower,Zone B,24.79,69.1
2025-12-25,Chilli,Zone A,43.85,30.4
2025-12-25,Chilli,Zone B,43.94,74.0
2025-12-25,Grapes,Zone A,101.89,54.1
2025-12-25,Grapes,Zone B,102.95,67.7
2025-12-25,Apple,Zone A,155.46,75.9
2025-12-25,Apple,Zone B,152.8,45.0
2025-12-25,Banana,Zone A,47.22,73.7
2025-12-25,Banana,Zone B,46.55,97.9
2025-12-25,Strawberry,Zone A,154.98,30.5
2025-12-25,Strawberry,Zone B,159.29,93.6
2025-12-26,Tomato,Zone A,16.35,74.8
2025-12-26,Tomato,Zone B,16.68,57.2
2025-12-26,Onion,Zone A,34.53,88.9
2025-12-26,Onion,Zone B,35.64,93.0
2025-12-26,Potato,Zone A,25.13,73.2
2025-12-26,Potato,Zone B,25.3,90.6
2025-12-26,Garlic,Zone A,153.27,58.0
2025-12-26,Garlic,Zone B,157.36,56.9
2025-12-26,Ginger,Zone A,71.3,68.4
2025-12-26,Ginger,Zone B,67.73,28.2
2025-12-26,Capsicum,Zone A,35.73,46.1
2025-12-26,Capsicum,Zone B,35.32,83.4
2025-12-26,Cauliflower,Zone A,24.7,53.1
2025-12-26,Cauliflower,Zone B,25.14,63.8
2025-12-26,Chilli,Zone A,48.83,47.3
2025-12-26,Chilli,Zone B,50.52,67.3
2025-12-26,Grapes,Zone A,112.54,83.0
2025-12-26,Grapes,Zone B,113.53,38.9
2025-12-26,Apple,Zone A,147.29,94.5
2025-12-26,Apple,Zone B,153.34,58.9
2025-12-26,Banana,Zone A,45.28,64.4
2025-12-26,Banana,Zone B,46.58,34.1
2025-12-26,Strawberry,Zone A,155.27,28.7
2025-12-26,Strawberry,Zone B,164.85,81.7
2025-12-27,Tomato,Zone A,16.13,72.8
2025-12-27,Tomato,Zone B,15.61,85.4
2025-12-27,Onion,Zone A,41.02,70.9
2025-12-27,Onion,Zone B,38.15,31.7
2025-12-27,Potato,Zone A,24.18,51.2
2025-12-27,Potato,Zone B,24.27,35.7
2025-12-27,Garlic,Zone A,160.51,65.6
2025-12-27,Garlic,Zone B,168.29,44.4
2025-12-27,Ginger,Zone A,79.82,98.6
2025-12-27,Ginger,Zone B,79.24,27.1
2025-12-27,Capsicum,Zone A,31.22,52.3
2025-12-27,Capsicum,Zone B,29.15,43.5
2025-12-27,Cauliflower,Zone A,24.26,24.3
2025-12-27,Cauliflower,Zone B,24.55,85.7
2025-12-27,Chilli,Zone A,45.49,89.3
2025-12-27,Chilli,Zone B,43.28,76.2
2025-12-27,Grapes,Zone A,107.25,50.6
2025-12-27,Grapes,Zone B,107.81,63.6
2025-12-27,Apple,Zone A,152.13,35.1
2025-12-27,Apple,Zone B,151.03,94.0
2025-12-27,Banana,Zone A,45.24,99.8
2025-12-27,Banana,Zone B,47.16,30.7
2025-12-27,Strawberry,Zone A,131.63,77.7
2025-12-27,Strawberry,Zone B,136.79,54.9
2025-12-28,Tomato,Zone A,17.37,71.4
2025-12-28,Tomato,Zone B,17.85,56.5
2025-12-28,Onion,Zone A,39.4,54.1
2025-12-28,Onion,Zone B,38.07,60.8
2025-12-28,Potato,Zone A,25.03,48.4
2025-12-28,Potato,Zone B,24.5,68.4
2025-12-28,Garlic,Zone A,165.72,38.9
2025-12-28,Garlic,Zone B,161.27,52.9
2025-12-28,Ginger,Zone A,74.08,98.3
2025-12-28,Ginger,Zone B,75.28,76.4
2025-12-28,Capsicum,Zone A,30.63,75.2
2025-12-28,Capsicum,Zone B,29.8,78.5
2025-12-28,Cauliflower,Zone A,27.97,82.3
2025-12-28,Cauliflower,Zone B,26.85,26.3
2025-12-28,Chilli,Zone A,46.99,57.8
2025-12-28,Chilli,Zone B,49.53,96.8
2025-12-28,Grapes,Zone A,106.49,83.8
2025-12-28,Grapes,Zone B,103.78,24.2
2025-12-28,Apple,Zone A,150.94,57.5
2025-12-28,Apple,Zone B,147.8,57.5
2025-12-28,Banana,Zone A,45.76,96.8
2025-12-28,Banana,Zone B,47.15,43.1
2025-12-28,Strawberry,Zone A,140.55,80.0
2025-12-28,Strawberry,Zone B,138.42,65.1
2025-12-29,Tomato,Zone A,15.15,33.5
2025-12-29,Tomato,Zone B,14.64,99.2
2025-12-29,Onion,Zone A,39.6,42.9
2025-12-29,Onion,Zone B,37.9,60.4
2025-12-29,Potato,Zone A,25.42,30.6
2025-12-29,Potato,Zone B,25.43,88.6
2025-12-29,Garlic,Zone A,147.5,34.0
2025-12-29,Garlic,Zone B,153.34,32.1
2025-12-29,Ginger,Zone A,75.34,40.9
2025-12-29,Ginger,Zone B,74.71,58.8
2025-12-29,Capsicum,Zone A,35.8,47.4
2025-12-29,Capsicum,Zone B,33.64,31.6
2025-12-29,Cauliflower,Zone A,25.96,59.7
2025-12-29,Cauliflower,Zone B,27.76,81.6
2025-12-29,Chilli,Zone A,43.01,71.0
2025-12-29,Chilli,Zone B,42.21,78.7
2025-12-29,Grapes,Zone A,109.53,80.4
2025-12-29,Grapes,Zone B,104.97,33.4
2025-12-29,Apple,Zone A,146.12,79.7
2025-12-29,Apple,Zone B,151.48,62.6
2025-12-29,Banana,Zone A,45.19,58.0
2025-12-29,Banana,Zone B,43.2,89.6
2025-12-29,Strawberry,Zone A,139.95,55.9
2025-12-29,Strawberry,Zone B,137.25,96.9
2025-12-30,Tomato,Zone A,16.42,93.4
2025-12-30,Tomato,Zone B,17.24,96.5
2025-12-30,Onion,Zone A,37.89,88.7
2025-12-30,Onion,Zone B,36.18,41.4
2025-12-30,Potato,Zone A,24.29,51.3
2025-12-30,Potato,Zone B,24.52,79.9
2025-12-30,Garlic,Zone A,164.91,35.6
2025-12-30,Garlic,Zone B,161.62,75.2
2025-12-30,Ginger,Zone A,70.2,73.8
2025-12-30,Ginger,Zone B,71.78,21.0
2025-12-30,Capsicum,Zone A,29.62,55.7
2025-12-30,Capsicum,Zone B,29.9,42.7
2025-12-30,Cauliflower,Zone A,22.48,27.4
2025-12-30,Cauliflower,Zone B,24.19,72.5
2025-12-30,Chilli,Zone A,49.88,71.0
2025-12-30,Chilli,Zone B,48.94,29.6
2025-12-30,Grapes,Zone A,110.55,72.5
2025-12-30,Grapes,Zone B,117.57,65.3
2025-12-30,Apple,Zone A,161.98,75.7
2025-12-30,Apple,Zone B,153.91,57.4
2025-12-30,Banana,Zone A,47.48,93.8
2025-12-30,Banana,Zone B,46.12,54.2
2025-12-30,Strawberry,Zone A,162.83,45.9
2025-12-30,Strawberry,Zone B,155.08,25.9
2025-12-31,Tomato,Zone A,17.17,46.6
2025-12-31,Tomato,Zone B,16.72,96.4
2025-12-31,Onion,Zone A,35.37,59.3
2025-12-31,Onion,Zone B,36.75,68.8
2025-12-31,Potato,Zone A,24.18,31.5
2025-12-31,Potato,Zone B,24.72,37.5
2025-12-31,Garlic,Zone A,167.65,77.2
2025-12-31,Garlic,Zone B,157.14,25.8
2025-12-31,Ginger,Zone A,73.71,55.7
2025-12-31,Ginger,Zone B,77.6,31.9
2025-12-31,Capsicum,Zone A,35.01,73.2
2025-12-31,Capsicum,Zone B,33.21,76.0
2025-12-31,Cauliflower,Zone A,26.73,61.2
2025-12-31,Cauliflower,Zone B,27.51,59.3
2025-12-31,Chilli,Zone A,46.08,82.5
2025-12-31,Chilli,Zone B,45.87,63.2
2025-12-31,Grapes,Zone A,108.33,85.4
2025-12-31,Grapes,Zone B,104.39,65.4
2025-12-31,Apple,Zone A,154.76,74.5
2025-12-31,Apple,Zone B,155.28,70.6
2025-12-31,Banana,Zone A,45.52,62.8
2025-12-31,Banana,Zone B,48.8,26.4
2025-12-31,Strawberry,Zone A,150.55,71.8
2025-12-31,Strawberry,Zone B,143.6,23.1
2026-01-01,Tomato,Zone A,15.75,75.7
2026-01-01,Tomato,Zone B,16.66,70.4
2026-01-01,Onion,Zone A,34.97,70.6
2026-01-01,Onion,Zone B,36.86,31.2
2026-01-01,Potato,Zone A,19.82,67.4
2026-01-01,Potato,Zone B,19.46,25.0
2026-01-01,Garlic,Zone A,158.18,62.7
2026-01-01,Garlic,Zone B,164.94,55.9
2026-01-01,Ginger,Zone A,90.96,24.5
2026-01-01,Ginger,Zone B,96.64,23.4
2026-01-01,Capsicum,Zone A,31.46,73.4
2026-01-01,Capsicum,Zone B,30.61,74.2
2026-01-01,Cauliflower,Zone A,25.69,66.3
2026-01-01,Cauliflower,Zone B,27.33,23.0
2026-01-01,Chilli,Zone A,42.94,57.7
2026-01-01,Chilli,Zone B,43.84,23.7
2026-01-01,Grapes,Zone A,91.29,33.8
2026-01-01,Grapes,Zone B,90.68,44.6
2026-01-01,Apple,Zone A,153.86,33.7
2026-01-01,Apple,Zone B,155.53,85.4
2026-01-01,Banana,Zone A,43.22,83.9
2026-01-01,Banana,Zone B,42.26,84.4
2026-01-01,Strawberry,Zone A,150.16,98.6
2026-01-01,Strawberry,Zone B,148.6,45.9
2026-01-02,Tomato,Zone A,18.04,31.0
2026-01-02,Tomato,Zone B,18.41,83.4
2026-01-02,Onion,Zone A,39.2,46.8
2026-01-02,Onion,Zone B,37.73,31.3
2026-01-02,Potato,Zone A,20.63,64.3
2026-01-02,Potato,Zone B,20.21,94.1
2026-01-02,Garlic,Zone A,147.77,87.8
2026-01-02,Garlic,Zone B,154.02,82.2
2026-01-02,Ginger,Zone A,85.55,20.5
2026-01-02,Ginger,Zone B,83.44,27.1
2026-01-02,Capsicum,Zone A,34.96,53.3
2026-01-02,Capsicum,Zone B,34.74,81.8
2026-01-02,Cauliflower,Zone A,25.01,71.2
2026-01-02,Cauliflower,Zone B,25.66,53.0
2026-01-02,Chilli,Zone A,49.42,23.0
2026-01-02,Chilli,Zone B,47.74,60.0
2026-01-02,Grapes,Zone A,99.18,82.6
2026-01-02,Grapes,Zone B,96.98,20.4
2026-01-02,Apple,Zone A,141.57,62.4
2026-01-02,Apple,Zone B,141.31,49.0
2026-01-02,Banana,Zone A,46.32,37.5
2026-01-02,Banana,Zone B,47.17,72.7
2026-01-02,Strawberry,Zone A,138.97,83.7
2026-01-02,Strawberry,Zone B,144.57,97.5
2026-01-03,Tomato,Zone A,16.0,73.6
2026-01-03,Tomato,Zone B,15.82,71.6
2026-01-03,Onion,Zone A,35.49,46.7
2026-01-03,Onion,Zone B,36.55,80.7
2026-01-03,Potato,Zone A,19.28,94.0
2026-01-03,Potato,Zone B,18.42,82.8
2026-01-03,Garlic,Zone A,154.85,91.6
2026-01-03,Garlic,Zone B,162.59,67.4
2026-01-03,Ginger,Zone A,86.3,74.1
2026-01-03,Ginger,Zone B,87.2,82.3
2026-01-03,Capsicum,Zone A,30.93,79.0
2026-01-03,Capsicum,Zone B,32.9,50.0
2026-01-03,Cauliflower,Zone A,23.44,58.8
2026-01-03,Cauliflower,Zone B,24.23,31.6
2026-01-03,Chilli,Zone A,48.73,51.0
2026-01-03,Chilli,Zone B,47.48,77.6
2026-01-03,Grapes,Zone A,96.46,36.2
2026-01-03,Grapes,Zone B,90.16,75.4
2026-01-03,Apple,Zone A,139.22,88.1
2026-01-03,Apple,Zone B,142.92,33.7
2026-01-03,Banana,Zone A,45.67,68.3
2026-01-03,Banana,Zone B,45.32,71.0
2026-01-03,Strawberry,Zone A,147.51,97.6
2026-01-03,Strawberry,Zone B,155.81,26.9
2026-01-04,Tomato,Zone A,17.56,99.7
2026-01-04,Tomato,Zone B,17.7,87.0
2026-01-04,Onion,Zone A,36.29,78.9
2026-01-04,Onion,Zone B,34.91,46.2
2026-01-04,Potato,Zone A,21.58,67.3
2026-01-04,Potato,Zone B,20.34,65.9
2026-01-04,Garlic,Zone A,157.92,23.2
2026-01-04,Garlic,Zone B,151.72,81.5
2026-01-04,Ginger,Zone A,86.02,58.3
2026-01-04,Ginger,Zone B,87.85,85.7
2026-01-04,Capsicum,Zone A,32.04,64.7
2026-01-04,Capsicum,Zone B,31.44,78.5
2026-01-04,Cauliflower,Zone A,25.99,43.7
2026-01-04,Cauliflower,Zone B,27.09,27.3
2026-01-04,Chilli,Zone A,44.5,76.3
2026-01-04,Chilli,Zone B,46.5,79.8
2026-01-04,Grapes,Zone A,82.6,81.7
2026-01-04,Grapes,Zone B,85.38,52.4
2026-01-04,Apple,Zone A,152.75,57.1
2026-01-04,Apple,Zone B,156.0,88.8
2026-01-04,Banana,Zone A,44.42,46.6
2026-01-04,Banana,Zone B,41.46,54.1
2026-01-04,Strawberry,Zone A,147.36,63.4
2026-01-04,Strawberry,Zone B,145.64,83.0
2026-01-05,Tomato,Zone A,15.71,78.9
2026-01-05,Tomato,Zone B,14.7,95.6
2026-01-05,Onion,Zone A,39.49,28.9
2026-01-05,Onion,Zone B,37.89,69.5
2026-01-05,Potato,Zone A,19.6,64.7
2026-01-05,Potato,Zone B,19.42,76.7
2026-01-05,Garlic,Zone A,161.25,39.1
2026-01-05,Garlic,Zone B,150.48,58.3
2026-01-05,Ginger,Zone A,94.55,96.7
2026-01-05,Ginger,Zone B,91.77,79.6
2026-01-05,Capsicum,Zone A,30.98,41.4
2026-01-05,Capsicum,Zone B,31.8,42.2
2026-01-05,Cauliflower,Zone A,22.5,58.9
2026-01-05,Cauliflower,Zone B,22.83,29.8
2026-01-05,Chilli,Zone A,47.78,62.6
2026-01-05,Chilli,Zone B,46.32,69.7
2026-01-05,Grapes,Zone A,99.11,84.7
2026-01-05,Grapes,Zone B,99.07,25.3
2026-01-05,Apple,Zone A,155.35,26.4
2026-01-05,Apple,Zone B,160.84,43.1
2026-01-05,Banana,Zone A,45.58,42.1
2026-01-05,Banana,Zone B,47.8,59.7
2026-01-05,Strawberry,Zone A,158.89,70.2
2026-01-05,Strawberry,Zone B,156.0,97.6
2026-01-06,Tomato,Zone A,16.13,47.7
2026-01-06,Tomato,Zone B,16.55,71.6
2026-01-06,Onion,Zone A,34.47,89.7
2026-01-06,Onion,Zone B,34.95,95.8
2026-01-06,Potato,Zone A,21.02,47.4
2026-01-06,Potato,Zone B,21.41,46.1
2026-01-06,Garlic,Zone A,164.04,87.4
2026-01-06,Garlic,Zone B,160.79,44.3
2026-01-06,Ginger,Zone A,88.69,33.7
2026-01-06,Ginger,Zone B,85.02,58.7
2026-01-06,Capsicum,Zone A,36.6,23.8
2026-01-06,Capsicum,Zone B,35.4,56.5
2026-01-06,Cauliflower,Zone A,24.04,76.9
2026-01-06,Cauliflower,Zone B,22.85,97.9
2026-01-06,Chilli,Zone A,48.92,73.3
2026-01-06,Chilli,Zone B,46.84,39.0
2026-01-06,Grapes,Zone A,81.96,30.1
2026-01-06,Grapes,Zone B,81.58,34.8
2026-01-06,Apple,Zone A,145.32,45.4
2026-01-06,Apple,Zone B,149.05,49.8
2026-01-06,Banana,Zone A,43.96,44.1
2026-01-06,Banana,Zone B,46.7,52.4
2026-01-06,Strawberry,Zone A,144.27,56.6
2026-01-06,Strawberry,Zone B,146.35,20.3
2026-01-07,Tomato,Zone A,17.87,46.5
2026-01-07,Tomato,Zone B,17.5,57.9
2026-01-07,Onion,Zone A,36.97,98.5
2026-01-07,Onion,Zone B,35.92,31.8
2026-01-07,Potato,Zone A,21.55,55.4
2026-01-07,Potato,Zone B,21.19,78.5
2026-01-07,Garlic,Zone A,161.6,64.1
2026-01-07,Garlic,Zone B,163.85,52.1
2026-01-07,Ginger,Zone A,92.67,27.4
2026-01-07,Ginger,Zone B,89.75,71.3
2026-01-07,Capsicum,Zone A,32.76,94.9
2026-01-07,Capsicum,Zone B,32.91,21.8
2026-01-07,Cauliflower,Zone A,24.81,73.7
2026-01-07,Cauliflower,Zone B,24.1,60.9
2026-01-07,Chilli,Zone A,42.23,68.4
2026-01-07,Chilli,Zone B,44.37,92.7
2026-01-07,Grapes,Zone A,85.97,88.3
2026-01-07,Grapes,Zone B,87.53,49.8
2026-01-07,Apple,Zone A,145.02,98.2
2026-01-07,Apple,Zone B,151.16,27.0
2026-01-07,Banana,Zone A,45.82,99.4
2026-01-07,Banana,Zone B,47.14,43.1
2026-01-07,Strawberry,Zone A,162.65,53.9
2026-01-07,Strawberry,Zone B,161.72,31.2
2026-01-08,Tomato,Zone A,16.21,36.6
2026-01-08,Tomato,Zone B,16.73,89.4
2026-01-08,Onion,Zone A,39.01,96.8
2026-01-08,Onion,Zone B,41.24,27.1
2026-01-08,Potato,Zone A,20.96,53.2
2026-01-08,Potato,Zone B,20.38,76.8
2026-01-08,Garlic,Zone A,159.32,34.9
2026-01-08,Garlic,Zone B,162.53,64.3
2026-01-08,Ginger,Zone A,88.12,86.8
2026-01-08,Ginger,Zone B,84.53,64.7
2026-01-08,Capsicum,Zone A,31.54,20.2
2026-01-08,Capsicum,Zone B,32.16,96.5
2026-01-08,Cauliflower,Zone A,26.2,72.3
2026-01-08,Cauliflower,Zone B,27.08,53.4
2026-01-08,Chilli,Zone A,45.99,39.6
2026-01-08,Chilli,Zone B,43.93,42.2
2026-01-08,Grapes,Zone A,95.48,79.6
2026-01-08,Grapes,Zone B,99.55,65.2
2026-01-08,Apple,Zone A,157.12,58.1
2026-01-08,Apple,Zone B,157.94,29.6
2026-01-08,Banana,Zone A,45.33,87.6
2026-01-08,Banana,Zone B,43.84,24.7
2026-01-08,Strawberry,Zone A,147.98,30.8
2026-01-08,Strawberry,Zone B,139.76,41.8
2026-01-09,Tomato,Zone A,16.79,48.5
2026-01-09,Tomato,Zone B,15.99,62.4
2026-01-09,Onion,Zone A,40.11,81.3
2026-01-09,Onion,Zone B,39.05,27.6
2026-01-09,Potato,Zone A,21.65,89.8
2026-01-09,Potato,Zone B,22.14,74.8
2026-01-09,Garlic,Zone A,159.14,75.1
2026-01-09,Garlic,Zone B,151.75,66.4
2026-01-09,Ginger,Zone A,89.29,61.5
2026-01-09,Ginger,Zone B,91.97,58.8
2026-01-09,Capsicum,Zone A,33.09,28.2
2026-01-09,Capsicum,Zone B,31.16,37.7
2026-01-09,Cauliflower,Zone A,24.09,69.1
2026-01-09,Cauliflower,Zone B,23.97,62.1
2026-01-09,Chilli,Zone A,45.83,80.5
2026-01-09,Chilli,Zone B,44.23,56.8
2026-01-09,Grapes,Zone A,85.9,93.9
2026-01-09,Grapes,Zone B,83.62,44.9
2026-01-09,Apple,Zone A,151.69,91.2
2026-01-09,Apple,Zone B,149.09,81.1
2026-01-09,Banana,Zone A,45.03,22.3
2026-01-09,Banana,Zone B,45.4,37.8
2026-01-09,Strawberry,Zone A,153.61,38.1
2026-01-09,Strawberry,Zone B,153.39,30.4
2026-01-10,Tomato,Zone A,15.47,82.7
2026-01-10,Tomato,Zone B,14.72,82.0
2026-01-10,Onion,Zone A,37.44,28.6
2026-01-10,Onion,Zone B,39.77,61.1
2026-01-10,Potato,Zone A,18.39,40.2
2026-01-10,Potato,Zone B,18.31,73.4
2026-01-10,Garlic,Zone A,167.78,93.6
2026-01-10,Garlic,Zone B,160.21,92.1
2026-01-10,Ginger,Zone A,86.13,27.3
2026-01-10,Ginger,Zone B,89.57,95.3
2026-01-10,Capsicum,Zone A,35.26,32.8
2026-01-10,Capsicum,Zone B,35.69,78.3
2026-01-10,Cauliflower,Zone A,23.72,27.9
2026-01-10,Cauliflower,Zone B,23.74,21.1
2026-01-10,Chilli,Zone A,41.98,42.5
2026-01-10,Chilli,Zone B,44.42,63.0
2026-01-10,Grapes,Zone A,95.4,37.1
2026-01-10,Grapes,Zone B,98.6,76.6
2026-01-10,Apple,Zone A,149.06,55.2
2026-01-10,Apple,Zone B,153.42,34.5
2026-01-10,Banana,Zone A,43.92,37.1
2026-01-10,Banana,Zone B,43.38,29.0
2026-01-10,Strawberry,Zone A,156.72,28.8
2026-01-10,Strawberry,Zone B,156.88,81.0
2026-01-11,Tomato,Zone A,17.19,23.2
2026-01-11,Tomato,Zone B,16.88,29.3
2026-01-11,Onion,Zone A,35.95,45.0
2026-01-11,Onion,Zone B,37.02,55.5
2026-01-11,Potato,Zone A,20.48,88.4
2026-01-11,Potato,Zone B,20.31,25.6
2026-01-11,Garlic,Zone A,165.13,74.3
2026-01-11,Garlic,Zone B,161.21,99.9
2026-01-11,Ginger,Zone A,87.08,55.0
2026-01-11,Ginger,Zone B,91.07,26.8
2026-01-11,Capsicum,Zone A,30.61,67.2
2026-01-11,Capsicum,Zone B,29.88,94.0
2026-01-11,Cauliflower,Zone A,25.96,98.0
2026-01-11,Cauliflower,Zone B,26.55,67.6
2026-01-11,Chilli,Zone A,47.93,87.0
2026-01-11,Chilli,Zone B,50.31,42.3
2026-01-11,Grapes,Zone A,94.89,41.8
2026-01-11,Grapes,Zone B,96.46,71.5
2026-01-11,Apple,Zone A,148.22,68.3
2026-01-11,Apple,Zone B,147.37,58.8
2026-01-11,Banana,Zone A,44.95,28.6
2026-01-11,Banana,Zone B,43.13,59.8
2026-01-11,Strawberry,Zone A,147.52,28.0
2026-01-11,Strawberry,Zone B,146.53,25.5
2026-01-12,Tomato,Zone A,17.68,50.6
2026-01-12,Tomato,Zone B,17.28,32.2
2026-01-12,Onion,Zone A,36.72,26.1
2026-01-12,Onion,Zone B,38.71,81.4
2026-01-12,Potato,Zone A,21.2,73.0
2026-01-12,Potato,Zone B,21.71,40.9
2026-01-12,Garlic,Zone A,162.03,63.7
2026-01-12,Garlic,Zone B,163.2,22.5
2026-01-12,Ginger,Zone A,92.34,50.7
2026-01-12,Ginger,Zone B,88.05,50.1
2026-01-12,Capsicum,Zone A,31.53,64.5
2026-01-12,Capsicum,Zone B,33.7,44.2
2026-01-12,Cauliflower,Zone A,25.66,30.8
2026-01-12,Cauliflower,Zone B,26.12,59.0
2026-01-12,Chilli,Zone A,42.74,72.8
2026-01-12,Chilli,Zone B,42.78,65.8
2026-01-12,Grapes,Zone A,92.91,60.5
2026-01-12,Grapes,Zone B,89.57,59.6
2026-01-12,Apple,Zone A,158.53,48.2
2026-01-12,Apple,Zone B,163.07,45.6
2026-01-12,Banana,Zone A,41.32,87.0
2026-01-12,Banana,Zone B,42.36,79.4
2026-01-12,Strawberry,Zone A,139.98,47.3
2026-01-12,Strawberry,Zone B,131.35,47.6
2026-01-13,Tomato,Zone A,15.88,72.9
2026-01-13,Tomato,Zone B,15.75,71.8
2026-01-13,Onion,Zone A,38.99,25.2
2026-01-13,Onion,Zone B,37.16,47.0
2026-01-13,Potato,Zone A,18.56,56.9
2026-01-13,Potato,Zone B,19.37,65.4
2026-01-13,Garlic,Zone A,163.32,75.7
2026-01-13,Garlic,Zone B,167.59,98.9
2026-01-13,Ginger,Zone A,88.12,65.8
2026-01-13,Ginger,Zone B,91.09,28.0
2026-01-13,Capsicum,Zone A,33.6,60.2
2026-01-13,Capsicum,Zone B,34.77,47.2
2026-01-13,Cauliflower,Zone A,24.99,54.9
2026-01-13,Cauliflower,Zone B,25.26,87.8
2026-01-13,Chilli,Zone A,49.04,62.9
2026-01-13,Chilli,Zone B,46.93,23.8
2026-01-13,Grapes,Zone A,98.16,38.1
2026-01-13,Grapes,Zone B,100.86,27.4
2026-01-13,Apple,Zone A,150.13,46.9
2026-01-13,Apple,Zone B,149.79,84.1
2026-01-13,Banana,Zone A,43.85,83.7
2026-01-13,Banana,Zone B,45.43,44.1
2026-01-13,Strawberry,Zone A,155.87,63.2
2026-01-13,Strawberry,Zone B,152.95,52.2
2026-01-14,Tomato,Zone A,16.81,81.1
2026-01-14,Tomato,Zone B,16.44,21.5
2026-01-14,Onion,Zone A,39.61,66.1
2026-01-14,Onion,Zone B,37.61,97.0
2026-01-14,Potato,Zone A,21.48,95.0
2026-01-14,Potato,Zone B,21.59,69.2
2026-01-14,Garlic,Zone A,163.43,65.3
2026-01-14,Garlic,Zone B,165.97,61.8
2026-01-14,Ginger,Zone A,86.28,32.0
2026-01-14,Ginger,Zone B,90.09,44.0
2026-01-14,Capsicum,Zone A,32.14,86.4
2026-01-14,Capsicum,Zone B,31.48,36.3
2026-01-14,Cauliflower,Zone A,24.99,71.7
2026-01-14,Cauliflower,Zone B,23.88,68.1
2026-01-14,Chilli,Zone A,43.22,35.4
2026-01-14,Chilli,Zone B,43.69,86.2
2026-01-14,Grapes,Zone A,90.59,54.9
2026-01-14,Grapes,Zone B,91.22,23.0
2026-01-14,Apple,Zone A,140.68,40.7
2026-01-14,Apple,Zone B,148.41,72.7
2026-01-14,Banana,Zone A,44.77,97.1
2026-01-14,Banana,Zone B,43.49,21.6
2026-01-14,Strawberry,Zone A,152.94,68.1
2026-01-14,Strawberry,Zone B,162.86,92.0
2026-01-15,Tomato,Zone A,16.04,72.6
2026-01-15,Tomato,Zone B,15.69,95.5
2026-01-15,Onion,Zone A,37.53,29.0
2026-01-15,Onion,Zone B,39.36,94.6
2026-01-15,Potato,Zone A,21.25,96.0
2026-01-15,Potato,Zone B,21.42,40.1
2026-01-15,Garlic,Zone A,162.67,29.8
2026-01-15,Garlic,Zone B,170.23,46.3
2026-01-15,Ginger,Zone A,89.96,79.9
2026-01-15,Ginger,Zone B,88.84,53.8
2026-01-15,Capsicum,Zone A,30.06,97.6
2026-01-15,Capsicum,Zone B,30.72,40.3
2026-01-15,Cauliflower,Zone A,25.13,50.0
2026-01-15,Cauliflower,Zone B,26.06,45.3
2026-01-15,Chilli,Zone A,45.4,97.1
2026-01-15,Chilli,Zone B,46.1,95.0
2026-01-15,Grapes,Zone A,90.02,85.7
2026-01-15,Grapes,Zone B,85.1,97.3
2026-01-15,Apple,Zone A,155.73,73.0
2026-01-15,Apple,Zone B,156.93,75.3
2026-01-15,Banana,Zone A,45.34,64.2
2026-01-15,Banana,Zone B,45.59,96.7
2026-01-15,Strawberry,Zone A,148.41,29.8
2026-01-15,Strawberry,Zone B,149.05,88.6
2026-01-16,Tomato,Zone A,16.7,51.4
2026-01-16,Tomato,Zone B,16.78,40.4
2026-01-16,Onion,Zone A,35.25,38.8
2026-01-16,Onion,Zone B,33.56,91.2
2026-01-16,Potato,Zone A,22.42,90.4
2026-01-16,Potato,Zone B,22.66,52.5
2026-01-16,Garlic,Zone A,157.01,85.9
2026-01-16,Garlic,Zone B,157.92,57.7
2026-01-16,Ginger,Zone A,91.65,77.4
2026-01-16,Ginger,Zone B,91.91,85.6
2026-01-16,Capsicum,Zone A,35.5,60.5
2026-01-16,Capsicum,Zone B,34.53,68.2
2026-01-16,Cauliflower,Zone A,26.66,56.3
2026-01-16,Cauliflower,Zone B,25.17,24.2
2026-01-16,Chilli,Zone A,47.03,83.3
2026-01-16,Chilli,Zone B,45.19,52.1
2026-01-16,Grapes,Zone A,91.48,26.6
2026-01-16,Grapes,Zone B,90.32,61.3
2026-01-16,Apple,Zone A,161.2,81.1
2026-01-16,Apple,Zone B,161.4,74.9
2026-01-16,Banana,Zone A,45.65,58.3
2026-01-16,Banana,Zone B,47.19,40.9
2026-01-16,Strawberry,Zone A,157.58,84.0
2026-01-16,Strawberry,Zone B,149.86,53.2
2026-01-17,Tomato,Zone A,16.01,95.6
2026-01-17,Tomato,Zone B,16.02,38.0
2026-01-17,Onion,Zone A,41.51,71.8
2026-01-17,Onion,Zone B,40.56,92.5
2026-01-17,Potato,Zone A,21.86,76.1
2026-01-17,Potato,Zone B,21.81,52.1
2026-01-17,Garlic,Zone A,155.81,27.1
2026-01-17,Garlic,Zone B,157.18,95.8
2026-01-17,Ginger,Zone A,88.07,54.8
2026-01-17,Ginger,Zone B,89.46,56.3
2026-01-17,Capsicum,Zone A,33.0,77.1
2026-01-17,Capsicum,Zone B,33.2,89.0
2026-01-17,Cauliflower,Zone A,25.58,59.5
2026-01-17,Cauliflower,Zone B,25.25,88.5
2026-01-17,Chilli,Zone A,48.03,42.6
2026-01-17,Chilli,Zone B,46.86,53.5
2026-01-17,Grapes,Zone A,86.71,43.2
2026-01-17,Grapes,Zone B,87.54,69.4
2026-01-17,Apple,Zone A,154.48,74.7
2026-01-17,Apple,Zone B,155.59,20.8
2026-01-17,Banana,Zone A,42.74,75.4
2026-01-17,Banana,Zone B,44.0,77.1
2026-01-17,Strawberry,Zone A,157.04,40.5
2026-01-17,Strawberry,Zone B,149.14,24.7
2026-01-18,Tomato,Zone A,15.66,92.7
2026-01-18,Tomato,Zone B,16.63,95.1
2026-01-18,Onion,Zone A,40.6,79.9
2026-01-18,Onion,Zone B,38.81,40.3
2026-01-18,Potato,Zone A,20.74,51.6
2026-01-18,Potato,Zone B,20.86,97.4
2026-01-18,Garlic,Zone A,161.99,40.8
2026-01-18,Garlic,Zone B,161.0,94.4
2026-01-18,Ginger,Zone A,90.65,45.4
2026-01-18,Ginger,Zone B,93.63,31.3
2026-01-18,Capsicum,Zone A,29.58,30.2
2026-01-18,Capsicum,Zone B,31.61,86.8
2026-01-18,Cauliflower,Zone A,26.75,42.6
2026-01-18,Cauliflower,Zone B,26.65,69.0
2026-01-18,Chilli,Zone A,46.63,45.0
2026-01-18,Chilli,Zone B,49.03,45.2
2026-01-18,Grapes,Zone A,101.0,32.1
2026-01-18,Grapes,Zone B,101.7,72.6
2026-01-18,Apple,Zone A,148.95,31.9
2026-01-18,Apple,Zone B,151.13,22.9
2026-01-18,Banana,Zone A,44.64,54.9
2026-01-18,Banana,Zone B,45.66,94.2
2026-01-18,Strawberry,Zone A,134.54,76.7
2026-01-18,Strawberry,Zone B,135.94,59.4
2026-01-19,Tomato,Zone A,18.05,29.9
2026-01-19,Tomato,Zone B,16.97,89.5
2026-01-19,Onion,Zone A,34.04,60.7
2026-01-19,Onion,Zone B,34.33,91.3
2026-01-19,Potato,Zone A,21.09,97.7
2026-01-19,Potato,Zone B,20.99,65.7
2026-01-19,Garlic,Zone A,153.29,81.5
2026-01-19,Garlic,Zone B,160.91,91.0
2026-01-19,Ginger,Zone A,86.98,74.5
2026-01-19,Ginger,Zone B,85.01,67.2
2026-01-19,Capsicum,Zone A,36.67,32.3
2026-01-19,Capsicum,Zone B,34.51,86.5
2026-01-19,Cauliflower,Zone A,25.37,96.4
2026-01-19,Cauliflower,Zone B,25.66,20.5
2026-01-19,Chilli,Zone A,49.87,96.1
2026-01-19,Chilli,Zone B,48.56,78.5
2026-01-19,Grapes,Zone A,98.08,65.5
2026-01-19,Grapes,Zone B,92.43,23.9
2026-01-19,Apple,Zone A,150.0,24.4
2026-01-19,Apple,Zone B,146.93,96.2
2026-01-19,Banana,Zone A,44.11,34.2
2026-01-19,Banana,Zone B,46.12,89.2
2026-01-19,Strawberry,Zone A,141.28,33.0
2026-01-19,Strawberry,Zone B,140.48,42.8
2026-01-20,Tomato,Zone A,17.47,29.6
2026-01-20,Tomato,Zone B,17.25,54.6
2026-01-20,Onion,Zone A,38.6,74.8
2026-01-20,Onion,Zone B,38.04,73.2
2026-01-20,Potato,Zone A,21.89,59.2
2026-01-20,Potato,Zone B,22.54,58.1
2026-01-20,Garlic,Zone A,160.02,80.5
2026-01-20,Garlic,Zone B,165.01,69.1
2026-01-20,Ginger,Zone A,88.88,23.2
2026-01-20,Ginger,Zone B,88.28,57.1
2026-01-20,Capsicum,Zone A,31.81,32.4
2026-01-20,Capsicum,Zone B,31.33,70.4
2026-01-20,Cauliflower,Zone A,24.44,55.0
2026-01-20,Cauliflower,Zone B,25.67,58.2
2026-01-20,Chilli,Zone A,41.21,92.2
2026-01-20,Chilli,Zone B,43.64,61.8
2026-01-20,Grapes,Zone A,84.21,26.1
2026-01-20,Grapes,Zone B,84.2,28.6
2026-01-20,Apple,Zone A,144.04,72.9
2026-01-20,Apple,Zone B,149.69,40.3
2026-01-20,Banana,Zone A,42.43,60.3
2026-01-20,Banana,Zone B,42.54,72.9
2026-01-20,Strawberry,Zone A,136.29,51.4
2026-01-20,Strawberry,Zone B,135.19,90.1
2026-01-21,Tomato,Zone A,16.0,56.4
2026-01-21,Tomato,Zone B,16.11,69.9
2026-01-21,Onion,Zone A,36.87,89.7
2026-01-21,Onion,Zone B,34.65,34.8
2026-01-21,Potato,Zone A,21.73,89.7
2026-01-21,Potato,Zone B,20.87,62.8
2026-01-21,Garlic,Zone A,147.43,33.7
2026-01-21,Garlic,Zone B,151.82,75.3
2026-01-21,Ginger,Zone A,96.8,68.2
2026-01-21,Ginger,Zone B,93.22,69.5
2026-01-21,Capsicum,Zone A,35.44,73.9
2026-01-21,Capsicum,Zone B,36.39,51.6
2026-01-21,Cauliflower,Zone A,23.15,21.1
2026-01-21,Cauliflower,Zone B,23.12,21.3
2026-01-21,Chilli,Zone A,50.67,36.7
2026-01-21,Chilli,Zone B,49.84,72.0
2026-01-21,Grapes,Zone A,90.6,83.2
2026-01-21,Grapes,Zone B,87.47,44.1
2026-01-21,Apple,Zone A,149.14,21.7
2026-01-21,Apple,Zone B,145.46,32.2
2026-01-21,Banana,Zone A,47.62,57.7
2026-01-21,Banana,Zone B,47.23,66.8
2026-01-21,Strawberry,Zone A,141.22,86.7
2026-01-21,Strawberry,Zone B,135.39,20.6
2026-01-22,Tomato,Zone A,17.18,98.4
2026-01-22,Tomato,Zone B,17.36,79.0
2026-01-22,Onion,Zone A,37.94,43.3
2026-01-22,Onion,Zone B,37.73,58.9
2026-01-22,Potato,Zone A,21.15,74.3
2026-01-22,Potato,Zone B,21.5,59.0
2026-01-22,Garlic,Zone A,163.8,53.8
2026-01-22,Garlic,Zone B,161.02,25.1
2026-01-22,Ginger,Zone A,92.92,57.9
2026-01-22,Ginger,Zone B,93.5,95.1
2026-01-22,Capsicum,Zone A,32.59,21.7
2026-01-22,Capsicum,Zone B,31.54,35.4
2026-01-22,Cauliflower,Zone A,23.53,37.6
2026-01-22,Cauliflower,Zone B,24.83,47.1
2026-01-22,Chilli,Zone A,47.48,72.6
2026-01-22,Chilli,Zone B,44.85,43.5
2026-01-22,Grapes,Zone A,97.7,86.6
2026-01-22,Grapes,Zone B,95.54,78.8
2026-01-22,Apple,Zone A,158.14,87.6
2026-01-22,Apple,Zone B,155.94,42.6
2026-01-22,Banana,Zone A,46.74,30.3
2026-01-22,Banana,Zone B,45.01,68.5
2026-01-22,Strawberry,Zone A,136.8,99.5
2026-01-22,Strawberry,Zone B,135.56,36.8
2026-01-23,Tomato,Zone A,14.56,90.5
2026-01-23,Tomato,Zone B,14.97,32.7
2026-01-23,Onion,Zone A,40.58,22.6
2026-01-23,Onion,Zone B,37.97,54.4
2026-01-23,Potato,Zone A,20.43,37.9
2026-01-23,Potato,Zone B,20.66,47.2
2026-01-23,Garlic,Zone A,151.97,90.2
2026-01-23,Garlic,Zone B,154.75,32.1
2026-01-23,Ginger,Zone A,91.82,73.6
2026-01-23,Ginger,Zone B,93.23,94.1
2026-01-23,Capsicum,Zone A,32.52,87.3
2026-01-23,Capsicum,Zone B,31.61,28.5
2026-01-23,Cauliflower,Zone A,25.82,95.8
2026-01-23,Cauliflower,Zone B,25.9,23.4
2026-01-23,Chilli,Zone A,42.56,89.7
2026-01-23,Chilli,Zone B,43.5,32.6
2026-01-23,Grapes,Zone A,86.91,60.5
2026-01-23,Grapes,Zone B,88.94,27.9
2026-01-23,Apple,Zone A,150.19,31.0
2026-01-23,Apple,Zone B,156.45,55.1
2026-01-23,Banana,Zone A,45.58,39.6
2026-01-23,Banana,Zone B,45.72,47.3
2026-01-23,Strawberry,Zone A,143.7,49.8
2026-01-23,Strawberry,Zone B,151.67,48.9
2026-01-24,Tomato,Zone A,16.52,80.3
2026-01-24,Tomato,Zone B,16.89,38.3
2026-01-24,Onion,Zone A,38.89,52.7
2026-01-24,Onion,Zone B,39.03,88.2
2026-01-24,Potato,Zone A,21.49,22.4
2026-01-24,Potato,Zone B,21.11,20.8
2026-01-24,Garlic,Zone A,170.75,26.8
2026-01-24,Garlic,Zone B,162.46,98.6
2026-01-24,Ginger,Zone A,83.93,80.7
2026-01-24,Ginger,Zone B,88.09,71.3
2026-01-24,Capsicum,Zone A,34.16,70.5
2026-01-24,Capsicum,Zone B,36.02,72.8
2026-01-24,Cauliflower,Zone A,24.43,52.2
2026-01-24,Cauliflower,Zone B,25.2,64.3
2026-01-24,Chilli,Zone A,44.61,92.7
2026-01-24,Chilli,Zone B,42.04,42.4
2026-01-24,Grapes,Zone A,94.28,76.0
2026-01-24,Grapes,Zone B,90.82,36.4
2026-01-24,Apple,Zone A,154.14,72.2
2026-01-24,Apple,Zone B,153.05,91.0
2026-01-24,Banana,Zone A,45.91,35.8
2026-01-24,Banana,Zone B,45.53,23.0
2026-01-24,Strawberry,Zone A,146.63,79.2
2026-01-24,Strawberry,Zone B,139.72,99.4
2026-01-25,Tomato,Zone A,15.34,64.1
2026-01-25,Tomato,Zone B,15.88,80.6
2026-01-25,Onion,Zone A,33.51,83.7
2026-01-25,Onion,Zone B,35.09,39.3
2026-01-25,Potato,Zone A,22.05,99.0
2026-01-25,Potato,Zone B,20.98,24.8
2026-01-25,Garlic,Zone A,159.57,48.4
2026-01-25,Garlic,Zone B,152.25,72.1
2026-01-25,Ginger,Zone A,85.22,78.9
2026-01-25,Ginger,Zone B,86.3,98.6
2026-01-25,Capsicum,Zone A,36.19,65.2
2026-01-25,Capsicum,Zone B,35.93,70.2
2026-01-25,Cauliflower,Zone A,25.09,48.0
2026-01-25,Cauliflower,Zone B,24.47,82.8
2026-01-25,Chilli,Zone A,47.8,77.1
2026-01-25,Chilli,Zone B,47.22,39.8
2026-01-25,Grapes,Zone A,88.49,85.8
2026-01-25,Grapes,Zone B,86.93,27.8
2026-01-25,Apple,Zone A,157.2,26.6
2026-01-25,Apple,Zone B,147.81,91.1
2026-01-25,Banana,Zone A,44.7,49.5
2026-01-25,Banana,Zone B,44.99,67.1
2026-01-25,Strawberry,Zone A,147.76,41.1
2026-01-25,Strawberry,Zone B,149.0,53.9
2026-01-26,Tomato,Zone A,16.88,59.2
2026-01-26,Tomato,Zone B,16.94,85.9
2026-01-26,Onion,Zone A,33.69,76.9
2026-01-26,Onion,Zone B,33.69,76.4
2026-01-26,Potato,Zone A,21.32,37.0
2026-01-26,Potato,Zone B,21.94,79.7
2026-01-26,Garlic,Zone A,165.36,96.1
2026-01-26,Garlic,Zone B,168.46,52.7
2026-01-26,Ginger,Zone A,87.08,23.2
2026-01-26,Ginger,Zone B,84.19,49.7
2026-01-26,Capsicum,Zone A,35.38,58.9
2026-01-26,Capsicum,Zone B,36.78,31.4
2026-01-26,Cauliflower,Zone A,24.25,91.5
2026-01-26,Cauliflower,Zone B,25.94,37.2
2026-01-26,Chilli,Zone A,47.96,29.8
2026-01-26,Chilli,Zone B,47.43,89.6
2026-01-26,Grapes,Zone A,89.91,65.3
2026-01-26,Grapes,Zone B,92.25,82.5
2026-01-26,Apple,Zone A,152.26,68.5
2026-01-26,Apple,Zone B,152.76,60.4
2026-01-26,Banana,Zone A,44.64,55.9
2026-01-26,Banana,Zone B,46.14,46.0
2026-01-26,Strawberry,Zone A,158.66,52.8
2026-01-26,Strawberry,Zone B,153.25,51.6
2026-01-27,Tomato,Zone A,17.23,91.2
2026-01-27,Tomato,Zone B,16.94,71.7
2026-01-27,Onion,Zone A,40.25,65.8
2026-01-27,Onion,Zone B,40.53,76.6
2026-01-27,Potato,Zone A,20.23,64.7
2026-01-27,Potato,Zone B,20.34,69.5
2026-01-27,Garlic,Zone A,155.46,65.6
2026-01-27,Garlic,Zone B,157.22,58.1
2026-01-27,Ginger,Zone A,90.73,94.9
2026-01-27,Ginger,Zone B,91.17,21.5
2026-01-27,Capsicum,Zone A,34.01,76.4
2026-01-27,Capsicum,Zone B,35.8,55.5
2026-01-27,Cauliflower,Zone A,26.35,52.1
2026-01-27,Cauliflower,Zone B,25.18,89.0
2026-01-27,Chilli,Zone A,41.23,53.2
2026-01-27,Chilli,Zone B,42.63,45.4
2026-01-27,Grapes,Zone A,84.07,27.9
2026-01-27,Grapes,Zone B,84.44,31.5
2026-01-27,Apple,Zone A,141.53,44.5
2026-01-27,Apple,Zone B,145.25,33.5
2026-01-27,Banana,Zone A,44.88,22.2
2026-01-27,Banana,Zone B,43.91,51.2
2026-01-27,Strawberry,Zone A,142.64,45.9
2026-01-27,Strawberry,Zone B,142.21,86.2
2026-01-28,Tomato,Zone A,15.0,80.2
2026-01-28,Tomato,Zone B,15.47,59.4
2026-01-28,Onion,Zone A,38.47,29.2
2026-01-28,Onion,Zone B,37.46,57.2
2026-01-28,Potato,Zone A,20.25,52.6
2026-01-28,Potato,Zone B,19.84,90.9
2026-01-28,Garlic,Zone A,162.1,74.0
2026-01-28,Garlic,Zone B,153.13,64.4
2026-01-28,Ginger,Zone A,91.12,52.5
2026-01-28,Ginger,Zone B,89.49,70.9
2026-01-28,Capsicum,Zone A,32.39,49.9
2026-01-28,Capsicum,Zone B,32.43,82.6
2026-01-28,Cauliflower,Zone A,24.77,92.9
2026-01-28,Cauliflower,Zone B,24.82,20.1
2026-01-28,Chilli,Zone A,46.27,43.1
2026-01-28,Chilli,Zone B,46.79,20.0
2026-01-28,Grapes,Zone A,97.76,67.8
2026-01-28,Grapes,Zone B,100.56,50.4
2026-01-28,Apple,Zone A,149.33,66.8
2026-01-28,Apple,Zone B,147.89,23.6
2026-01-28,Banana,Zone A,46.31,44.1
2026-01-28,Banana,Zone B,45.69,29.8
2026-01-28,Strawberry,Zone A,139.4,42.4
2026-01-28,Strawberry,Zone B,138.02,68.8
2026-01-29,Tomato,Zone A,17.61,74.6
2026-01-29,Tomato,Zone B,17.65,40.9
2026-01-29,Onion,Zone A,38.68,39.7
2026-01-29,Onion,Zone B,40.33,47.3
2026-01-29,Potato,Zone A,20.64,21.3
2026-01-29,Potato,Zone B,20.79,71.7
2026-01-29,Garlic,Zone A,151.75,92.1
2026-01-29,Garlic,Zone B,154.13,53.1
2026-01-29,Ginger,Zone A,95.08,81.0
2026-01-29,Ginger,Zone B,93.84,83.0
2026-01-29,Capsicum,Zone A,32.75,22.5
2026-01-29,Capsicum,Zone B,34.8,73.7
2026-01-29,Cauliflower,Zone A,25.22,85.0
2026-01-29,Cauliflower,Zone B,26.19,48.6
2026-01-29,Chilli,Zone A,43.63,75.8
2026-01-29,Chilli,Zone B,41.03,57.0
2026-01-29,Grapes,Zone A,97.51,37.7
2026-01-29,Grapes,Zone B,94.19,42.5
2026-01-29,Apple,Zone A,154.54,27.2
2026-01-29,Apple,Zone B,157.74,44.3
2026-01-29,Banana,Zone A,45.0,59.5
2026-01-29,Banana,Zone B,45.48,42.5
2026-01-29,Strawberry,Zone A,162.06,36.7
2026-01-29,Strawberry,Zone B,155.55,85.7
2026-01-30,Tomato,Zone A,16.67,65.5
2026-01-30,Tomato,Zone B,16.18,64.1
2026-01-30,Onion,Zone A,38.4,74.6
2026-01-30,Onion,Zone B,38.4,25.2
2026-01-30,Potato,Zone A,18.56,40.8
2026-01-30,Potato,Zone B,19.34,38.2
2026-01-30,Garlic,Zone A,163.99,35.3
2026-01-30,Garlic,Zone B,162.65,99.4
2026-01-30,Ginger,Zone A,91.98,40.2
2026-01-30,Ginger,Zone B,92.18,56.3
2026-01-30,Capsicum,Zone A,36.03,95.4
2026-01-30,Capsicum,Zone B,34.35,95.1
2026-01-30,Cauliflower,Zone A,25.41,41.9
2026-01-30,Cauliflower,Zone B,24.8,57.3
2026-01-30,Chilli,Zone A,45.15,90.7
2026-01-30,Chilli,Zone B,43.26,42.2
2026-01-30,Grapes,Zone A,89.07,20.4
2026-01-30,Grapes,Zone B,87.25,26.5
2026-01-30,Apple,Zone A,145.34,79.0
2026-01-30,Apple,Zone B,156.86,53.9
2026-01-30,Banana,Zone A,42.22,33.2
2026-01-30,Banana,Zone B,42.43,70.1
2026-01-30,Strawberry,Zone A,137.39,84.6
2026-01-30,Strawberry,Zone B,138.63,70.1
2026-01-31,Tomato,Zone A,15.68,28.6
2026-01-31,Tomato,Zone B,15.67,47.3
2026-01-31,Onion,Zone A,33.66,83.5
2026-01-31,Onion,Zone B,35.33,82.1
2026-01-31,Potato,Zone A,21.52,70.0
2026-01-31,Potato,Zone B,21.21,26.8
2026-01-31,Garlic,Zone A,147.26,45.1
2026-01-31,Garlic,Zone B,157.23,25.2
2026-01-31,Ginger,Zone A,89.55,55.4
2026-01-31,Ginger,Zone B,85.27,70.1
2026-01-31,Capsicum,Zone A,30.83,64.7
2026-01-31,Capsicum,Zone B,29.9,50.5
2026-01-31,Cauliflower,Zone A,23.39,38.6
2026-01-31,Cauliflower,Zone B,23.11,72.8
2026-01-31,Chilli,Zone A,40.95,83.6
2026-01-31,Chilli,Zone B,42.59,69.5
2026-01-31,Grapes,Zone A,91.19,82.6
2026-01-31,Grapes,Zone B,87.78,46.3
2026-01-31,Apple,Zone A,140.77,67.6
2026-01-31,Apple,Zone B,140.36,83.2
2026-01-31,Banana,Zone A,43.88,71.0
2026-01-31,Banana,Zone B,42.77,53.7
2026-01-31,Strawberry,Zone A,153.88,39.5
2026-01-31,Strawberry,Zone B,158.24,24.8
2026-02-01,Tomato,Zone A,15.85,96.8
2026-02-01,Tomato,Zone B,16.26,44.9
2026-02-01,Onion,Zone A,47.76,31.8
2026-02-01,Onion,Zone B,46.02,47.4
2026-02-01,Potato,Zone A,19.34,66.9
2026-02-01,Potato,Zone B,20.42,24.6
2026-02-01,Garlic,Zone A,135.71,88.7
2026-02-01,Garlic,Zone B,131.35,35.6
2026-02-01,Ginger,Zone A,90.16,82.8
2026-02-01,Ginger,Zone B,86.2,73.4
2026-02-01,Capsicum,Zone A,35.49,68.0
2026-02-01,Capsicum,Zone B,33.71,66.3
2026-02-01,Cauliflower,Zone A,31.68,53.5
2026-02-01,Cauliflower,Zone B,30.54,56.3
2026-02-01,Chilli,Zone A,54.52,37.6
2026-02-01,Chilli,Zone B,54.34,37.8
2026-02-01,Grapes,Zone A,87.16,39.1
2026-02-01,Grapes,Zone B,87.92,96.2
2026-02-01,Apple,Zone A,150.31,36.4
2026-02-01,Apple,Zone B,143.75,99.2
2026-02-01,Banana,Zone A,42.87,22.4
2026-02-01,Banana,Zone B,43.02,43.2
2026-02-01,Strawberry,Zone A,141.21,81.2
2026-02-01,Strawberry,Zone B,135.13,22.4
2026-02-02,Tomato,Zone A,15.19,90.8
2026-02-02,Tomato,Zone B,15.87,47.2
2026-02-02,Onion,Zone A,44.08,21.7
2026-02-02,Onion,Zone B,46.49,92.9
2026-02-02,Potato,Zone A,19.1,50.3
2026-02-02,Potato,Zone B,19.26,28.9
2026-02-02,Garlic,Zone A,140.25,39.2
2026-02-02,Garlic,Zone B,145.99,72.9
2026-02-02,Ginger,Zone A,97.56,99.8
2026-02-02,Ginger,Zone B,96.84,90.3
2026-02-02,Capsicum,Zone A,29.53,93.9
2026-02-02,Capsicum,Zone B,31.11,35.3
2026-02-02,Cauliflower,Zone A,29.34,68.0
2026-02-02,Cauliflower,Zone B,30.77,39.6
2026-02-02,Chilli,Zone A,52.99,35.1
2026-02-02,Chilli,Zone B,52.65,83.2
2026-02-02,Grapes,Zone A,84.77,83.6
2026-02-02,Grapes,Zone B,90.53,88.1
2026-02-02,Apple,Zone A,161.87,36.7
2026-02-02,Apple,Zone B,151.77,57.7
2026-02-02,Banana,Zone A,44.14,60.7
2026-02-02,Banana,Zone B,46.66,71.6
2026-02-02,Strawberry,Zone A,148.73,57.1
2026-02-02,Strawberry,Zone B,146.63,49.9
2026-02-03,Tomato,Zone A,17.38,59.6
2026-02-03,Tomato,Zone B,16.77,52.1
2026-02-03,Onion,Zone A,47.21,22.9
2026-02-03,Onion,Zone B,45.84,36.2
2026-02-03,Potato,Zone A,21.8,44.5
2026-02-03,Potato,Zone B,22.67,65.7
2026-02-03,Garlic,Zone A,141.02,64.0
2026-02-03,Garlic,Zone B,138.28,26.7
2026-02-03,Ginger,Zone A,88.44,66.7
2026-02-03,Ginger,Zone B,89.25,69.7
2026-02-03,Capsicum,Zone A,32.47,52.7
2026-02-03,Capsicum,Zone B,33.35,45.4
2026-02-03,Cauliflower,Zone A,28.89,38.7
2026-02-03,Cauliflower,Zone B,29.99,48.7
2026-02-03,Chilli,Zone A,54.15,61.0
2026-02-03,Chilli,Zone B,53.31,82.9
2026-02-03,Grapes,Zone A,94.65,25.7
2026-02-03,Grapes,Zone B,94.18,36.0
2026-02-03,Apple,Zone A,143.46,44.2
2026-02-03,Apple,Zone B,149.12,74.7
2026-02-03,Banana,Zone A,44.71,99.8
2026-02-03,Banana,Zone B,45.74,80.2
2026-02-03,Strawberry,Zone A,160.09,20.7
2026-02-03,Strawberry,Zone B,152.49,85.8
2026-02-04,Tomato,Zone A,17.22,52.5
2026-02-04,Tomato,Zone B,17.46,72.4
2026-02-04,Onion,Zone A,44.92,80.9
2026-02-04,Onion,Zone B,43.61,51.8
2026-02-04,Potato,Zone A,19.99,58.0
2026-02-04,Potato,Zone B,19.63,82.9
2026-02-04,Garlic,Zone A,140.64,56.9
2026-02-04,Garlic,Zone B,141.41,45.0
2026-02-04,Ginger,Zone A,89.07,75.8
2026-02-04,Ginger,Zone B,85.16,56.0
2026-02-04,Capsicum,Zone A,33.02,66.2
2026-02-04,Capsicum,Zone B,32.36,95.5
2026-02-04,Cauliflower,Zone A,29.24,86.7
2026-02-04,Cauliflower,Zone B,28.16,53.5
2026-02-04,Chilli,Zone A,55.59,82.3
2026-02-04,Chilli,Zone B,56.19,46.1
2026-02-04,Grapes,Zone A,84.78,93.8
2026-02-04,Grapes,Zone B,80.59,96.2
2026-02-04,Apple,Zone A,148.99,68.2
2026-02-04,Apple,Zone B,148.73,89.4
2026-02-04,Banana,Zone A,46.04,51.3
2026-02-04,Banana,Zone B,47.29,35.1
2026-02-04,Strawberry,Zone A,138.7,56.1
2026-02-04,Strawberry,Zone B,142.29,27.5
2026-02-05,Tomato,Zone A,15.38,22.6
2026-02-05,Tomato,Zone B,15.54,59.1
2026-02-05,Onion,Zone A,42.09,97.0
2026-02-05,Onion,Zone B,42.84,38.6
2026-02-05,Potato,Zone A,20.49,24.6
2026-02-05,Potato,Zone B,21.25,33.7
2026-02-05,Garlic,Zone A,139.63,32.6
2026-02-05,Garlic,Zone B,136.25,62.9
2026-02-05,Ginger,Zone A,86.71,96.4
2026-02-05,Ginger,Zone B,92.43,30.4
2026-02-05,Capsicum,Zone A,31.06,76.8
2026-02-05,Capsicum,Zone B,31.17,68.3
2026-02-05,Cauliflower,Zone A,31.54,60.2
2026-02-05,Cauliflower,Zone B,31.78,42.0
2026-02-05,Chilli,Zone A,50.8,25.1
2026-02-05,Chilli,Zone B,51.87,84.6
2026-02-05,Grapes,Zone A,94.17,90.3
2026-02-05,Grapes,Zone B,90.89,66.1
2026-02-05,Apple,Zone A,150.95,90.5
2026-02-05,Apple,Zone B,153.02,76.0
2026-02-05,Banana,Zone A,45.21,69.0
2026-02-05,Banana,Zone B,47.09,34.0
2026-02-05,Strawberry,Zone A,146.26,78.7
2026-02-05,Strawberry,Zone B,141.25,92.9
2026-02-06,Tomato,Zone A,15.64,51.5
2026-02-06,Tomato,Zone B,16.1,39.2
2026-02-06,Onion,Zone A,45.82,70.2
2026-02-06,Onion,Zone B,45.89,93.3
2026-02-06,Potato,Zone A,21.75,37.4
2026-02-06,Potato,Zone B,21.36,99.4
2026-02-06,Garlic,Zone A,138.55,26.1
2026-02-06,Garlic,Zone B,129.06,81.3
2026-02-06,Ginger,Zone A,88.09,40.2
2026-02-06,Ginger,Zone B,88.48,57.0
2026-02-06,Capsicum,Zone A,30.91,80.0
2026-02-06,Capsicum,Zone B,30.15,79.7
2026-02-06,Cauliflower,Zone A,30.81,20.9
2026-02-06,Cauliflower,Zone B,30.11,93.4
2026-02-06,Chilli,Zone A,55.12,58.8
2026-02-06,Chilli,Zone B,52.18,63.9
2026-02-06,Grapes,Zone A,89.61,31.2
2026-02-06,Grapes,Zone B,88.72,87.3
2026-02-06,Apple,Zone A,139.47,28.0
2026-02-06,Apple,Zone B,142.67,62.8
2026-02-06,Banana,Zone A,43.0,81.1
2026-02-06,Banana,Zone B,45.14,32.3
2026-02-06,Strawberry,Zone A,141.39,22.8
2026-02-06,Strawberry,Zone B,146.69,37.3
2026-02-07,Tomato,Zone A,17.55,84.9
2026-02-07,Tomato,Zone B,17.28,77.3
2026-02-07,Onion,Zone A,46.38,44.7
2026-02-07,Onion,Zone B,45.11,20.4
2026-02-07,Potato,Zone A,22.11,94.3
2026-02-07,Potato,Zone B,21.43,39.1
2026-02-07,Garlic,Zone A,121.43,99.1
2026-02-07,Garlic,Zone B,120.6,35.4
2026-02-07,Ginger,Zone A,89.47,90.6
2026-02-07,Ginger,Zone B,93.69,86.4
2026-02-07,Capsicum,Zone A,30.18,53.3
2026-02-07,Capsicum,Zone B,30.03,46.2
2026-02-07,Cauliflower,Zone A,29.44,36.6
2026-02-07,Cauliflower,Zone B,30.29,95.1
2026-02-07,Chilli,Zone A,51.7,48.5
2026-02-07,Chilli,Zone B,51.53,52.2
2026-02-07,Grapes,Zone A,86.94,56.7
2026-02-07,Grapes,Zone B,84.67,85.2
2026-02-07,Apple,Zone A,150.65,25.4
2026-02-07,Apple,Zone B,148.82,44.1
2026-02-07,Banana,Zone A,47.2,28.1
2026-02-07,Banana,Zone B,45.58,99.2
2026-02-07,Strawberry,Zone A,153.81,96.7
2026-02-07,Strawberry,Zone B,159.22,98.5
2026-02-08,Tomato,Zone A,17.33,97.8
2026-02-08,Tomato,Zone B,17.35,46.6
2026-02-08,Onion,Zone A,47.01,45.4
2026-02-08,Onion,Zone B,46.89,58.6
2026-02-08,Potato,Zone A,20.18,66.8
2026-02-08,Potato,Zone B,19.82,71.2
2026-02-08,Garlic,Zone A,126.46,99.1
2026-02-08,Garlic,Zone B,122.89,69.3
2026-02-08,Ginger,Zone A,92.14,79.0
2026-02-08,Ginger,Zone B,95.5,69.6
2026-02-08,Capsicum,Zone A,30.05,43.7
2026-02-08,Capsicum,Zone B,29.51,36.4
2026-02-08,Cauliflower,Zone A,29.58,67.8
2026-02-08,Cauliflower,Zone B,29.63,79.1
2026-02-08,Chilli,Zone A,53.1,71.5
2026-02-08,Chilli,Zone B,55.18,61.7
2026-02-08,Grapes,Zone A,99.8,43.1
2026-02-08,Grapes,Zone B,94.87,87.8
2026-02-08,Apple,Zone A,144.43,63.1
2026-02-08,Apple,Zone B,152.27,73.2
2026-02-08,Banana,Zone A,44.53,77.6
2026-02-08,Banana,Zone B,44.25,50.5
2026-02-08,Strawberry,Zone A,143.02,20.5
2026-02-08,Strawberry,Zone B,147.94,25.6
2026-02-09,Tomato,Zone A,15.74,31.3
2026-02-09,Tomato,Zone B,15.21,27.3
2026-02-09,Onion,Zone A,46.62,94.5
2026-02-09,Onion,Zone B,44.46,26.3
2026-02-09,Potato,Zone A,21.14,77.7
2026-02-09,Potato,Zone B,21.03,34.1
2026-02-09,Garlic,Zone A,123.81,55.9
2026-02-09,Garlic,Zone B,127.34,41.7
2026-02-09,Ginger,Zone A,89.42,97.8
2026-02-09,Ginger,Zone B,91.78,33.4
2026-02-09,Capsicum,Zone A,32.66,78.8
2026-02-09,Capsicum,Zone B,33.33,85.6
2026-02-09,Cauliflower,Zone A,29.69,50.5
2026-02-09,Cauliflower,Zone B,31.76,80.7
2026-02-09,Chilli,Zone A,57.75,32.2
2026-02-09,Chilli,Zone B,58.36,40.6
2026-02-09,Grapes,Zone A,89.82,50.0
2026-02-09,Grapes,Zone B,90.91,25.8
2026-02-09,Apple,Zone A,144.19,32.4
2026-02-09,Apple,Zone B,140.96,21.0
2026-02-09,Banana,Zone A,45.81,59.3
2026-02-09,Banana,Zone B,46.54,95.2
2026-02-09,Strawberry,Zone A,159.57,59.2
2026-02-09,Strawberry,Zone B,163.02,67.1
2026-02-10,Tomato,Zone A,15.63,93.7
2026-02-10,Tomato,Zone B,16.08,65.2
2026-02-10,Onion,Zone A,43.4,40.4
2026-02-10,Onion,Zone B,45.07,77.8
2026-02-10,Potato,Zone A,20.64,75.1
2026-02-10,Potato,Zone B,20.99,72.1
2026-02-10,Garlic,Zone A,144.92,39.4
2026-02-10,Garlic,Zone B,136.94,85.1
2026-02-10,Ginger,Zone A,92.47,75.8
2026-02-10,Ginger,Zone B,92.24,40.9
2026-02-10,Capsicum,Zone A,33.21,40.3
2026-02-10,Capsicum,Zone B,33.0,96.1
2026-02-10,Cauliflower,Zone A,29.81,81.7
2026-02-10,Cauliflower,Zone B,31.38,93.4
2026-02-10,Chilli,Zone A,54.81,92.1
2026-02-10,Chilli,Zone B,54.52,35.1
2026-02-10,Grapes,Zone A,91.84,40.2
2026-02-10,Grapes,Zone B,88.06,97.4
2026-02-10,Apple,Zone A,150.95,44.6
2026-02-10,Apple,Zone B,151.3,90.1
2026-02-10,Banana,Zone A,44.51,70.9
2026-02-10,Banana,Zone B,47.04,47.6
2026-02-10,Strawberry,Zone A,141.62,94.4
2026-02-10,Strawberry,Zone B,137.72,44.6
2026-02-11,Tomato,Zone A,18.42,20.1
2026-02-11,Tomato,Zone B,17.34,75.7
2026-02-11,Onion,Zone A,45.67,78.6
2026-02-11,Onion,Zone B,43.92,50.0
2026-02-11,Potato,Zone A,20.87,34.6
2026-02-11,Potato,Zone B,22.16,56.1
2026-02-11,Garlic,Zone A,136.04,24.7
2026-02-11,Garlic,Zone B,136.0,80.7
2026-02-11,Ginger,Zone A,90.66,52.7
2026-02-11,Ginger,Zone B,88.73,70.0
2026-02-11,Capsicum,Zone A,34.27,43.5
2026-02-11,Capsicum,Zone B,34.87,42.1
2026-02-11,Cauliflower,Zone A,29.73,58.2
2026-02-11,Cauliflower,Zone B,29.93,28.1
2026-02-11,Chilli,Zone A,53.65,20.6
2026-02-11,Chilli,Zone B,52.93,99.0
2026-02-11,Grapes,Zone A,84.25,20.6
2026-02-11,Grapes,Zone B,84.79,99.0
2026-02-11,Apple,Zone A,159.24,57.9
2026-02-11,Apple,Zone B,151.91,54.4
2026-02-11,Banana,Zone A,45.8,100.0
2026-02-11,Banana,Zone B,45.54,95.3
2026-02-11,Strawberry,Zone A,151.47,24.6
2026-02-11,Strawberry,Zone B,151.2,46.4
2026-02-12,Tomato,Zone A,15.25,75.9
2026-02-12,Tomato,Zone B,15.58,91.0
2026-02-12,Onion,Zone A,43.73,89.5
2026-02-12,Onion,Zone B,42.61,75.9
2026-02-12,Potato,Zone A,21.58,69.5
2026-02-12,Potato,Zone B,22.08,58.0
2026-02-12,Garlic,Zone A,126.67,98.9
2026-02-12,Garlic,Zone B,134.67,85.0
2026-02-12,Ginger,Zone A,84.69,23.7
2026-02-12,Ginger,Zone B,87.76,46.0
2026-02-12,Capsicum,Zone A,32.94,52.0
2026-02-12,Capsicum,Zone B,32.96,26.5
2026-02-12,Cauliflower,Zone A,30.81,94.5
2026-02-12,Cauliflower,Zone B,30.94,88.6
2026-02-12,Chilli,Zone A,58.3,43.5
2026-02-12,Chilli,Zone B,55.83,31.5
2026-02-12,Grapes,Zone A,91.6,88.5
2026-02-12,Grapes,Zone B,91.11,30.2
2026-02-12,Apple,Zone A,152.0,73.8
2026-02-12,Apple,Zone B,155.05,90.0
2026-02-12,Banana,Zone A,43.32,29.3
2026-02-12,Banana,Zone B,44.07,39.3
2026-02-12,Strawberry,Zone A,143.57,72.8
2026-02-12,Strawberry,Zone B,136.09,54.8
2026-02-13,Tomato,Zone A,16.68,94.3
2026-02-13,Tomato,Zone B,17.7,81.3
2026-02-13,Onion,Zone A,42.89,58.1
2026-02-13,Onion,Zone B,45.13,29.8
2026-02-13,Potato,Zone A,19.31,78.0
2026-02-13,Potato,Zone B,18.63,75.3
2026-02-13,Garlic,Zone A,145.79,81.3
2026-02-13,Garlic,Zone B,142.06,71.5
2026-02-13,Ginger,Zone A,90.44,78.9
2026-02-13,Ginger,Zone B,88.05,71.4
2026-02-13,Capsicum,Zone A,34.32,84.7
2026-02-13,Capsicum,Zone B,32.63,29.3
2026-02-13,Cauliflower,Zone A,27.82,79.2
2026-02-13,Cauliflower,Zone B,29.77,79.6
2026-02-13,Chilli,Zone A,52.33,88.3
2026-02-13,Chilli,Zone B,54.81,66.2
2026-02-13,Grapes,Zone A,79.64,62.8
2026-02-13,Grapes,Zone B,84.82,98.4
2026-02-13,Apple,Zone A,145.7,74.3
2026-02-13,Apple,Zone B,150.79,61.6
2026-02-13,Banana,Zone A,44.45,51.6
2026-02-13,Banana,Zone B,45.6,56.8
2026-02-13,Strawberry,Zone A,143.83,87.0
2026-02-13,Strawberry,Zone B,138.91,56.5
2026-02-14,Tomato,Zone A,16.33,73.2
2026-02-14,Tomato,Zone B,17.21,76.2
2026-02-14,Onion,Zone A,44.75,99.2
2026-02-14,Onion,Zone B,44.08,99.7
2026-02-14,Potato,Zone A,21.36,86.3
2026-02-14,Potato,Zone B,21.39,76.3
2026-02-14,Garlic,Zone A,134.01,46.7
2026-02-14,Garlic,Zone B,132.43,36.8
2026-02-14,Ginger,Zone A,94.38,76.0
2026-02-14,Ginger,Zone B,88.8,89.2
2026-02-14,Capsicum,Zone A,31.04,51.3
2026-02-14,Capsicum,Zone B,32.28,72.7
2026-02-14,Cauliflower,Zone A,32.27,63.8
2026-02-14,Cauliflower,Zone B,30.64,74.2
2026-02-14,Chilli,Zone A,58.89,51.3
2026-02-14,Chilli,Zone B,57.83,42.6
2026-02-14,Grapes,Zone A,91.7,88.5
2026-02-14,Grapes,Zone B,93.19,30.5
2026-02-14,Apple,Zone A,154.77,84.4
2026-02-14,Apple,Zone B,158.09,76.8
2026-02-14,Banana,Zone A,43.6,31.0
2026-02-14,Banana,Zone B,45.51,43.3
2026-02-14,Strawberry,Zone A,135.78,79.9
2026-02-14,Strawberry,Zone B,141.53,20.7
2026-02-15,Tomato,Zone A,17.28,74.3
2026-02-15,Tomato,Zone B,17.85,31.8
2026-02-15,Onion,Zone A,46.75,87.3
2026-02-15,Onion,Zone B,48.63,27.7
2026-02-15,Potato,Zone A,21.83,24.2
2026-02-15,Potato,Zone B,23.26,72.0
2026-02-15,Garlic,Zone A,139.29,70.2
2026-02-15,Garlic,Zone B,133.21,22.7
2026-02-15,Ginger,Zone A,87.59,75.0
2026-02-15,Ginger,Zone B,90.86,72.2
2026-02-15,Capsicum,Zone A,32.75,83.6
2026-02-15,Capsicum,Zone B,32.66,82.2
2026-02-15,Cauliflower,Zone A,31.47,42.0
2026-02-15,Cauliflower,Zone B,31.48,49.4
2026-02-15,Chilli,Zone A,51.14,59.1
2026-02-15,Chilli,Zone B,53.62,60.8
2026-02-15,Grapes,Zone A,83.36,65.8
2026-02-15,Grapes,Zone B,81.38,79.6
2026-02-15,Apple,Zone A,150.48,58.7
2026-02-15,Apple,Zone B,156.2,54.7
2026-02-15,Banana,Zone A,43.87,25.1
2026-02-15,Banana,Zone B,46.8,83.6
2026-02-15,Strawberry,Zone A,143.5,21.6
2026-02-15,Strawberry,Zone B,140.62,62.9
2026-02-16,Tomato,Zone A,17.42,61.5
2026-02-16,Tomato,Zone B,17.55,77.1
2026-02-16,Onion,Zone A,44.91,80.2
2026-02-16,Onion,Zone B,48.03,91.8
2026-02-16,Potato,Zone A,19.58,34.4
2026-02-16,Potato,Zone B,19.51,84.0
2026-02-16,Garlic,Zone A,119.3,36.5
2026-02-16,Garlic,Zone B,119.62,65.0
2026-02-16,Ginger,Zone A,89.7,98.4
2026-02-16,Ginger,Zone B,93.21,49.1
2026-02-16,Capsicum,Zone A,33.06,95.6
2026-02-16,Capsicum,Zone B,31.94,44.0
2026-02-16,Cauliflower,Zone A,31.39,82.6
2026-02-16,Cauliflower,Zone B,31.74,55.6
2026-02-16,Chilli,Zone A,56.29,61.8
2026-02-16,Chilli,Zone B,57.58,48.2
2026-02-16,Grapes,Zone A,89.26,27.9
2026-02-16,Grapes,Zone B,93.72,39.0
2026-02-16,Apple,Zone A,142.99,86.6
2026-02-16,Apple,Zone B,150.64,68.2
2026-02-16,Banana,Zone A,43.23,30.3
2026-02-16,Banana,Zone B,44.15,25.9
2026-02-16,Strawberry,Zone A,140.54,92.3
2026-02-16,Strawberry,Zone B,140.75,26.7
2026-02-17,Tomato,Zone A,15.67,75.6
2026-02-17,Tomato,Zone B,15.81,25.6
2026-02-17,Onion,Zone A,47.87,75.7
2026-02-17,Onion,Zone B,44.91,49.8
2026-02-17,Potato,Zone A,21.76,68.4
2026-02-17,Potato,Zone B,21.08,32.3
2026-02-17,Garlic,Zone A,143.06,22.1
2026-02-17,Garlic,Zone B,145.01,26.2
2026-02-17,Ginger,Zone A,83.92,63.9
2026-02-17,Ginger,Zone B,83.61,71.2
2026-02-17,Capsicum,Zone A,31.75,41.9
2026-02-17,Capsicum,Zone B,33.13,38.1
2026-02-17,Cauliflower,Zone A,28.25,97.5
2026-02-17,Cauliflower,Zone B,28.25,28.4
2026-02-17,Chilli,Zone A,55.85,78.3
2026-02-17,Chilli,Zone B,56.45,85.7
2026-02-17,Grapes,Zone A,90.79,76.0
2026-02-17,Grapes,Zone B,93.23,64.1
2026-02-17,Apple,Zone A,156.42,33.7
2026-02-17,Apple,Zone B,157.03,51.2
2026-02-17,Banana,Zone A,45.16,97.4
2026-02-17,Banana,Zone B,44.42,67.6
2026-02-17,Strawberry,Zone A,157.65,30.2
2026-02-17,Strawberry,Zone B,151.74,61.1
2026-02-18,Tomato,Zone A,15.0,50.3
2026-02-18,Tomato,Zone B,15.76,24.2
2026-02-18,Onion,Zone A,47.76,76.6
2026-02-18,Onion,Zone B,45.09,68.7
2026-02-18,Potato,Zone A,20.86,98.9
2026-02-18,Potato,Zone B,21.91,60.2
2026-02-18,Garlic,Zone A,125.89,95.3
2026-02-18,Garlic,Zone B,130.48,85.1
2026-02-18,Ginger,Zone A,90.77,95.8
2026-02-18,Ginger,Zone B,87.59,45.0
2026-02-18,Capsicum,Zone A,29.51,78.4
2026-02-18,Capsicum,Zone B,31.63,33.2
2026-02-18,Cauliflower,Zone A,29.23,64.3
2026-02-18,Cauliflower,Zone B,28.66,89.9
2026-02-18,Chilli,Zone A,57.19,60.7
2026-02-18,Chilli,Zone B,58.6,58.4
2026-02-18,Grapes,Zone A,94.62,91.0
2026-02-18,Grapes,Zone B,92.44,52.4
2026-02-18,Apple,Zone A,156.73,79.7
2026-02-18,Apple,Zone B,154.34,76.2
2026-02-18,Banana,Zone A,45.18,79.1
2026-02-18,Banana,Zone B,47.79,85.9
2026-02-18,Strawberry,Zone A,159.13,68.7
2026-02-18,Strawberry,Zone B,160.13,97.2
2026-02-19,Tomato,Zone A,17.54,61.9
2026-02-19,Tomato,Zone B,16.65,26.0
2026-02-19,Onion,Zone A,46.58,96.2
2026-02-19,Onion,Zone B,46.24,50.3
2026-02-19,Potato,Zone A,19.53,93.1
2026-02-19,Potato,Zone B,19.75,63.1
2026-02-19,Garlic,Zone A,134.16,43.9
2026-02-19,Garlic,Zone B,136.11,37.0
2026-02-19,Ginger,Zone A,92.65,37.4
2026-02-19,Ginger,Zone B,90.7,94.6
2026-02-19,Capsicum,Zone A,34.74,22.8
2026-02-19,Capsicum,Zone B,33.76,69.4
2026-02-19,Cauliflower,Zone A,29.62,69.2
2026-02-19,Cauliflower,Zone B,29.55,48.3
2026-02-19,Chilli,Zone A,53.91,34.9
2026-02-19,Chilli,Zone B,51.67,28.1
2026-02-19,Grapes,Zone A,87.61,61.1
2026-02-19,Grapes,Zone B,88.11,29.9
2026-02-19,Apple,Zone A,145.68,72.5
2026-02-19,Apple,Zone B,146.53,51.6
2026-02-19,Banana,Zone A,43.84,34.6
2026-02-19,Banana,Zone B,45.2,28.7
2026-02-19,Strawberry,Zone A,150.83,32.9
2026-02-19,Strawberry,Zone B,145.12,54.7
2026-02-20,Tomato,Zone A,16.55,35.9
2026-02-20,Tomato,Zone B,15.68,23.2
2026-02-20,Onion,Zone A,45.39,92.1
2026-02-20,Onion,Zone B,43.32,35.9
2026-02-20,Potato,Zone A,20.82,41.3
2026-02-20,Potato,Zone B,20.42,64.0
2026-02-20,Garlic,Zone A,141.58,46.0
2026-02-20,Garlic,Zone B,142.14,90.5
2026-02-20,Ginger,Zone A,93.07,87.4
2026-02-20,Ginger,Zone B,89.22,28.8
2026-02-20,Capsicum,Zone A,29.47,32.4
2026-02-20,Capsicum,Zone B,30.65,81.4
2026-02-20,Cauliflower,Zone A,29.63,47.4
2026-02-20,Cauliflower,Zone B,30.32,79.0
2026-02-20,Chilli,Zone A,53.72,58.9
2026-02-20,Chilli,Zone B,55.78,39.8
2026-02-20,Grapes,Zone A,85.09,40.0
2026-02-20,Grapes,Zone B,86.83,89.1
2026-02-20,Apple,Zone A,154.23,85.6
2026-02-20,Apple,Zone B,153.62,76.5
2026-02-20,Banana,Zone A,47.14,60.2
2026-02-20,Banana,Zone B,45.21,99.4
2026-02-20,Strawberry,Zone A,152.59,38.4
2026-02-20,Strawberry,Zone B,146.52,23.1
2026-02-21,Tomato,Zone A,18.59,54.1
2026-02-21,Tomato,Zone B,18.14,27.3
2026-02-21,Onion,Zone A,42.66,44.5
2026-02-21,Onion,Zone B,43.44,38.5
2026-02-21,Potato,Zone A,19.98,60.8
2026-02-21,Potato,Zone B,20.24,44.3
2026-02-21,Garlic,Zone A,124.24,48.1
2026-02-21,Garlic,Zone B,125.63,45.6
2026-02-21,Ginger,Zone A,82.77,24.2
2026-02-21,Ginger,Zone B,87.61,37.0
2026-02-21,Capsicum,Zone A,33.91,28.1
2026-02-21,Capsicum,Zone B,32.0,95.9
2026-02-21,Cauliflower,Zone A,29.13,27.8
2026-02-21,Cauliflower,Zone B,28.44,64.1
2026-02-21,Chilli,Zone A,56.22,79.3
2026-02-21,Chilli,Zone B,56.36,82.3
2026-02-21,Grapes,Zone A,90.29,72.0
2026-02-21,Grapes,Zone B,89.11,50.7
2026-02-21,Apple,Zone A,151.2,79.4
2026-02-21,Apple,Zone B,151.08,66.9
2026-02-21,Banana,Zone A,47.43,35.2
2026-02-21,Banana,Zone B,47.62,94.0
2026-02-21,Strawberry,Zone A,137.53,47.4
2026-02-21,Strawberry,Zone B,139.49,99.2
2026-02-22,Tomato,Zone A,15.88,23.5
2026-02-22,Tomato,Zone B,15.22,64.0
2026-02-22,Onion,Zone A,45.21,88.3
2026-02-22,Onion,Zone B,45.31,98.0
2026-02-22,Potato,Zone A,22.01,77.4
2026-02-22,Potato,Zone B,22.83,25.4
2026-02-22,Garlic,Zone A,134.54,60.3
2026-02-22,Garlic,Zone B,125.08,67.9
2026-02-22,Ginger,Zone A,89.05,23.6
2026-02-22,Ginger,Zone B,92.26,83.6
2026-02-22,Capsicum,Zone A,34.82,51.8
2026-02-22,Capsicum,Zone B,34.67,89.6
2026-02-22,Cauliflower,Zone A,30.57,80.1
2026-02-22,Cauliflower,Zone B,31.12,82.3
2026-02-22,Chilli,Zone A,53.46,34.7
2026-02-22,Chilli,Zone B,52.97,37.4
2026-02-22,Grapes,Zone A,96.85,83.3
2026-02-22,Grapes,Zone B,93.66,76.6
2026-02-22,Apple,Zone A,148.01,37.6
2026-02-22,Apple,Zone B,152.88,64.2
2026-02-22,Banana,Zone A,41.94,39.1
2026-02-22,Banana,Zone B,41.92,31.9
2026-02-22,Strawberry,Zone A,164.29,41.6
2026-02-22,Strawberry,Zone B,162.55,71.4
2026-02-23,Tomato,Zone A,16.15,62.8
2026-02-23,Tomato,Zone B,15.12,47.8
2026-02-23,Onion,Zone A,45.0,26.7
2026-02-23,Onion,Zone B,46.22,63.9
2026-02-23,Potato,Zone A,21.3,68.9
2026-02-23,Potato,Zone B,21.16,24.6
2026-02-23,Garlic,Zone A,143.2,37.5
2026-02-23,Garlic,Zone B,144.78,34.1
2026-02-23,Ginger,Zone A,94.53,98.3
2026-02-23,Ginger,Zone B,96.34,82.4
2026-02-23,Capsicum,Zone A,31.24,50.6
2026-02-23,Capsicum,Zone B,31.02,89.6
2026-02-23,Cauliflower,Zone A,30.53,85.3
2026-02-23,Cauliflower,Zone B,29.72,41.5
2026-02-23,Chilli,Zone A,56.81,80.2
2026-02-23,Chilli,Zone B,53.92,38.5
2026-02-23,Grapes,Zone A,93.49,92.2
2026-02-23,Grapes,Zone B,91.41,34.5
2026-02-23,Apple,Zone A,149.49,35.1
2026-02-23,Apple,Zone B,145.17,78.4
2026-02-23,Banana,Zone A,43.91,33.0
2026-02-23,Banana,Zone B,44.49,51.5
2026-02-23,Strawberry,Zone A,146.2,25.8
2026-02-23,Strawberry,Zone B,148.33,92.7
2026-02-24,Tomato,Zone A,17.34,62.1
2026-02-24,Tomato,Zone B,18.24,84.6
2026-02-24,Onion,Zone A,45.02,21.7
2026-02-24,Onion,Zone B,46.65,81.1
2026-02-24,Potato,Zone A,20.39,39.9
2026-02-24,Potato,Zone B,20.46,31.4
2026-02-24,Garlic,Zone A,129.8,97.3
2026-02-24,Garlic,Zone B,140.0,28.5
2026-02-24,Ginger,Zone A,90.93,76.6
2026-02-24,Ginger,Zone B,89.93,58.4
2026-02-24,Capsicum,Zone A,33.23,33.1
2026-02-24,Capsicum,Zone B,32.93,32.4
2026-02-24,Cauliflower,Zone A,29.11,70.2
2026-02-24,Cauliflower,Zone B,27.8,86.0
2026-02-24,Chilli,Zone A,51.96,60.9
2026-02-24,Chilli,Zone B,54.24,31.3
2026-02-24,Grapes,Zone A,93.84,54.2
2026-02-24,Grapes,Zone B,94.8,72.4
2026-02-24,Apple,Zone A,150.31,50.8
2026-02-24,Apple,Zone B,150.37,85.8
2026-02-24,Banana,Zone A,42.11,28.8
2026-02-24,Banana,Zone B,41.88,96.5
2026-02-24,Strawberry,Zone A,145.99,29.5
2026-02-24,Strawberry,Zone B,149.55,93.6
2026-02-25,Tomato,Zone A,17.83,34.2
2026-02-25,Tomato,Zone B,17.73,68.0
2026-02-25,Onion,Zone A,44.53,73.4
2026-02-25,Onion,Zone B,45.08,85.4
2026-02-25,Potato,Zone A,19.42,93.3
2026-02-25,Potato,Zone B,20.32,94.6
2026-02-25,Garlic,Zone A,141.81,26.1
2026-02-25,Garlic,Zone B,133.9,94.6
2026-02-25,Ginger,Zone A,87.92,45.6
2026-02-25,Ginger,Zone B,86.08,77.7
2026-02-25,Capsicum,Zone A,34.65,25.4
2026-02-25,Capsicum,Zone B,34.93,96.8
2026-02-25,Cauliflower,Zone A,28.37,99.6
2026-02-25,Cauliflower,Zone B,28.59,50.8
2026-02-25,Chilli,Zone A,53.68,75.5
2026-02-25,Chilli,Zone B,53.63,83.5
2026-02-25,Grapes,Zone A,90.13,72.3
2026-02-25,Grapes,Zone B,86.21,53.5
2026-02-25,Apple,Zone A,150.36,62.6
2026-02-25,Apple,Zone B,153.81,50.8
2026-02-25,Banana,Zone A,45.08,66.2
2026-02-25,Banana,Zone B,46.07,79.9
2026-02-25,Strawberry,Zone A,150.72,20.2
2026-02-25,Strawberry,Zone B,160.07,21.4
2026-02-26,Tomato,Zone A,17.29,93.7
2026-02-26,Tomato,Zone B,16.09,47.9
2026-02-26,Onion,Zone A,47.94,85.5
2026-02-26,Onion,Zone B,45.8,31.5
2026-02-26,Potato,Zone A,22.78,93.0
2026-02-26,Potato,Zone B,21.5,86.2
2026-02-26,Garlic,Zone A,117.82,97.0
2026-02-26,Garlic,Zone B,123.32,50.2
2026-02-26,Ginger,Zone A,88.93,49.7
2026-02-26,Ginger,Zone B,87.12,73.0
2026-02-26,Capsicum,Zone A,31.26,89.6
2026-02-26,Capsicum,Zone B,29.3,49.2
2026-02-26,Cauliflower,Zone A,27.76,65.5
2026-02-26,Cauliflower,Zone B,29.46,32.0
2026-02-26,Chilli,Zone A,54.29,79.8
2026-02-26,Chilli,Zone B,54.1,44.0
2026-02-26,Grapes,Zone A,88.13,82.5
2026-02-26,Grapes,Zone B,90.68,42.9
2026-02-26,Apple,Zone A,149.25,22.6
2026-02-26,Apple,Zone B,147.75,60.3
2026-02-26,Banana,Zone A,43.94,74.4
2026-02-26,Banana,Zone B,44.09,64.3
2026-02-26,Strawberry,Zone A,162.67,60.1
2026-02-26,Strawberry,Zone B,160.03,53.9
2026-02-27,Tomato,Zone A,16.06,61.7
2026-02-27,Tomato,Zone B,16.06,30.0
2026-02-27,Onion,Zone A,44.12,37.5
2026-02-27,Onion,Zone B,42.6,79.7
2026-02-27,Potato,Zone A,21.42,85.3
2026-02-27,Potato,Zone B,20.79,45.1
2026-02-27,Garlic,Zone A,138.95,33.2
2026-02-27,Garlic,Zone B,138.69,71.7
2026-02-27,Ginger,Zone A,84.52,26.2
2026-02-27,Ginger,Zone B,87.97,87.7
2026-02-27,Capsicum,Zone A,29.64,63.3
2026-02-27,Capsicum,Zone B,29.12,67.8
2026-02-27,Cauliflower,Zone A,30.3,64.1
2026-02-27,Cauliflower,Zone B,31.11,22.6
2026-02-27,Chilli,Zone A,55.78,65.2
2026-02-27,Chilli,Zone B,54.0,83.2
2026-02-27,Grapes,Zone A,82.02,95.5
2026-02-27,Grapes,Zone B,79.98,48.5
2026-02-27,Apple,Zone A,145.54,35.6
2026-02-27,Apple,Zone B,149.69,78.1
2026-02-27,Banana,Zone A,47.9,27.8
2026-02-27,Banana,Zone B,46.78,79.3
2026-02-27,Strawberry,Zone A,141.12,32.0
2026-02-27,Strawberry,Zone B,138.69,50.6
2026-02-28,Tomato,Zone A,17.23,43.2
2026-02-28,Tomato,Zone B,16.29,57.0
2026-02-28,Onion,Zone A,45.21,77.5
2026-02-28,Onion,Zone B,48.17,84.6
2026-02-28,Potato,Zone A,21.66,32.9
2026-02-28,Potato,Zone B,21.99,61.3
2026-02-28,Garlic,Zone A,139.15,94.4
2026-02-28,Garlic,Zone B,135.74,82.8
2026-02-28,Ginger,Zone A,87.56,88.5
2026-02-28,Ginger,Zone B,88.06,91.3
2026-02-28,Capsicum,Zone A,34.33,36.7
2026-02-28,Capsicum,Zone B,34.95,26.0
2026-02-28,Cauliflower,Zone A,29.25,59.8
2026-02-28,Cauliflower,Zone B,29.66,31.4
2026-02-28,Chilli,Zone A,57.25,97.5
2026-02-28,Chilli,Zone B,58.32,27.0
2026-02-28,Grapes,Zone A,82.8,94.7
2026-02-28,Grapes,Zone B,81.78,42.4
2026-02-28,Apple,Zone A,143.09,34.3
2026-02-28,Apple,Zone B,151.17,40.6
2026-02-28,Banana,Zone A,44.0,90.1
2026-02-28,Banana,Zone B,45.42,31.2
2026-02-28,Strawberry,Zone A,139.11,23.2
2026-02-28,Strawberry,Zone B,142.32,52.1
2026-03-01,Tomato,Zone A,21.41,30.3
2026-03-01,Tomato,Zone B,20.49,87.6
2026-03-01,Onion,Zone A,46.56,74.6
2026-03-01,Onion,Zone B,47.06,41.0
2026-03-01,Potato,Zone A,22.36,69.6
2026-03-01,Potato,Zone B,22.29,79.3
2026-03-01,Garlic,Zone A,129.11,20.6
2026-03-01,Garlic,Zone B,129.43,43.3
2026-03-01,Ginger,Zone A,86.22,25.8
2026-03-01,Ginger,Zone B,86.15,57.0
2026-03-01,Capsicum,Zone A,38.27,71.4
2026-03-01,Capsicum,Zone B,39.6,57.2
2026-03-01,Cauliflower,Zone A,29.29,93.4
2026-03-01,Cauliflower,Zone B,29.73,81.5
2026-03-01,Chilli,Zone A,52.62,45.4
2026-03-01,Chilli,Zone B,55.47,58.9
2026-03-01,Grapes,Zone A,93.91,42.3
2026-03-01,Grapes,Zone B,90.61,32.5
2026-03-01,Apple,Zone A,151.23,45.6
2026-03-01,Apple,Zone B,143.94,68.1
2026-03-01,Banana,Zone A,46.01,48.9
2026-03-01,Banana,Zone B,44.21,57.9
2026-03-01,Strawberry,Zone A,140.48,96.2
2026-03-01,Strawberry,Zone B,138.47,41.6
2026-03-02,Tomato,Zone A,19.6,25.5
2026-03-02,Tomato,Zone B,20.12,43.9
2026-03-02,Onion,Zone A,47.32,62.0
2026-03-02,Onion,Zone B,46.58,40.8
2026-03-02,Potato,Zone A,21.15,92.1
2026-03-02,Potato,Zone B,21.59,80.3
2026-03-02,Garlic,Zone A,122.45,53.5
2026-03-02,Garlic,Zone B,123.71,75.1
2026-03-02,Ginger,Zone A,88.31,48.4
2026-03-02,Ginger,Zone B,88.29,51.1
2026-03-02,Capsicum,Zone A,38.9,67.8
2026-03-02,Capsicum,Zone B,36.75,73.4
2026-03-02,Cauliflower,Zone A,29.92,98.9
2026-03-02,Cauliflower,Zone B,31.42,79.4
2026-03-02,Chilli,Zone A,55.48,32.0
2026-03-02,Chilli,Zone B,56.12,31.8
2026-03-02,Grapes,Zone A,93.77,97.6
2026-03-02,Grapes,Zone B,96.04,61.7
2026-03-02,Apple,Zone A,141.99,86.6
2026-03-02,Apple,Zone B,138.29,55.9
2026-03-02,Banana,Zone A,45.6,37.5
2026-03-02,Banana,Zone B,48.92,53.6
2026-03-02,Strawberry,Zone A,145.74,50.2
2026-03-02,Strawberry,Zone B,147.92,96.2
2026-03-03,Tomato,Zone A,21.07,21.1
2026-03-03,Tomato,Zone B,21.47,21.3
2026-03-03,Onion,Zone A,46.79,89.4
2026-03-03,Onion,Zone B,47.53,71.9
2026-03-03,Potato,Zone A,20.31,48.2
2026-03-03,Potato,Zone B,20.53,61.9
2026-03-03,Garlic,Zone A,134.08,34.1
2026-03-03,Garlic,Zone B,137.57,34.2
2026-03-03,Ginger,Zone A,91.16,50.5
2026-03-03,Ginger,Zone B,93.36,75.1
2026-03-03,Capsicum,Zone A,39.06,69.6
2026-03-03,Capsicum,Zone B,41.1,88.6
2026-03-03,Cauliflower,Zone A,32.26,28.3
2026-03-03,Cauliflower,Zone B,31.86,69.3
2026-03-03,Chilli,Zone A,54.5,80.1
2026-03-03,Chilli,Zone B,56.38,28.0
2026-03-03,Grapes,Zone A,90.41,22.6
2026-03-03,Grapes,Zone B,88.32,53.7
2026-03-03,Apple,Zone A,145.31,50.5
2026-03-03,Apple,Zone B,142.29,57.6
2026-03-03,Banana,Zone A,44.93,93.1
2026-03-03,Banana,Zone B,43.01,85.6
2026-03-03,Strawberry,Zone A,156.97,20.6
2026-03-03,Strawberry,Zone B,152.46,37.9
2026-03-04,Tomato,Zone A,20.16,41.2
2026-03-04,Tomato,Zone B,20.1,83.6
2026-03-04,Onion,Zone A,43.69,92.0
2026-03-04,Onion,Zone B,44.31,21.2
2026-03-04,Potato,Zone A,19.13,85.3
2026-03-04,Potato,Zone B,19.82,68.0
2026-03-04,Garlic,Zone A,132.75,99.4
2026-03-04,Garlic,Zone B,125.4,97.9
2026-03-04,Ginger,Zone A,88.24,86.3
2026-03-04,Ginger,Zone B,89.34,66.2
2026-03-04,Capsicum,Zone A,38.94,98.2
2026-03-04,Capsicum,Zone B,37.51,92.3
2026-03-04,Cauliflower,Zone A,29.9,28.0
2026-03-04,Cauliflower,Zone B,30.78,60.3
2026-03-04,Chilli,Zone A,56.99,87.4
2026-03-04,Chilli,Zone B,56.29,40.8
2026-03-04,Grapes,Zone A,94.91,36.3
2026-03-04,Grapes,Zone B,88.64,55.0
2026-03-04,Apple,Zone A,153.07,22.2
2026-03-04,Apple,Zone B,154.46,93.6
2026-03-04,Banana,Zone A,42.7,79.4
2026-03-04,Banana,Zone B,41.83,56.3
2026-03-04,Strawberry,Zone A,150.32,39.2
2026-03-04,Strawberry,Zone B,156.89,43.8
2026-03-05,Tomato,Zone A,19.66,82.4
2026-03-05,Tomato,Zone B,20.53,81.6
2026-03-05,Onion,Zone A,44.89,94.8
2026-03-05,Onion,Zone B,46.18,71.1
2026-03-05,Potato,Zone A,20.26,56.7
2026-03-05,Potato,Zone B,21.08,28.6
2026-03-05,Garlic,Zone A,130.78,27.4
2026-03-05,Garlic,Zone B,126.72,48.9
2026-03-05,Ginger,Zone A,92.23,59.3
2026-03-05,Ginger,Zone B,89.49,25.9
2026-03-05,Capsicum,Zone A,40.42,75.0
2026-03-05,Capsicum,Zone B,41.42,45.1
2026-03-05,Cauliflower,Zone A,32.0,34.4
2026-03-05,Cauliflower,Zone B,30.0,34.3
2026-03-05,Chilli,Zone A,55.84,22.5
2026-03-05,Chilli,Zone B,57.48,99.5
2026-03-05,Grapes,Zone A,91.31,63.7
2026-03-05,Grapes,Zone B,88.01,79.3
2026-03-05,Apple,Zone A,152.56,22.4
2026-03-05,Apple,Zone B,150.43,60.9
2026-03-05,Banana,Zone A,44.71,29.2
2026-03-05,Banana,Zone B,42.45,46.2
2026-03-05,Strawberry,Zone A,143.5,95.2
2026-03-05,Strawberry,Zone B,138.31,58.5
2026-03-06,Tomato,Zone A,20.65,64.1
2026-03-06,Tomato,Zone B,20.56,79.6
2026-03-06,Onion,Zone A,45.03,52.0
2026-03-06,Onion,Zone B,43.88,33.8
2026-03-06,Potato,Zone A,21.99,42.5
2026-03-06,Potato,Zone B,21.14,66.7
2026-03-06,Garlic,Zone A,136.31,83.5
2026-03-06,Garlic,Zone B,143.42,59.0
2026-03-06,Ginger,Zone A,92.88,79.8
2026-03-06,Ginger,Zone B,95.81,69.8
2026-03-06,Capsicum,Zone A,40.2,65.4
2026-03-06,Capsicum,Zone B,40.02,70.6
2026-03-06,Cauliflower,Zone A,27.93,22.7
2026-03-06,Cauliflower,Zone B,28.72,66.9
2026-03-06,Chilli,Zone A,55.27,71.6
2026-03-06,Chilli,Zone B,55.87,48.2
2026-03-06,Grapes,Zone A,80.87,45.8
2026-03-06,Grapes,Zone B,84.93,48.6
2026-03-06,Apple,Zone A,145.39,49.8
2026-03-06,Apple,Zone B,146.8,29.8
2026-03-06,Banana,Zone A,42.45,46.3
2026-03-06,Banana,Zone B,44.06,83.6
2026-03-06,Strawberry,Zone A,160.05,50.8
2026-03-06,Strawberry,Zone B,160.56,62.2
2026-03-07,Tomato,Zone A,18.86,68.6
2026-03-07,Tomato,Zone B,19.79,88.8
2026-03-07,Onion,Zone A,44.44,53.7
2026-03-07,Onion,Zone B,43.97,45.4
2026-03-07,Potato,Zone A,19.47,84.2
2026-03-07,Potato,Zone B,19.95,99.2
2026-03-07,Garlic,Zone A,126.2,33.7
2026-03-07,Garlic,Zone B,128.31,50.6
2026-03-07,Ginger,Zone A,89.13,71.5
2026-03-07,Ginger,Zone B,93.27,99.0
2026-03-07,Capsicum,Zone A,40.93,87.3
2026-03-07,Capsicum,Zone B,41.32,91.7
2026-03-07,Cauliflower,Zone A,30.1,71.6
2026-03-07,Cauliflower,Zone B,30.18,27.6
2026-03-07,Chilli,Zone A,57.68,42.0
2026-03-07,Chilli,Zone B,57.81,52.0
2026-03-07,Grapes,Zone A,90.31,69.0
2026-03-07,Grapes,Zone B,90.9,75.7
2026-03-07,Apple,Zone A,153.48,97.4
2026-03-07,Apple,Zone B,144.8,49.9
2026-03-07,Banana,Zone A,43.82,23.8
2026-03-07,Banana,Zone B,43.75,28.4
2026-03-07,Strawberry,Zone A,145.87,54.9
2026-03-07,Strawberry,Zone B,139.93,35.3
2026-03-08,Tomato,Zone A,20.59,92.2
2026-03-08,Tomato,Zone B,21.62,94.7
2026-03-08,Onion,Zone A,45.76,82.8
2026-03-08,Onion,Zone B,45.2,95.8
2026-03-08,Potato,Zone A,18.77,69.0
2026-03-08,Potato,Zone B,19.51,41.6
2026-03-08,Garlic,Zone A,120.49,56.9
2026-03-08,Garlic,Zone B,120.38,89.0
2026-03-08,Ginger,Zone A,95.14,97.3
2026-03-08,Ginger,Zone B,91.64,55.7
2026-03-08,Capsicum,Zone A,38.57,66.2
2026-03-08,Capsicum,Zone B,38.99,98.1
2026-03-08,Cauliflower,Zone A,30.01,38.1
2026-03-08,Cauliflower,Zone B,28.91,43.7
2026-03-08,Chilli,Zone A,52.95,89.8
2026-03-08,Chilli,Zone B,53.38,78.8
2026-03-08,Grapes,Zone A,83.0,97.7
2026-03-08,Grapes,Zone B,82.88,21.1
2026-03-08,Apple,Zone A,149.46,35.0
2026-03-08,Apple,Zone B,141.13,36.7
2026-03-08,Banana,Zone A,45.51,88.7
2026-03-08,Banana,Zone B,46.35,44.9
2026-03-08,Strawberry,Zone A,143.18,60.4
2026-03-08,Strawberry,Zone B,152.14,37.5
2026-03-09,Tomato,Zone A,20.48,89.4
2026-03-09,Tomato,Zone B,19.75,82.4
2026-03-09,Onion,Zone A,42.82,33.1
2026-03-09,Onion,Zone B,42.92,89.6
2026-03-09,Potato,Zone A,20.58,90.1
2026-03-09,Potato,Zone B,21.6,39.2
2026-03-09,Garlic,Zone A,137.92,22.3
2026-03-09,Garlic,Zone B,143.29,56.2
2026-03-09,Ginger,Zone A,90.89,26.7
2026-03-09,Ginger,Zone B,87.41,32.0
2026-03-09,Capsicum,Zone A,40.03,24.3
2026-03-09,Capsicum,Zone B,39.28,27.8
2026-03-09,Cauliflower,Zone A,31.01,53.8
2026-03-09,Cauliflower,Zone B,29.94,52.2
2026-03-09,Chilli,Zone A,55.65,59.5
2026-03-09,Chilli,Zone B,55.22,74.5
2026-03-09,Grapes,Zone A,96.59,37.6
2026-03-09,Grapes,Zone B,89.83,22.9
2026-03-09,Apple,Zone A,141.4,28.1
2026-03-09,Apple,Zone B,143.29,69.6
2026-03-09,Banana,Zone A,45.57,28.1
2026-03-09,Banana,Zone B,46.83,90.4
2026-03-09,Strawberry,Zone A,138.89,82.9
2026-03-09,Strawberry,Zone B,140.51,43.0
2026-03-10,Tomato,Zone A,20.57,27.5
2026-03-10,Tomato,Zone B,20.2,76.0
2026-03-10,Onion,Zone A,44.2,92.5
2026-03-10,Onion,Zone B,43.96,45.2
2026-03-10,Potato,Zone A,18.53,92.0
2026-03-10,Potato,Zone B,18.47,21.0
2026-03-10,Garlic,Zone A,129.65,34.2
2026-03-10,Garlic,Zone B,128.91,26.2
2026-03-10,Ginger,Zone A,94.2,67.5
2026-03-10,Ginger,Zone B,95.05,66.7
2026-03-10,Capsicum,Zone A,39.15,28.8
2026-03-10,Capsicum,Zone B,40.97,65.4
2026-03-10,Cauliflower,Zone A,32.32,62.0
2026-03-10,Cauliflower,Zone B,30.63,31.7
2026-03-10,Chilli,Zone A,51.94,78.9
2026-03-10,Chilli,Zone B,52.57,78.8
2026-03-10,Grapes,Zone A,96.91,58.9
2026-03-10,Grapes,Zone B,97.76,21.1
2026-03-10,Apple,Zone A,150.27,91.3
2026-03-10,Apple,Zone B,151.04,88.6
2026-03-10,Banana,Zone A,47.17,29.0
2026-03-10,Banana,Zone B,47.51,78.3
2026-03-10,Strawberry,Zone A,140.75,88.5
2026-03-10,Strawberry,Zone B,137.29,31.3
2026-03-11,Tomato,Zone A,19.59,79.3
2026-03-11,Tomato,Zone B,20.75,48.8
2026-03-11,Onion,Zone A,44.97,96.4
2026-03-11,Onion,Zone B,46.61,97.2
2026-03-11,Potato,Zone A,22.35,91.9
2026-03-11,Potato,Zone B,21.95,96.7
2026-03-11,Garlic,Zone A,130.16,74.3
2026-03-11,Garlic,Zone B,136.76,51.3
2026-03-11,Ginger,Zone A,92.78,44.7
2026-03-11,Ginger,Zone B,85.98,61.6
2026-03-11,Capsicum,Zone A,39.73,54.7
2026-03-11,Capsicum,Zone B,39.23,97.5
2026-03-11,Cauliflower,Zone A,30.35,97.6
2026-03-11,Cauliflower,Zone B,30.87,74.8
2026-03-11,Chilli,Zone A,53.28,97.3
2026-03-11,Chilli,Zone B,55.36,73.1
2026-03-11,Grapes,Zone A,86.03,84.0
2026-03-11,Grapes,Zone B,84.12,23.3
2026-03-11,Apple,Zone A,147.84,24.3
2026-03-11,Apple,Zone B,144.47,54.4
2026-03-11,Banana,Zone A,43.89,40.1
2026-03-11,Banana,Zone B,45.17,42.7
2026-03-11,Strawberry,Zone A,160.29,81.5
2026-03-11,Strawberry,Zone B,153.83,26.9
2026-03-12,Tomato,Zone A,20.32,35.7
2026-03-12,Tomato,Zone B,19.67,26.5
2026-03-12,Onion,Zone A,43.64,48.4
2026-03-12,Onion,Zone B,44.83,71.0
2026-03-12,Potato,Zone A,21.09,27.9
2026-03-12,Potato,Zone B,19.95,44.2
2026-03-12,Garlic,Zone A,128.11,74.3
2026-03-12,Garlic,Zone B,125.65,66.3
2026-03-12,Ginger,Zone A,89.45,30.9
2026-03-12,Ginger,Zone B,92.05,44.1
2026-03-12,Capsicum,Zone A,38.55,70.3
2026-03-12,Capsicum,Zone B,38.48,50.1
2026-03-12,Cauliflower,Zone A,30.97,31.1
2026-03-12,Cauliflower,Zone B,30.98,45.1
2026-03-12,Chilli,Zone A,58.37,57.5
2026-03-12,Chilli,Zone B,57.06,53.6
2026-03-12,Grapes,Zone A,85.9,64.7
2026-03-12,Grapes,Zone B,92.54,53.7
2026-03-12,Apple,Zone A,155.26,44.2
2026-03-12,Apple,Zone B,150.67,61.0
2026-03-12,Banana,Zone A,43.47,65.2
2026-03-12,Banana,Zone B,42.61,80.4
2026-03-12,Strawberry,Zone A,144.47,20.5
2026-03-12,Strawberry,Zone B,149.18,90.0
2026-03-13,Tomato,Zone A,19.21,24.4
2026-03-13,Tomato,Zone B,20.45,72.0
2026-03-13,Onion,Zone A,42.83,43.2
2026-03-13,Onion,Zone B,44.19,46.5
2026-03-13,Potato,Zone A,19.34,74.0
2026-03-13,Potato,Zone B,19.34,24.2
2026-03-13,Garlic,Zone A,121.37,79.2
2026-03-13,Garlic,Zone B,124.87,37.9
2026-03-13,Ginger,Zone A,94.16,44.1
2026-03-13,Ginger,Zone B,90.2,99.1
2026-03-13,Capsicum,Zone A,37.98,75.0
2026-03-13,Capsicum,Zone B,36.85,20.0
2026-03-13,Cauliflower,Zone A,29.39,27.7
2026-03-13,Cauliflower,Zone B,29.59,57.9
2026-03-13,Chilli,Zone A,56.57,24.5
2026-03-13,Chilli,Zone B,55.11,52.4
2026-03-13,Grapes,Zone A,101.24,87.3
2026-03-13,Grapes,Zone B,99.08,85.7
2026-03-13,Apple,Zone A,157.11,69.4
2026-03-13,Apple,Zone B,151.89,70.9
2026-03-13,Banana,Zone A,44.69,72.6
2026-03-13,Banana,Zone B,42.43,79.3
2026-03-13,Strawberry,Zone A,149.47,43.2
2026-03-13,Strawberry,Zone B,151.77,96.7
2026-03-14,Tomato,Zone A,20.25,51.3
2026-03-14,Tomato,Zone B,20.3,28.6
2026-03-14,Onion,Zone A,44.36,22.2
2026-03-14,Onion,Zone B,44.47,65.1
2026-03-14,Potato,Zone A,18.49,71.6
2026-03-14,Potato,Zone B,19.38,69.6
2026-03-14,Garlic,Zone A,124.96,97.0
2026-03-14,Garlic,Zone B,120.71,77.8
2026-03-14,Ginger,Zone A,91.38,48.6
2026-03-14,Ginger,Zone B,90.5,60.3
2026-03-14,Capsicum,Zone A,40.05,51.2
2026-03-14,Capsicum,Zone B,38.02,72.5
2026-03-14,Cauliflower,Zone A,30.07,47.1
2026-03-14,Cauliflower,Zone B,30.06,82.9
2026-03-14,Chilli,Zone A,54.91,44.2
2026-03-14,Chilli,Zone B,53.32,93.3
2026-03-14,Grapes,Zone A,92.22,57.7
2026-03-14,Grapes,Zone B,94.33,66.1
2026-03-14,Apple,Zone A,159.86,62.0
2026-03-14,Apple,Zone B,151.77,45.9
2026-03-14,Banana,Zone A,46.48,69.4
2026-03-14,Banana,Zone B,46.69,23.6
2026-03-14,Strawberry,Zone A,153.7,27.7
2026-03-14,Strawberry,Zone B,153.03,94.7
2026-03-15,Tomato,Zone A,20.37,98.5
2026-03-15,Tomato,Zone B,20.45,78.6
2026-03-15,Onion,Zone A,45.22,33.9
2026-03-15,Onion,Zone B,45.19,80.5
2026-03-15,Potato,Zone A,19.62,69.0
2026-03-15,Potato,Zone B,19.7,87.7
2026-03-15,Garlic,Zone A,124.31,68.5
2026-03-15,Garlic,Zone B,125.07,93.9
2026-03-15,Ginger,Zone A,89.8,50.2
2026-03-15,Ginger,Zone B,91.85,65.9
2026-03-15,Capsicum,Zone A,38.03,55.0
2026-03-15,Capsicum,Zone B,38.13,36.1
2026-03-15,Cauliflower,Zone A,29.71,84.7
2026-03-15,Cauliflower,Zone B,28.27,66.6
2026-03-15,Chilli,Zone A,56.46,36.3
2026-03-15,Chilli,Zone B,57.09,91.5
2026-03-15,Grapes,Zone A,87.78,63.7
2026-03-15,Grapes,Zone B,85.4,34.8
2026-03-15,Apple,Zone A,158.49,71.4
2026-03-15,Apple,Zone B,153.4,86.6
2026-03-15,Banana,Zone A,45.22,48.2
2026-03-15,Banana,Zone B,45.75,64.7
2026-03-15,Strawberry,Zone A,133.92,54.2
2026-03-15,Strawberry,Zone B,137.35,25.7
2026-03-16,Tomato,Zone A,19.59,43.9
2026-03-16,Tomato,Zone B,18.57,38.4
2026-03-16,Onion,Zone A,44.84,37.9
2026-03-16,Onion,Zone B,47.06,93.8
2026-03-16,Potato,Zone A,20.01,25.4
2026-03-16,Potato,Zone B,20.28,97.4
2026-03-16,Garlic,Zone A,122.53,88.3
2026-03-16,Garlic,Zone B,126.0,60.0
2026-03-16,Ginger,Zone A,85.93,75.8
2026-03-16,Ginger,Zone B,86.32,57.7
2026-03-16,Capsicum,Zone A,40.88,22.4
2026-03-16,Capsicum,Zone B,41.13,40.9
2026-03-16,Cauliflower,Zone A,30.13,31.1
2026-03-16,Cauliflower,Zone B,29.61,78.7
2026-03-16,Chilli,Zone A,58.08,90.3
2026-03-16,Chilli,Zone B,56.12,25.8
2026-03-16,Grapes,Zone A,101.32,76.2
2026-03-16,Grapes,Zone B,100.23,22.8
2026-03-16,Apple,Zone A,162.87,67.9
2026-03-16,Apple,Zone B,158.63,26.4
2026-03-16,Banana,Zone A,46.85,41.6
2026-03-16,Banana,Zone B,43.57,22.8
2026-03-16,Strawberry,Zone A,150.49,54.5
2026-03-16,Strawberry,Zone B,146.37,88.0
2026-03-17,Tomato,Zone A,20.14,24.4
2026-03-17,Tomato,Zone B,21.4,84.9
2026-03-17,Onion,Zone A,46.46,74.6
2026-03-17,Onion,Zone B,46.01,64.2
2026-03-17,Potato,Zone A,19.35,75.6
2026-03-17,Potato,Zone B,18.84,54.1
2026-03-17,Garlic,Zone A,122.69,91.8
2026-03-17,Garlic,Zone B,128.07,49.4
2026-03-17,Ginger,Zone A,86.8,24.6
2026-03-17,Ginger,Zone B,85.37,67.1
2026-03-17,Capsicum,Zone A,39.68,91.1
2026-03-17,Capsicum,Zone B,39.82,65.4
2026-03-17,Cauliflower,Zone A,30.25,77.6
2026-03-17,Cauliflower,Zone B,32.26,26.1
2026-03-17,Chilli,Zone A,51.59,23.5
2026-03-17,Chilli,Zone B,52.31,72.4
2026-03-17,Grapes,Zone A,85.09,68.5
2026-03-17,Grapes,Zone B,86.38,29.8
2026-03-17,Apple,Zone A,140.78,63.5
2026-03-17,Apple,Zone B,143.59,78.8
2026-03-17,Banana,Zone A,45.83,37.6
2026-03-17,Banana,Zone B,45.11,95.3
2026-03-17,Strawberry,Zone A,153.48,72.3
2026-03-17,Strawberry,Zone B,156.4,41.4
2026-03-18,Tomato,Zone A,20.4,24.3
2026-03-18,Tomato,Zone B,21.05,76.4
2026-03-18,Onion,Zone A,44.75,36.3
2026-03-18,Onion,Zone B,44.23,98.1
2026-03-18,Potato,Zone A,19.99,36.9
2026-03-18,Potato,Zone B,19.41,85.3
2026-03-18,Garlic,Zone A,128.13,75.9
2026-03-18,Garlic,Zone B,124.89,56.3
2026-03-18,Ginger,Zone A,86.52,22.7
2026-03-18,Ginger,Zone B,84.99,50.7
2026-03-18,Capsicum,Zone A,39.94,42.3
2026-03-18,Capsicum,Zone B,41.67,59.6
2026-03-18,Cauliflower,Zone A,30.8,23.6
2026-03-18,Cauliflower,Zone B,30.36,34.8
2026-03-18,Chilli,Zone A,52.66,44.4
2026-03-18,Chilli,Zone B,54.8,47.8
2026-03-18,Grapes,Zone A,83.65,91.5
2026-03-18,Grapes,Zone B,85.73,92.6
2026-03-18,Apple,Zone A,155.78,80.6
2026-03-18,Apple,Zone B,152.69,86.3
2026-03-18,Banana,Zone A,44.44,78.3
2026-03-18,Banana,Zone B,45.55,24.6
2026-03-18,Strawberry,Zone A,136.71,77.7
2026-03-18,Strawberry,Zone B,139.91,88.7
2026-03-19,Tomato,Zone A,20.81,65.8
2026-03-19,Tomato,Zone B,20.99,61.5
2026-03-19,Onion,Zone A,43.07,79.7
2026-03-19,Onion,Zone B,44.96,30.5
2026-03-19,Potato,Zone A,19.26,96.1
2026-03-19,Potato,Zone B,18.18,40.0
2026-03-19,Garlic,Zone A,131.3,51.6
2026-03-19,Garlic,Zone B,134.26,48.9
2026-03-19,Ginger,Zone A,93.5,84.8
2026-03-19,Ginger,Zone B,92.22,29.9
2026-03-19,Capsicum,Zone A,39.7,41.2
2026-03-19,Capsicum,Zone B,39.24,57.0
2026-03-19,Cauliflower,Zone A,29.74,97.3
2026-03-19,Cauliflower,Zone B,29.77,87.5
2026-03-19,Chilli,Zone A,51.56,95.1
2026-03-19,Chilli,Zone B,52.49,68.8
2026-03-19,Grapes,Zone A,84.62,34.4
2026-03-19,Grapes,Zone B,89.55,42.1
2026-03-19,Apple,Zone A,150.9,70.4
2026-03-19,Apple,Zone B,151.14,69.4
2026-03-19,Banana,Zone A,41.65,23.1
2026-03-19,Banana,Zone B,43.61,88.8
2026-03-19,Strawberry,Zone A,145.14,77.4
2026-03-19,Strawberry,Zone B,145.36,77.2
2026-03-20,Tomato,Zone A,19.14,74.3
2026-03-20,Tomato,Zone B,20.08,48.3
2026-03-20,Onion,Zone A,46.35,48.0
2026-03-20,Onion,Zone B,44.43,55.5
2026-03-20,Potato,Zone A,20.23,46.1
2026-03-20,Potato,Zone B,20.45,85.8
2026-03-20,Garlic,Zone A,131.46,90.1
2026-03-20,Garlic,Zone B,126.27,46.1
2026-03-20,Ginger,Zone A,91.37,52.7
2026-03-20,Ginger,Zone B,93.72,57.7
2026-03-20,Capsicum,Zone A,42.3,32.8
2026-03-20,Capsicum,Zone B,40.37,94.4
2026-03-20,Cauliflower,Zone A,30.05,68.7
2026-03-20,Cauliflower,Zone B,32.01,60.9
2026-03-20,Chilli,Zone A,56.58,66.5
2026-03-20,Chilli,Zone B,55.84,37.2
2026-03-20,Grapes,Zone A,92.61,78.1
2026-03-20,Grapes,Zone B,95.29,99.8
2026-03-20,Apple,Zone A,138.82,94.8
2026-03-20,Apple,Zone B,140.51,60.3
2026-03-20,Banana,Zone A,45.51,53.4
2026-03-20,Banana,Zone B,46.18,87.8
2026-03-20,Strawberry,Zone A,143.89,57.8
2026-03-20,Strawberry,Zone B,149.54,55.3
2026-03-21,Tomato,Zone A,20.06,43.4
2026-03-21,Tomato,Zone B,19.14,39.4
2026-03-21,Onion,Zone A,45.69,56.5
2026-03-21,Onion,Zone B,47.12,29.2
2026-03-21,Potato,Zone A,20.02,90.4
2026-03-21,Potato,Zone B,19.44,48.2
2026-03-21,Garlic,Zone A,136.52,72.3
2026-03-21,Garlic,Zone B,133.25,55.9
2026-03-21,Ginger,Zone A,89.76,86.1
2026-03-21,Ginger,Zone B,86.59,63.0
2026-03-21,Capsicum,Zone A,40.8,66.8
2026-03-21,Capsicum,Zone B,39.92,40.8
2026-03-21,Cauliflower,Zone A,28.92,26.5
2026-03-21,Cauliflower,Zone B,29.18,98.7
2026-03-21,Chilli,Zone A,56.01,81.8
2026-03-21,Chilli,Zone B,57.19,90.1
2026-03-21,Grapes,Zone A,80.25,41.1
2026-03-21,Grapes,Zone B,83.12,94.4
2026-03-21,Apple,Zone A,149.05,22.7
2026-03-21,Apple,Zone B,152.8,75.2
2026-03-21,Banana,Zone A,45.82,89.4
2026-03-21,Banana,Zone B,48.79,92.3
2026-03-21,Strawberry,Zone A,143.44,64.6
2026-03-21,Strawberry,Zone B,147.02,29.5
2026-03-22,Tomato,Zone A,21.46,67.3
2026-03-22,Tomato,Zone B,20.99,99.5
2026-03-22,Onion,Zone A,43.77,48.4
2026-03-22,Onion,Zone B,42.78,52.7
2026-03-22,Potato,Zone A,20.98,43.1
2026-03-22,Potato,Zone B,20.4,30.8
2026-03-22,Garlic,Zone A,127.05,93.3
2026-03-22,Garlic,Zone B,128.75,26.7
2026-03-22,Ginger,Zone A,94.26,49.6
2026-03-22,Ginger,Zone B,94.68,50.3
2026-03-22,Capsicum,Zone A,39.78,67.0
2026-03-22,Capsicum,Zone B,41.17,27.8
2026-03-22,Cauliflower,Zone A,29.02,65.1
2026-03-22,Cauliflower,Zone B,30.33,66.4
2026-03-22,Chilli,Zone A,56.56,45.8
2026-03-22,Chilli,Zone B,56.07,34.3
2026-03-22,Grapes,Zone A,86.99,78.8
2026-03-22,Grapes,Zone B,88.18,36.9
2026-03-22,Apple,Zone A,151.19,69.2
2026-03-22,Apple,Zone B,145.47,42.8
2026-03-22,Banana,Zone A,42.5,55.1
2026-03-22,Banana,Zone B,44.62,43.1
2026-03-22,Strawberry,Zone A,166.03,80.3
2026-03-22,Strawberry,Zone B,165.2,73.3
2026-03-23,Tomato,Zone A,18.83,87.1
2026-03-23,Tomato,Zone B,19.68,22.2
2026-03-23,Onion,Zone A,48.53,63.2
2026-03-23,Onion,Zone B,47.93,20.5
2026-03-23,Potato,Zone A,21.04,36.3
2026-03-23,Potato,Zone B,22.64,65.7
2026-03-23,Garlic,Zone A,137.8,86.5
2026-03-23,Garlic,Zone B,135.31,28.8
2026-03-23,Ginger,Zone A,94.39,55.6
2026-03-23,Ginger,Zone B,91.36,41.0
2026-03-23,Capsicum,Zone A,43.09,78.5
2026-03-23,Capsicum,Zone B,40.19,48.3
2026-03-23,Cauliflower,Zone A,29.41,78.2
2026-03-23,Cauliflower,Zone B,28.34,60.6
2026-03-23,Chilli,Zone A,54.33,61.0
2026-03-23,Chilli,Zone B,54.96,76.5
2026-03-23,Grapes,Zone A,90.67,54.7
2026-03-23,Grapes,Zone B,90.73,83.5
2026-03-23,Apple,Zone A,151.29,72.9
2026-03-23,Apple,Zone B,151.71,22.9
2026-03-23,Banana,Zone A,43.81,30.9
2026-03-23,Banana,Zone B,45.15,95.5
2026-03-23,Strawberry,Zone A,150.3,32.1
2026-03-23,Strawberry,Zone B,157.03,78.7
2026-03-24,Tomato,Zone A,19.09,90.1
2026-03-24,Tomato,Zone B,20.27,88.6
2026-03-24,Onion,Zone A,44.29,25.4
2026-03-24,Onion,Zone B,46.34,36.7
2026-03-24,Potato,Zone A,19.29,41.0
2026-03-24,Potato,Zone B,19.23,66.7
2026-03-24,Garlic,Zone A,135.13,72.6
2026-03-24,Garlic,Zone B,131.84,44.0
2026-03-24,Ginger,Zone A,86.13,58.8
2026-03-24,Ginger,Zone B,89.67,51.4
2026-03-24,Capsicum,Zone A,39.37,27.7
2026-03-24,Capsicum,Zone B,38.21,90.5
2026-03-24,Cauliflower,Zone A,30.24,97.5
2026-03-24,Cauliflower,Zone B,30.34,73.0
2026-03-24,Chilli,Zone A,52.74,45.5
2026-03-24,Chilli,Zone B,51.25,75.8
2026-03-24,Grapes,Zone A,96.19,58.7
2026-03-24,Grapes,Zone B,96.42,59.1
2026-03-24,Apple,Zone A,145.53,43.3
2026-03-24,Apple,Zone B,148.77,91.2
2026-03-24,Banana,Zone A,44.65,81.7
2026-03-24,Banana,Zone B,45.39,45.4
2026-03-24,Strawberry,Zone A,144.89,51.9
2026-03-24,Strawberry,Zone B,150.37,41.5
2026-03-25,Tomato,Zone A,20.19,85.5
2026-03-25,Tomato,Zone B,20.14,52.8
2026-03-25,Onion,Zone A,44.12,36.5
2026-03-25,Onion,Zone B,45.78,95.8
2026-03-25,Potato,Zone A,20.76,68.4
2026-03-25,Potato,Zone B,20.24,77.8
2026-03-25,Garlic,Zone A,134.69,76.4
2026-03-25,Garlic,Zone B,143.85,81.3
2026-03-25,Ginger,Zone A,91.6,61.5
2026-03-25,Ginger,Zone B,89.48,35.9
2026-03-25,Capsicum,Zone A,38.74,88.8
2026-03-25,Capsicum,Zone B,37.79,84.1
2026-03-25,Cauliflower,Zone A,30.81,37.2
2026-03-25,Cauliflower,Zone B,31.81,95.2
2026-03-25,Chilli,Zone A,50.43,95.2
2026-03-25,Chilli,Zone B,50.78,51.8
2026-03-25,Grapes,Zone A,88.02,44.1
2026-03-25,Grapes,Zone B,88.55,81.8
2026-03-25,Apple,Zone A,143.55,29.9
2026-03-25,Apple,Zone B,149.53,72.4
2026-03-25,Banana,Zone A,44.17,41.6
2026-03-25,Banana,Zone B,41.9,25.9
2026-03-25,Strawberry,Zone A,157.74,53.2
2026-03-25,Strawberry,Zone B,148.5,86.4
2026-03-26,Tomato,Zone A,19.65,78.9
2026-03-26,Tomato,Zone B,20.68,35.5
2026-03-26,Onion,Zone A,44.79,45.9
2026-03-26,Onion,Zone B,45.52,21.9
2026-03-26,Potato,Zone A,19.31,41.1
2026-03-26,Potato,Zone B,20.02,57.7
2026-03-26,Garlic,Zone A,122.86,97.4
2026-03-26,Garlic,Zone B,127.61,58.7
2026-03-26,Ginger,Zone A,93.92,39.6
2026-03-26,Ginger,Zone B,90.05,59.8
2026-03-26,Capsicum,Zone A,39.17,63.7
2026-03-26,Capsicum,Zone B,38.33,37.9
2026-03-26,Cauliflower,Zone A,31.17,38.6
2026-03-26,Cauliflower,Zone B,31.1,65.1
2026-03-26,Chilli,Zone A,55.04,84.8
2026-03-26,Chilli,Zone B,57.91,27.6
2026-03-26,Grapes,Zone A,87.78,59.2
2026-03-26,Grapes,Zone B,83.59,31.3
2026-03-26,Apple,Zone A,151.43,77.8
2026-03-26,Apple,Zone B,152.56,38.6
2026-03-26,Banana,Zone A,45.29,44.9
2026-03-26,Banana,Zone B,45.6,32.0
2026-03-26,Strawberry,Zone A,144.43,52.5
2026-03-26,Strawberry,Zone B,138.0,75.2
2026-03-27,Tomato,Zone A,20.99,63.6
2026-03-27,Tomato,Zone B,20.2,72.2
2026-03-27,Onion,Zone A,44.94,61.2
2026-03-27,Onion,Zone B,45.47,99.4
2026-03-27,Potato,Zone A,18.45,75.9
2026-03-27,Potato,Zone B,18.87,80.6
2026-03-27,Garlic,Zone A,126.35,33.3
2026-03-27,Garlic,Zone B,123.27,97.8
2026-03-27,Ginger,Zone A,85.33,33.7
2026-03-27,Ginger,Zone B,87.93,59.0
2026-03-27,Capsicum,Zone A,41.15,52.0
2026-03-27,Capsicum,Zone B,40.33,54.8
2026-03-27,Cauliflower,Zone A,30.37,74.1
2026-03-27,Cauliflower,Zone B,29.44,69.2
2026-03-27,Chilli,Zone A,54.95,31.3
2026-03-27,Chilli,Zone B,54.39,36.4
2026-03-27,Grapes,Zone A,94.22,61.6
2026-03-27,Grapes,Zone B,90.79,57.0
2026-03-27,Apple,Zone A,161.89,77.6
2026-03-27,Apple,Zone B,160.96,30.8
2026-03-27,Banana,Zone A,46.3,20.8
2026-03-27,Banana,Zone B,44.81,32.0
2026-03-27,Strawberry,Zone A,142.03,44.9
2026-03-27,Strawberry,Zone B,133.39,75.5
2026-03-28,Tomato,Zone A,19.8,24.9
2026-03-28,Tomato,Zone B,20.03,32.5
2026-03-28,Onion,Zone A,44.54,38.1
2026-03-28,Onion,Zone B,44.78,94.2
2026-03-28,Potato,Zone A,20.29,89.4
2026-03-28,Potato,Zone B,19.91,44.5
2026-03-28,Garlic,Zone A,133.94,40.4
2026-03-28,Garlic,Zone B,135.43,72.7
2026-03-28,Ginger,Zone A,83.8,78.5
2026-03-28,Ginger,Zone B,84.68,41.0
2026-03-28,Capsicum,Zone A,39.32,67.0
2026-03-28,Capsicum,Zone B,39.23,46.4
2026-03-28,Cauliflower,Zone A,31.04,42.2
2026-03-28,Cauliflower,Zone B,31.57,89.7
2026-03-28,Chilli,Zone A,55.81,33.4
2026-03-28,Chilli,Zone B,57.19,99.1
2026-03-28,Grapes,Zone A,86.05,31.7
2026-03-28,Grapes,Zone B,81.75,90.0
2026-03-28,Apple,Zone A,152.02,24.2
2026-03-28,Apple,Zone B,147.49,55.2
2026-03-28,Banana,Zone A,45.11,60.0
2026-03-28,Banana,Zone B,44.34,64.8
2026-03-28,Strawberry,Zone A,143.86,58.0
2026-03-28,Strawberry,Zone B,143.0,61.8
2026-03-29,Tomato,Zone A,20.68,87.4
2026-03-29,Tomato,Zone B,20.79,95.6
2026-03-29,Onion,Zone A,47.29,87.2
2026-03-29,Onion,Zone B,46.73,59.2
2026-03-29,Potato,Zone A,22.03,64.6
2026-03-29,Potato,Zone B,21.6,47.9
2026-03-29,Garlic,Zone A,119.31,57.3
2026-03-29,Garlic,Zone B,122.25,78.3
2026-03-29,Ginger,Zone A,87.84,99.8
2026-03-29,Ginger,Zone B,90.5,50.6
2026-03-29,Capsicum,Zone A,39.48,20.9
2026-03-29,Capsicum,Zone B,38.54,62.1
2026-03-29,Cauliflower,Zone A,28.08,27.5
2026-03-29,Cauliflower,Zone B,28.22,40.3
2026-03-29,Chilli,Zone A,57.81,22.7
2026-03-29,Chilli,Zone B,56.29,58.3
2026-03-29,Grapes,Zone A,84.53,40.2
2026-03-29,Grapes,Zone B,84.06,97.7
2026-03-29,Apple,Zone A,159.35,94.2
2026-03-29,Apple,Zone B,161.01,70.6
2026-03-29,Banana,Zone A,44.86,90.0
2026-03-29,Banana,Zone B,45.86,84.6
2026-03-29,Strawberry,Zone A,130.9,91.5
2026-03-29,Strawberry,Zone B,132.26,78.9
2026-03-30,Tomato,Zone A,20.13,53.6
2026-03-30,Tomato,Zone B,21.32,24.5
2026-03-30,Onion,Zone A,44.02,27.8
2026-03-30,Onion,Zone B,45.78,98.7
2026-03-30,Potato,Zone A,19.66,21.3
2026-03-30,Potato,Zone B,20.0,87.9
2026-03-30,Garlic,Zone A,129.73,92.5
2026-03-30,Garlic,Zone B,128.48,95.5
2026-03-30,Ginger,Zone A,93.32,52.3
2026-03-30,Ginger,Zone B,92.58,73.6
2026-03-30,Capsicum,Zone A,39.25,60.1
2026-03-30,Capsicum,Zone B,38.96,26.7
2026-03-30,Cauliflower,Zone A,29.29,35.9
2026-03-30,Cauliflower,Zone B,29.84,33.8
2026-03-30,Chilli,Zone A,57.88,20.3
2026-03-30,Chilli,Zone B,55.34,48.1
2026-03-30,Grapes,Zone A,88.61,75.7
2026-03-30,Grapes,Zone B,88.6,57.0
2026-03-30,Apple,Zone A,139.52,78.4
2026-03-30,Apple,Zone B,140.62,67.3
2026-03-30,Banana,Zone A,48.1,83.1
2026-03-30,Banana,Zone B,46.03,50.0
2026-03-30,Strawberry,Zone A,139.66,39.7
2026-03-30,Strawberry,Zone B,140.9,71.4
2026-03-31,Tomato,Zone A,20.29,80.5
2026-03-31,Tomato,Zone B,20.19,24.3
2026-03-31,Onion,Zone A,44.74,31.2
2026-03-31,Onion,Zone B,45.25,38.1
2026-03-31,Potato,Zone A,20.05,34.2
2026-03-31,Potato,Zone B,19.14,75.8
2026-03-31,Garlic,Zone A,126.25,66.3
2026-03-31,Garlic,Zone B,124.82,71.3
2026-03-31,Ginger,Zone A,90.49,86.5
2026-03-31,Ginger,Zone B,86.23,86.8
2026-03-31,Capsicum,Zone A,39.66,36.9
2026-03-31,Capsicum,Zone B,40.18,47.8
2026-03-31,Cauliflower,Zone A,31.67,36.6
2026-03-31,Cauliflower,Zone B,31.43,60.3
2026-03-31,Chilli,Zone A,58.15,27.3
2026-03-31,Chilli,Zone B,58.06,40.7
2026-03-31,Grapes,Zone A,86.84,29.2
2026-03-31,Grapes,Zone B,91.36,34.9
2026-03-31,Apple,Zone A,145.6,49.8
2026-03-31,Apple,Zone B,143.18,67.1
2026-03-31,Banana,Zone A,43.59,70.4
2026-03-31,Banana,Zone B,44.17,20.6
2026-03-31,Strawberry,Zone A,144.44,71.8
2026-03-31,Strawberry,Zone B,141.7,93.1
2026-04-01,Tomato,Zone A,19.56,34.9
2026-04-01,Tomato,Zone B,18.86,84.7
2026-04-01,Onion,Zone A,45.08,54.8
2026-04-01,Onion,Zone B,44.44,86.7
2026-04-01,Potato,Zone A,24.13,47.0
2026-04-01,Potato,Zone B,24.73,44.0
2026-04-01,Garlic,Zone A,147.63,81.1
2026-04-01,Garlic,Zone B,147.89,60.6
2026-04-01,Ginger,Zone A,91.25,96.3
2026-04-01,Ginger,Zone B,88.58,22.3
2026-04-01,Capsicum,Zone A,41.4,90.9
2026-04-01,Capsicum,Zone B,41.54,95.4
2026-04-01,Cauliflower,Zone A,30.2,80.1
2026-04-01,Cauliflower,Zone B,28.23,46.7
2026-04-01,Chilli,Zone A,59.69,44.7
2026-04-01,Chilli,Zone B,58.75,84.1
2026-04-01,Grapes,Zone A,87.66,20.1
2026-04-01,Grapes,Zone B,87.53,90.6
2026-04-01,Apple,Zone A,175.44,38.9
2026-04-01,Apple,Zone B,177.23,27.2
2026-04-01,Banana,Zone A,44.5,87.7
2026-04-01,Banana,Zone B,43.41,58.2
2026-04-01,Strawberry,Zone A,176.79,74.9
2026-04-01,Strawberry,Zone B,180.02,93.0
2026-04-02,Tomato,Zone A,20.88,76.5
2026-04-02,Tomato,Zone B,20.76,27.7
2026-04-02,Onion,Zone A,44.24,30.7
2026-04-02,Onion,Zone B,44.28,91.8
2026-04-02,Potato,Zone A,26.27,54.0
2026-04-02,Potato,Zone B,25.58,25.7
2026-04-02,Garlic,Zone A,134.25,66.9
2026-04-02,Garlic,Zone B,128.79,68.7
2026-04-02,Ginger,Zone A,91.44,47.2
2026-04-02,Ginger,Zone B,94.8,68.8
2026-04-02,Capsicum,Zone A,42.37,71.6
2026-04-02,Capsicum,Zone B,39.82,35.0
2026-04-02,Cauliflower,Zone A,28.98,47.2
2026-04-02,Cauliflower,Zone B,29.49,54.1
2026-04-02,Chilli,Zone A,53.33,85.7
2026-04-02,Chilli,Zone B,51.81,96.7
2026-04-02,Grapes,Zone A,87.05,74.6
2026-04-02,Grapes,Zone B,91.85,57.2
2026-04-02,Apple,Zone A,177.58,28.1
2026-04-02,Apple,Zone B,180.05,84.3
2026-04-02,Banana,Zone A,42.19,66.0
2026-04-02,Banana,Zone B,42.41,56.4
2026-04-02,Strawberry,Zone A,186.36,52.1
2026-04-02,Strawberry,Zone B,183.65,44.2
2026-04-03,Tomato,Zone A,19.73,68.3
2026-04-03,Tomato,Zone B,19.99,56.0
2026-04-03,Onion,Zone A,44.33,46.8
2026-04-03,Onion,Zone B,44.55,49.2
2026-04-03,Potato,Zone A,26.7,62.5
2026-04-03,Potato,Zone B,25.47,74.0
2026-04-03,Garlic,Zone A,122.0,94.7
2026-04-03,Garlic,Zone B,124.5,35.8
2026-04-03,Ginger,Zone A,94.51,56.4
2026-04-03,Ginger,Zone B,89.46,42.5
2026-04-03,Capsicum,Zone A,38.45,49.4
2026-04-03,Capsicum,Zone B,39.68,74.9
2026-04-03,Cauliflower,Zone A,28.88,43.7
2026-04-03,Cauliflower,Zone B,30.0,63.4
2026-04-03,Chilli,Zone A,52.62,21.4
2026-04-03,Chilli,Zone B,52.49,70.9
2026-04-03,Grapes,Zone A,91.28,22.9
2026-04-03,Grapes,Zone B,94.09,39.9
2026-04-03,Apple,Zone A,169.34,78.1
2026-04-03,Apple,Zone B,176.88,54.5
2026-04-03,Banana,Zone A,45.65,75.1
2026-04-03,Banana,Zone B,43.09,86.0
2026-04-03,Strawberry,Zone A,189.49,61.9
2026-04-03,Strawberry,Zone B,185.41,26.1
2026-04-04,Tomato,Zone A,19.19,98.1
2026-04-04,Tomato,Zone B,19.96,90.6
2026-04-04,Onion,Zone A,46.18,26.3
2026-04-04,Onion,Zone B,45.99,79.9
2026-04-04,Potato,Zone A,23.86,96.0
2026-04-04,Potato,Zone B,24.32,72.2
2026-04-04,Garlic,Zone A,145.0,54.7
2026-04-04,Garlic,Zone B,136.86,35.3
2026-04-04,Ginger,Zone A,86.47,61.1
2026-04-04,Ginger,Zone B,90.34,39.5
2026-04-04,Capsicum,Zone A,40.78,57.8
2026-04-04,Capsicum,Zone B,42.06,55.0
2026-04-04,Cauliflower,Zone A,31.43,42.1
2026-04-04,Cauliflower,Zone B,31.16,68.4
2026-04-04,Chilli,Zone A,58.07,41.8
2026-04-04,Chilli,Zone B,56.83,21.5
2026-04-04,Grapes,Zone A,86.69,41.4
2026-04-04,Grapes,Zone B,90.04,98.1
2026-04-04,Apple,Zone A,177.99,21.4
2026-04-04,Apple,Zone B,179.49,25.1
2026-04-04,Banana,Zone A,44.79,86.2
2026-04-04,Banana,Zone B,44.36,70.8
2026-04-04,Strawberry,Zone A,175.35,94.4
2026-04-04,Strawberry,Zone B,170.02,47.2
2026-04-05,Tomato,Zone A,19.61,57.0
2026-04-05,Tomato,Zone B,20.07,36.9
2026-04-05,Onion,Zone A,46.52,40.5
2026-04-05,Onion,Zone B,44.17,88.2
2026-04-05,Potato,Zone A,26.44,64.9
2026-04-05,Potato,Zone B,25.85,36.6
2026-04-05,Garlic,Zone A,142.13,43.3
2026-04-05,Garlic,Zone B,141.51,74.0
2026-04-05,Ginger,Zone A,86.62,33.3
2026-04-05,Ginger,Zone B,84.75,54.5
2026-04-05,Capsicum,Zone A,40.38,97.9
2026-04-05,Capsicum,Zone B,42.17,59.3
2026-04-05,Cauliflower,Zone A,30.19,30.5
2026-04-05,Cauliflower,Zone B,29.45,88.0
2026-04-05,Chilli,Zone A,51.59,99.4
2026-04-05,Chilli,Zone B,53.08,34.3
2026-04-05,Grapes,Zone A,87.02,78.8
2026-04-05,Grapes,Zone B,84.45,52.7
2026-04-05,Apple,Zone A,193.76,67.9
2026-04-05,Apple,Zone B,192.22,49.1
2026-04-05,Banana,Zone A,44.56,96.8
2026-04-05,Banana,Zone B,44.13,45.4
2026-04-05,Strawberry,Zone A,179.08,88.7
2026-04-05,Strawberry,Zone B,180.57,57.1
2026-04-06,Tomato,Zone A,20.57,93.9
2026-04-06,Tomato,Zone B,20.12,43.1
2026-04-06,Onion,Zone A,44.55,57.1
2026-04-06,Onion,Zone B,43.96,92.6
2026-04-06,Potato,Zone A,25.01,97.9
2026-04-06,Potato,Zone B,24.53,70.9
2026-04-06,Garlic,Zone A,130.95,69.6
2026-04-06,Garlic,Zone B,140.24,68.0
2026-04-06,Ginger,Zone A,95.37,46.0
2026-04-06,Ginger,Zone B,90.25,65.5
2026-04-06,Capsicum,Zone A,38.58,49.6
2026-04-06,Capsicum,Zone B,40.66,90.7
2026-04-06,Cauliflower,Zone A,30.59,89.1
2026-04-06,Cauliflower,Zone B,31.32,32.9
2026-04-06,Chilli,Zone A,55.91,34.0
2026-04-06,Chilli,Zone B,56.18,93.7
2026-04-06,Grapes,Zone A,86.37,91.6
2026-04-06,Grapes,Zone B,85.77,56.9
2026-04-06,Apple,Zone A,181.34,99.2
2026-04-06,Apple,Zone B,184.12,97.8
2026-04-06,Banana,Zone A,43.6,68.3
2026-04-06,Banana,Zone B,44.39,93.6
2026-04-06,Strawberry,Zone A,173.34,97.0
2026-04-06,Strawberry,Zone B,167.01,22.6
2026-04-07,Tomato,Zone A,20.95,99.6
2026-04-07,Tomato,Zone B,20.94,25.6
2026-04-07,Onion,Zone A,43.77,77.3
2026-04-07,Onion,Zone B,43.27,82.1
2026-04-07,Potato,Zone A,25.44,21.9
2026-04-07,Potato,Zone B,25.33,78.1
2026-04-07,Garlic,Zone A,126.0,85.8
2026-04-07,Garlic,Zone B,129.76,49.1
2026-04-07,Ginger,Zone A,92.03,72.0
2026-04-07,Ginger,Zone B,91.42,29.9
2026-04-07,Capsicum,Zone A,37.85,86.0
2026-04-07,Capsicum,Zone B,39.37,28.9
2026-04-07,Cauliflower,Zone A,28.8,47.2
2026-04-07,Cauliflower,Zone B,29.97,83.6
2026-04-07,Chilli,Zone A,51.68,71.4
2026-04-07,Chilli,Zone B,51.59,91.9
2026-04-07,Grapes,Zone A,88.76,40.8
2026-04-07,Grapes,Zone B,89.13,55.6
2026-04-07,Apple,Zone A,199.25,65.5
2026-04-07,Apple,Zone B,197.6,80.9
2026-04-07,Banana,Zone A,42.68,37.7
2026-04-07,Banana,Zone B,42.97,49.0
2026-04-07,Strawberry,Zone A,182.51,32.7
2026-04-07,Strawberry,Zone B,178.13,58.0
2026-04-08,Tomato,Zone A,19.55,79.5
2026-04-08,Tomato,Zone B,20.19,31.7
2026-04-08,Onion,Zone A,43.66,70.9
2026-04-08,Onion,Zone B,42.4,36.9
2026-04-08,Potato,Zone A,24.67,40.8
2026-04-08,Potato,Zone B,24.94,79.6
2026-04-08,Garlic,Zone A,142.82,69.5
2026-04-08,Garlic,Zone B,140.11,47.5
2026-04-08,Ginger,Zone A,89.35,45.1
2026-04-08,Ginger,Zone B,86.03,89.2
2026-04-08,Capsicum,Zone A,38.88,62.0
2026-04-08,Capsicum,Zone B,38.9,91.8
2026-04-08,Cauliflower,Zone A,29.56,47.4
2026-04-08,Cauliflower,Zone B,28.11,37.9
2026-04-08,Chilli,Zone A,54.98,83.1
2026-04-08,Chilli,Zone B,54.43,48.5
2026-04-08,Grapes,Zone A,93.05,92.5
2026-04-08,Grapes,Zone B,92.53,87.7
2026-04-08,Apple,Zone A,196.37,38.3
2026-04-08,Apple,Zone B,191.33,73.1
2026-04-08,Banana,Zone A,43.11,46.4
2026-04-08,Banana,Zone B,43.0,64.3
2026-04-08,Strawberry,Zone A,184.11,89.8
2026-04-08,Strawberry,Zone B,187.42,24.5
2026-04-09,Tomato,Zone A,19.73,40.5
2026-04-09,Tomato,Zone B,20.52,75.2
2026-04-09,Onion,Zone A,44.75,75.2
2026-04-09,Onion,Zone B,45.52,23.2
2026-04-09,Potato,Zone A,25.38,27.3
2026-04-09,Potato,Zone B,24.65,86.5
2026-04-09,Garlic,Zone A,125.45,61.8
2026-04-09,Garlic,Zone B,117.26,38.2
2026-04-09,Ginger,Zone A,91.36,57.1
2026-04-09,Ginger,Zone B,91.04,82.5
2026-04-09,Capsicum,Zone A,39.7,35.7
2026-04-09,Capsicum,Zone B,38.07,26.7
2026-04-09,Cauliflower,Zone A,29.19,37.2
2026-04-09,Cauliflower,Zone B,29.06,65.5
2026-04-09,Chilli,Zone A,57.05,28.9
2026-04-09,Chilli,Zone B,57.16,82.2
2026-04-09,Grapes,Zone A,87.81,69.2
2026-04-09,Grapes,Zone B,85.41,20.0
2026-04-09,Apple,Zone A,196.72,59.4
2026-04-09,Apple,Zone B,190.09,60.6
2026-04-09,Banana,Zone A,46.69,44.0
2026-04-09,Banana,Zone B,46.39,39.9
2026-04-09,Strawberry,Zone A,176.82,44.7
2026-04-09,Strawberry,Zone B,175.11,98.2
2026-04-10,Tomato,Zone A,20.87,45.5
2026-04-10,Tomato,Zone B,21.68,57.6
2026-04-10,Onion,Zone A,41.97,54.6
2026-04-10,Onion,Zone B,42.8,94.0
2026-04-10,Potato,Zone A,25.13,63.1
2026-04-10,Potato,Zone B,24.23,82.3
2026-04-10,Garlic,Zone A,135.14,60.1
2026-04-10,Garlic,Zone B,136.32,62.4
2026-04-10,Ginger,Zone A,85.04,68.8
2026-04-10,Ginger,Zone B,86.92,32.4
2026-04-10,Capsicum,Zone A,39.45,82.9
2026-04-10,Capsicum,Zone B,39.71,68.8
2026-04-10,Cauliflower,Zone A,30.03,98.5
2026-04-10,Cauliflower,Zone B,29.33,83.1
2026-04-10,Chilli,Zone A,55.5,94.6
2026-04-10,Chilli,Zone B,56.41,88.5
2026-04-10,Grapes,Zone A,85.02,46.7
2026-04-10,Grapes,Zone B,86.49,79.6
2026-04-10,Apple,Zone A,184.88,51.5
2026-04-10,Apple,Zone B,184.76,81.0
2026-04-10,Banana,Zone A,46.24,48.3
2026-04-10,Banana,Zone B,45.66,98.0
2026-04-10,Strawberry,Zone A,177.7,76.3
2026-04-10,Strawberry,Zone B,180.5,77.3
2026-04-11,Tomato,Zone A,19.39,45.7
2026-04-11,Tomato,Zone B,20.05,46.1
2026-04-11,Onion,Zone A,44.18,37.2
2026-04-11,Onion,Zone B,45.28,88.5
2026-04-11,Potato,Zone A,23.52,46.0
2026-04-11,Potato,Zone B,23.98,77.7
2026-04-11,Garlic,Zone A,136.22,23.7
2026-04-11,Garlic,Zone B,132.95,75.0
2026-04-11,Ginger,Zone A,93.58,42.4
2026-04-11,Ginger,Zone B,94.48,50.0
2026-04-11,Capsicum,Zone A,38.83,42.1
2026-04-11,Capsicum,Zone B,38.0,93.9
2026-04-11,Cauliflower,Zone A,27.99,80.0
2026-04-11,Cauliflower,Zone B,28.43,82.0
2026-04-11,Chilli,Zone A,53.01,32.0
2026-04-11,Chilli,Zone B,53.65,36.0
2026-04-11,Grapes,Zone A,82.24,65.8
2026-04-11,Grapes,Zone B,85.72,40.9
2026-04-11,Apple,Zone A,185.29,21.7
2026-04-11,Apple,Zone B,192.53,25.4
2026-04-11,Banana,Zone A,47.07,45.1
2026-04-11,Banana,Zone B,47.6,92.4
2026-04-11,Strawberry,Zone A,184.53,34.7
2026-04-11,Strawberry,Zone B,178.57,56.9
2026-04-12,Tomato,Zone A,19.95,76.3
2026-04-12,Tomato,Zone B,19.28,79.8
2026-04-12,Onion,Zone A,41.55,52.9
2026-04-12,Onion,Zone B,42.5,58.9
2026-04-12,Potato,Zone A,23.92,93.0
2026-04-12,Potato,Zone B,23.89,21.3
2026-04-12,Garlic,Zone A,125.61,60.3
2026-04-12,Garlic,Zone B,133.61,83.2
2026-04-12,Ginger,Zone A,90.47,70.7
2026-04-12,Ginger,Zone B,91.61,65.2
2026-04-12,Capsicum,Zone A,42.84,62.5
2026-04-12,Capsicum,Zone B,42.9,87.7
2026-04-12,Cauliflower,Zone A,29.74,68.8
2026-04-12,Cauliflower,Zone B,29.9,80.2
2026-04-12,Chilli,Zone A,56.16,42.1
2026-04-12,Chilli,Zone B,56.25,90.4
2026-04-12,Grapes,Zone A,95.83,25.8
2026-04-12,Grapes,Zone B,95.81,47.2
2026-04-12,Apple,Zone A,191.23,85.6
2026-04-12,Apple,Zone B,187.31,21.7
2026-04-12,Banana,Zone A,43.55,86.3
2026-04-12,Banana,Zone B,43.59,38.0
2026-04-12,Strawberry,Zone A,175.24,37.8
2026-04-12,Strawberry,Zone B,181.18,46.1
2026-04-13,Tomato,Zone A,20.18,81.6
2026-04-13,Tomato,Zone B,20.03,48.4
2026-04-13,Onion,Zone A,48.08,32.2
2026-04-13,Onion,Zone B,47.73,36.5
2026-04-13,Potato,Zone A,23.29,68.2
2026-04-13,Potato,Zone B,24.87,82.4
2026-04-13,Garlic,Zone A,137.8,46.2
2026-04-13,Garlic,Zone B,131.0,38.4
2026-04-13,Ginger,Zone A,86.0,53.9
2026-04-13,Ginger,Zone B,85.78,94.9
2026-04-13,Capsicum,Zone A,38.42,31.0
2026-04-13,Capsicum,Zone B,40.11,55.2
2026-04-13,Cauliflower,Zone A,30.69,55.5
2026-04-13,Cauliflower,Zone B,31.61,79.2
2026-04-13,Chilli,Zone A,54.11,51.9
2026-04-13,Chilli,Zone B,53.06,50.4
2026-04-13,Grapes,Zone A,92.81,34.0
2026-04-13,Grapes,Zone B,99.11,78.0
2026-04-13,Apple,Zone A,179.77,29.6
2026-04-13,Apple,Zone B,176.0,68.4
2026-04-13,Banana,Zone A,45.45,35.3
2026-04-13,Banana,Zone B,47.91,84.0
2026-04-13,Strawberry,Zone A,174.0,29.0
2026-04-13,Strawberry,Zone B,176.87,20.6
2026-04-14,Tomato,Zone A,20.44,88.6
2026-04-14,Tomato,Zone B,20.37,95.7
2026-04-14,Onion,Zone A,46.27,87.8
2026-04-14,Onion,Zone B,45.77,100.0
2026-04-14,Potato,Zone A,24.24,51.2
2026-04-14,Potato,Zone B,23.91,96.1
2026-04-14,Garlic,Zone A,128.09,45.9
2026-04-14,Garlic,Zone B,122.95,39.9
2026-04-14,Ginger,Zone A,87.89,32.5
2026-04-14,Ginger,Zone B,91.99,81.0
2026-04-14,Capsicum,Zone A,39.17,89.3
2026-04-14,Capsicum,Zone B,38.74,49.7
2026-04-14,Cauliflower,Zone A,28.93,33.8
2026-04-14,Cauliflower,Zone B,30.78,97.2
2026-04-14,Chilli,Zone A,57.73,34.5
2026-04-14,Chilli,Zone B,58.04,28.8
2026-04-14,Grapes,Zone A,85.16,44.5
2026-04-14,Grapes,Zone B,86.03,92.7
2026-04-14,Apple,Zone A,177.87,82.7
2026-04-14,Apple,Zone B,178.02,91.1
2026-04-14,Banana,Zone A,44.18,93.1
2026-04-14,Banana,Zone B,41.35,50.2
2026-04-14,Strawberry,Zone A,182.14,32.7
2026-04-14,Strawberry,Zone B,174.72,91.8
2026-04-15,Tomato,Zone A,19.93,29.0
2026-04-15,Tomato,Zone B,19.15,98.7
2026-04-15,Onion,Zone A,46.74,30.8
2026-04-15,Onion,Zone B,46.99,70.9
2026-04-15,Potato,Zone A,24.47,92.2
2026-04-15,Potato,Zone B,23.8,72.5
2026-04-15,Garlic,Zone A,129.94,77.3
2026-04-15,Garlic,Zone B,128.55,79.9
2026-04-15,Ginger,Zone A,90.9,37.5
2026-04-15,Ginger,Zone B,90.41,95.4
2026-04-15,Capsicum,Zone A,37.6,27.6
2026-04-15,Capsicum,Zone B,38.6,91.0
2026-04-15,Cauliflower,Zone A,28.18,34.8
2026-04-15,Cauliflower,Zone B,29.18,46.3
2026-04-15,Chilli,Zone A,58.38,61.6
2026-04-15,Chilli,Zone B,57.96,90.7
2026-04-15,Grapes,Zone A,92.24,53.8
2026-04-15,Grapes,Zone B,96.26,66.3
2026-04-15,Apple,Zone A,193.07,92.5
2026-04-15,Apple,Zone B,198.69,23.8
2026-04-15,Banana,Zone A,42.53,31.4
2026-04-15,Banana,Zone B,42.01,83.6
2026-04-15,Strawberry,Zone A,171.44,65.8
2026-04-15,Strawberry,Zone B,173.69,47.5
2026-04-16,Tomato,Zone A,20.77,66.2
2026-04-16,Tomato,Zone B,20.18,37.2
2026-04-16,Onion,Zone A,45.71,29.4
2026-04-16,Onion,Zone B,44.74,81.5
2026-04-16,Potato,Zone A,25.72,91.4
2026-04-16,Potato,Zone B,25.55,84.6
2026-04-16,Garlic,Zone A,132.21,73.1
2026-04-16,Garlic,Zone B,133.47,47.4
2026-04-16,Ginger,Zone A,87.02,49.2
2026-04-16,Ginger,Zone B,91.2,97.2
2026-04-16,Capsicum,Zone A,37.66,56.6
2026-04-16,Capsicum,Zone B,37.31,64.0
2026-04-16,Cauliflower,Zone A,30.26,44.6
2026-04-16,Cauliflower,Zone B,29.24,98.7
2026-04-16,Chilli,Zone A,54.25,60.4
2026-04-16,Chilli,Zone B,52.27,95.3
2026-04-16,Grapes,Zone A,96.56,87.2
2026-04-16,Grapes,Zone B,96.77,21.3
2026-04-16,Apple,Zone A,192.23,68.1
2026-04-16,Apple,Zone B,189.08,88.8
2026-04-16,Banana,Zone A,46.2,49.0
2026-04-16,Banana,Zone B,44.14,95.8
2026-04-16,Strawberry,Zone A,178.74,28.0
2026-04-16,Strawberry,Zone B,175.73,70.7
2026-04-17,Tomato,Zone A,20.79,80.1
2026-04-17,Tomato,Zone B,19.67,95.4
2026-04-17,Onion,Zone A,46.8,42.3
2026-04-17,Onion,Zone B,47.16,95.9
2026-04-17,Potato,Zone A,25.28,97.8
2026-04-17,Potato,Zone B,25.26,57.4
2026-04-17,Garlic,Zone A,127.59,20.0
2026-04-17,Garlic,Zone B,120.81,64.5
2026-04-17,Ginger,Zone A,91.29,69.0
2026-04-17,Ginger,Zone B,91.55,24.7
2026-04-17,Capsicum,Zone A,38.51,85.8
2026-04-17,Capsicum,Zone B,40.48,84.6
2026-04-17,Cauliflower,Zone A,30.71,82.9
2026-04-17,Cauliflower,Zone B,31.72,51.3
2026-04-17,Chilli,Zone A,54.74,25.6
2026-04-17,Chilli,Zone B,55.29,42.1
2026-04-17,Grapes,Zone A,94.3,79.2
2026-04-17,Grapes,Zone B,100.68,32.1
2026-04-17,Apple,Zone A,188.36,80.8
2026-04-17,Apple,Zone B,178.53,29.4
2026-04-17,Banana,Zone A,42.75,70.3
2026-04-17,Banana,Zone B,44.05,72.8
2026-04-17,Strawberry,Zone A,171.09,79.4
2026-04-17,Strawberry,Zone B,175.73,25.6
2026-04-18,Tomato,Zone A,21.65,47.3
2026-04-18,Tomato,Zone B,20.58,99.0
2026-04-18,Onion,Zone A,45.86,29.0
2026-04-18,Onion,Zone B,44.35,66.8
2026-04-18,Potato,Zone A,26.34,83.6
2026-04-18,Potato,Zone B,26.48,38.0
2026-04-18,Garlic,Zone A,127.35,68.3
2026-04-18,Garlic,Zone B,123.44,49.0
2026-04-18,Ginger,Zone A,94.56,86.9
2026-04-18,Ginger,Zone B,96.78,53.7
2026-04-18,Capsicum,Zone A,41.74,42.4
2026-04-18,Capsicum,Zone B,41.28,42.1
2026-04-18,Cauliflower,Zone A,29.27,53.6
2026-04-18,Cauliflower,Zone B,30.04,98.6
2026-04-18,Chilli,Zone A,51.03,84.5
2026-04-18,Chilli,Zone B,51.62,59.6
2026-04-18,Grapes,Zone A,93.48,28.3
2026-04-18,Grapes,Zone B,94.33,76.7
2026-04-18,Apple,Zone A,194.43,50.1
2026-04-18,Apple,Zone B,189.61,94.0
2026-04-18,Banana,Zone A,44.83,67.2
2026-04-18,Banana,Zone B,45.52,96.3
2026-04-18,Strawberry,Zone A,175.81,81.1
2026-04-18,Strawberry,Zone B,179.34,73.8
2026-04-19,Tomato,Zone A,20.68,51.5
2026-04-19,Tomato,Zone B,21.21,47.8
2026-04-19,Onion,Zone A,47.6,65.9
2026-04-19,Onion,Zone B,46.38,95.2
2026-04-19,Potato,Zone A,26.05,82.2
2026-04-19,Potato,Zone B,26.13,22.1
2026-04-19,Garlic,Zone A,128.52,95.7
2026-04-19,Garlic,Zone B,129.32,93.7
2026-04-19,Ginger,Zone A,94.42,88.0
2026-04-19,Ginger,Zone B,90.89,85.5
2026-04-19,Capsicum,Zone A,40.87,39.9
2026-04-19,Capsicum,Zone B,39.21,23.8
2026-04-19,Cauliflower,Zone A,31.05,41.1
2026-04-19,Cauliflower,Zone B,30.58,36.8
2026-04-19,Chilli,Zone A,56.7,45.8
2026-04-19,Chilli,Zone B,56.04,47.9
2026-04-19,Grapes,Zone A,98.6,88.5
2026-04-19,Grapes,Zone B,94.68,69.3
2026-04-19,Apple,Zone A,199.93,38.2
2026-04-19,Apple,Zone B,199.82,28.1
2026-04-19,Banana,Zone A,46.51,45.0
2026-04-19,Banana,Zone B,45.99,34.9
2026-04-19,Strawberry,Zone A,174.54,76.6
2026-04-19,Strawberry,Zone B,175.76,84.5
2026-04-20,Tomato,Zone A,21.22,96.7
2026-04-20,Tomato,Zone B,20.5,28.9
2026-04-20,Onion,Zone A,46.85,76.0
2026-04-20,Onion,Zone B,45.59,80.5
2026-04-20,Potato,Zone A,24.89,75.7
2026-04-20,Potato,Zone B,24.49,27.2
2026-04-20,Garlic,Zone A,138.4,52.4
2026-04-20,Garlic,Zone B,131.81,77.3
2026-04-20,Ginger,Zone A,89.55,93.7
2026-04-20,Ginger,Zone B,87.43,96.5
2026-04-20,Capsicum,Zone A,42.54,43.5
2026-04-20,Capsicum,Zone B,41.49,26.6
2026-04-20,Cauliflower,Zone A,31.35,23.3
2026-04-20,Cauliflower,Zone B,31.62,73.4
2026-04-20,Chilli,Zone A,53.73,86.7
2026-04-20,Chilli,Zone B,55.83,39.6
2026-04-20,Grapes,Zone A,87.25,37.3
2026-04-20,Grapes,Zone B,82.86,39.5
2026-04-20,Apple,Zone A,174.68,87.0
2026-04-20,Apple,Zone B,171.94,64.1
2026-04-20,Banana,Zone A,44.99,87.8
2026-04-20,Banana,Zone B,45.6,70.2
2026-04-20,Strawberry,Zone A,194.16,79.7
2026-04-20,Strawberry,Zone B,190.09,98.6
2026-04-21,Tomato,Zone A,20.22,49.6
2026-04-21,Tomato,Zone B,21.27,95.0
2026-04-21,Onion,Zone A,43.69,96.6
2026-04-21,Onion,Zone B,42.9,88.8
2026-04-21,Potato,Zone A,25.68,63.1
2026-04-21,Potato,Zone B,25.44,98.5
2026-04-21,Garlic,Zone A,138.9,58.1
2026-04-21,Garlic,Zone B,136.75,84.6
2026-04-21,Ginger,Zone A,92.54,77.4
2026-04-21,Ginger,Zone B,91.99,64.3
2026-04-21,Capsicum,Zone A,41.82,65.9
2026-04-21,Capsicum,Zone B,40.44,69.5
2026-04-21,Cauliflower,Zone A,29.84,96.3
2026-04-21,Cauliflower,Zone B,29.2,64.8
2026-04-21,Chilli,Zone A,53.37,47.8
2026-04-21,Chilli,Zone B,56.95,31.8
2026-04-21,Grapes,Zone A,90.49,77.5
2026-04-21,Grapes,Zone B,94.28,95.8
2026-04-21,Apple,Zone A,197.65,59.3
2026-04-21,Apple,Zone B,197.51,95.4
2026-04-21,Banana,Zone A,46.11,56.2
2026-04-21,Banana,Zone B,47.33,74.0
2026-04-21,Strawberry,Zone A,177.94,90.1
2026-04-21,Strawberry,Zone B,183.27,31.5
2026-04-22,Tomato,Zone A,20.37,45.2
2026-04-22,Tomato,Zone B,19.29,68.8
2026-04-22,Onion,Zone A,45.43,29.6
2026-04-22,Onion,Zone B,47.71,69.1
2026-04-22,Potato,Zone A,25.54,78.6
2026-04-22,Potato,Zone B,24.57,68.1
2026-04-22,Garlic,Zone A,134.67,34.5
2026-04-22,Garlic,Zone B,139.86,59.6
2026-04-22,Ginger,Zone A,83.73,95.7
2026-04-22,Ginger,Zone B,87.09,95.9
2026-04-22,Capsicum,Zone A,39.26,75.7
2026-04-22,Capsicum,Zone B,38.41,47.5
2026-04-22,Cauliflower,Zone A,28.45,76.6
2026-04-22,Cauliflower,Zone B,29.66,60.0
2026-04-22,Chilli,Zone A,52.85,38.1
2026-04-22,Chilli,Zone B,55.33,70.6
2026-04-22,Grapes,Zone A,89.88,61.9
2026-04-22,Grapes,Zone B,84.72,68.5
2026-04-22,Apple,Zone A,194.84,49.9
2026-04-22,Apple,Zone B,196.6,97.1
2026-04-22,Banana,Zone A,43.34,50.8
2026-04-22,Banana,Zone B,43.43,92.4
2026-04-22,Strawberry,Zone A,186.35,96.5
2026-04-22,Strawberry,Zone B,176.63,69.7
2026-04-23,Tomato,Zone A,18.93,47.6
2026-04-23,Tomato,Zone B,19.94,93.0
2026-04-23,Onion,Zone A,45.72,91.3
2026-04-23,Onion,Zone B,46.2,90.4
2026-04-23,Potato,Zone A,23.51,85.5
2026-04-23,Potato,Zone B,23.28,23.1
2026-04-23,Garlic,Zone A,137.77,95.3
2026-04-23,Garlic,Zone B,136.17,44.9
2026-04-23,Ginger,Zone A,87.06,34.4
2026-04-23,Ginger,Zone B,88.25,92.0
2026-04-23,Capsicum,Zone A,40.32,99.8
2026-04-23,Capsicum,Zone B,41.33,95.0
2026-04-23,Cauliflower,Zone A,31.41,51.1
2026-04-23,Cauliflower,Zone B,31.16,29.3
2026-04-23,Chilli,Zone A,54.58,49.3
2026-04-23,Chilli,Zone B,54.15,85.4
2026-04-23,Grapes,Zone A,84.95,48.7
2026-04-23,Grapes,Zone B,88.46,93.7
2026-04-23,Apple,Zone A,203.28,76.6
2026-04-23,Apple,Zone B,202.17,27.9
2026-04-23,Banana,Zone A,45.68,45.6
2026-04-23,Banana,Zone B,45.19,66.0
2026-04-23,Strawberry,Zone A,179.05,63.7
2026-04-23,Strawberry,Zone B,176.25,45.6
2026-04-24,Tomato,Zone A,19.42,95.5
2026-04-24,Tomato,Zone B,19.78,54.8
2026-04-24,Onion,Zone A,41.48,28.3
2026-04-24,Onion,Zone B,43.33,68.8
2026-04-24,Potato,Zone A,25.48,81.7
2026-04-24,Potato,Zone B,25.05,75.9
2026-04-24,Garlic,Zone A,127.8,95.7
2026-04-24,Garlic,Zone B,130.61,67.0
2026-04-24,Ginger,Zone A,93.92,71.3
2026-04-24,Ginger,Zone B,95.39,62.7
2026-04-24,Capsicum,Zone A,37.59,35.1
2026-04-24,Capsicum,Zone B,39.61,24.2
2026-04-24,Cauliflower,Zone A,31.9,79.1
2026-04-24,Cauliflower,Zone B,31.04,34.3
2026-04-24,Chilli,Zone A,55.15,92.9
2026-04-24,Chilli,Zone B,52.55,96.0
2026-04-24,Grapes,Zone A,98.88,25.8
2026-04-24,Grapes,Zone B,94.92,36.5
2026-04-24,Apple,Zone A,184.28,93.8
2026-04-24,Apple,Zone B,187.2,75.2
2026-04-24,Banana,Zone A,45.05,39.2
2026-04-24,Banana,Zone B,48.09,86.5
2026-04-24,Strawberry,Zone A,196.07,86.1
2026-04-24,Strawberry,Zone B,186.78,87.0
2026-04-25,Tomato,Zone A,18.54,39.7
2026-04-25,Tomato,Zone B,19.35,90.6
2026-04-25,Onion,Zone A,44.9,89.1
2026-04-25,Onion,Zone B,45.1,36.4
2026-04-25,Potato,Zone A,26.44,41.8
2026-04-25,Potato,Zone B,26.34,53.3
2026-04-25,Garlic,Zone A,127.62,92.1
2026-04-25,Garlic,Zone B,133.22,59.1
2026-04-25,Ginger,Zone A,91.82,51.6
2026-04-25,Ginger,Zone B,92.33,55.9
2026-04-25,Capsicum,Zone A,39.75,71.0
2026-04-25,Capsicum,Zone B,39.4,92.2
2026-04-25,Cauliflower,Zone A,29.21,46.2
2026-04-25,Cauliflower,Zone B,31.03,40.5
2026-04-25,Chilli,Zone A,57.92,51.9
2026-04-25,Chilli,Zone B,56.16,42.8
2026-04-25,Grapes,Zone A,89.03,29.6
2026-04-25,Grapes,Zone B,94.28,90.7
2026-04-25,Apple,Zone A,201.89,59.8
2026-04-25,Apple,Zone B,195.01,99.6
2026-04-25,Banana,Zone A,43.46,38.3
2026-04-25,Banana,Zone B,46.06,34.8
2026-04-25,Strawberry,Zone A,189.25,39.3
2026-04-25,Strawberry,Zone B,186.43,55.0
2026-04-26,Tomato,Zone A,19.44,23.3
2026-04-26,Tomato,Zone B,19.95,81.3
2026-04-26,Onion,Zone A,42.59,45.4
2026-04-26,Onion,Zone B,43.84,95.9
2026-04-26,Potato,Zone A,25.49,93.7
2026-04-26,Potato,Zone B,24.31,36.1
2026-04-26,Garlic,Zone A,134.28,32.2
2026-04-26,Garlic,Zone B,133.2,25.1
2026-04-26,Ginger,Zone A,85.02,72.6
2026-04-26,Ginger,Zone B,86.73,89.7
2026-04-26,Capsicum,Zone A,37.5,62.3
2026-04-26,Capsicum,Zone B,38.45,31.5
2026-04-26,Cauliflower,Zone A,30.28,74.8
2026-04-26,Cauliflower,Zone B,31.17,62.7
2026-04-26,Chilli,Zone A,54.18,94.6
2026-04-26,Chilli,Zone B,55.08,31.5
2026-04-26,Grapes,Zone A,82.42,50.5
2026-04-26,Grapes,Zone B,84.64,85.1
2026-04-26,Apple,Zone A,189.61,38.0
2026-04-26,Apple,Zone B,197.57,65.1
2026-04-26,Banana,Zone A,43.6,92.9
2026-04-26,Banana,Zone B,44.59,71.6
2026-04-26,Strawberry,Zone A,177.72,56.0
2026-04-26,Strawberry,Zone B,179.58,74.6
2026-04-27,Tomato,Zone A,19.97,99.0
2026-04-27,Tomato,Zone B,20.15,93.6
2026-04-27,Onion,Zone A,43.57,48.8
2026-04-27,Onion,Zone B,42.2,71.0
2026-04-27,Potato,Zone A,25.09,99.9
2026-04-27,Potato,Zone B,24.92,49.4
2026-04-27,Garlic,Zone A,123.45,31.5
2026-04-27,Garlic,Zone B,120.12,76.9
2026-04-27,Ginger,Zone A,88.4,52.2
2026-04-27,Ginger,Zone B,92.83,48.2
2026-04-27,Capsicum,Zone A,41.5,53.4
2026-04-27,Capsicum,Zone B,42.55,55.5
2026-04-27,Cauliflower,Zone A,29.34,46.1
2026-04-27,Cauliflower,Zone B,29.43,77.9
2026-04-27,Chilli,Zone A,52.17,35.3
2026-04-27,Chilli,Zone B,52.08,89.9
2026-04-27,Grapes,Zone A,94.27,92.0
2026-04-27,Grapes,Zone B,93.74,81.1
2026-04-27,Apple,Zone A,186.87,37.1
2026-04-27,Apple,Zone B,179.45,28.7
2026-04-27,Banana,Zone A,44.96,86.6
2026-04-27,Banana,Zone B,46.69,69.9
2026-04-27,Strawberry,Zone A,168.03,64.1
2026-04-27,Strawberry,Zone B,167.19,50.7
2026-04-28,Tomato,Zone A,19.52,55.4
2026-04-28,Tomato,Zone B,20.35,50.9
2026-04-28,Onion,Zone A,44.92,79.7
2026-04-28,Onion,Zone B,45.98,32.5
2026-04-28,Potato,Zone A,25.31,35.8
2026-04-28,Potato,Zone B,24.58,57.5
2026-04-28,Garlic,Zone A,136.67,94.5
2026-04-28,Garlic,Zone B,138.76,94.6
2026-04-28,Ginger,Zone A,92.72,90.1
2026-04-28,Ginger,Zone B,92.29,83.0
2026-04-28,Capsicum,Zone A,36.84,89.0
2026-04-28,Capsicum,Zone B,36.97,88.2
2026-04-28,Cauliflower,Zone A,30.39,36.2
2026-04-28,Cauliflower,Zone B,28.62,37.0
2026-04-28,Chilli,Zone A,56.25,92.7
2026-04-28,Chilli,Zone B,57.25,86.3
2026-04-28,Grapes,Zone A,91.81,43.2
2026-04-28,Grapes,Zone B,87.46,65.0
2026-04-28,Apple,Zone A,193.97,53.2
2026-04-28,Apple,Zone B,200.04,69.5
2026-04-28,Banana,Zone A,43.64,57.6
2026-04-28,Banana,Zone B,45.14,75.2
2026-04-28,Strawberry,Zone A,194.4,73.1
2026-04-28,Strawberry,Zone B,181.97,55.6
2026-04-29,Tomato,Zone A,19.91,50.5
2026-04-29,Tomato,Zone B,20.31,33.6
2026-04-29,Onion,Zone A,43.48,85.4
2026-04-29,Onion,Zone B,44.32,66.8
2026-04-29,Potato,Zone A,24.97,97.6
2026-04-29,Potato,Zone B,25.07,65.3
2026-04-29,Garlic,Zone A,146.77,90.9
2026-04-29,Garlic,Zone B,136.38,30.8
2026-04-29,Ginger,Zone A,87.45,32.0
2026-04-29,Ginger,Zone B,91.68,83.3
2026-04-29,Capsicum,Zone A,42.18,45.7
2026-04-29,Capsicum,Zone B,41.36,95.9
2026-04-29,Cauliflower,Zone A,28.99,83.9
2026-04-29,Cauliflower,Zone B,27.64,91.3
2026-04-29,Chilli,Zone A,53.1,88.1
2026-04-29,Chilli,Zone B,53.2,42.4
2026-04-29,Grapes,Zone A,94.12,59.2
2026-04-29,Grapes,Zone B,94.04,24.2
2026-04-29,Apple,Zone A,176.88,55.9
2026-04-29,Apple,Zone B,178.7,23.2
2026-04-29,Banana,Zone A,47.08,56.6
2026-04-29,Banana,Zone B,44.58,64.1
2026-04-29,Strawberry,Zone A,179.98,69.9
2026-04-29,Strawberry,Zone B,176.61,21.5
2026-04-30,Tomato,Zone A,20.4,50.4
2026-04-30,Tomato,Zone B,19.03,73.8
2026-04-30,Onion,Zone A,45.28,84.3
2026-04-30,Onion,Zone B,47.18,82.7
2026-04-30,Potato,Zone A,24.46,95.4
2026-04-30,Potato,Zone B,25.2,64.2
2026-04-30,Garlic,Zone A,129.27,93.1
2026-04-30,Garlic,Zone B,136.15,26.8
2026-04-30,Ginger,Zone A,90.17,60.7
2026-04-30,Ginger,Zone B,88.67,84.9
2026-04-30,Capsicum,Zone A,39.93,26.0
2026-04-30,Capsicum,Zone B,40.81,32.3
2026-04-30,Cauliflower,Zone A,31.59,89.1
2026-04-30,Cauliflower,Zone B,29.69,21.1
2026-04-30,Chilli,Zone A,58.37,69.4
2026-04-30,Chilli,Zone B,55.13,70.1
2026-04-30,Grapes,Zone A,96.57,89.9
2026-04-30,Grapes,Zone B,99.09,28.5
2026-04-30,Apple,Zone A,179.04,36.0
2026-04-30,Apple,Zone B,179.63,26.5
2026-04-30,Banana,Zone A,44.72,20.3
2026-04-30,Banana,Zone B,44.17,38.6
2026-04-30,Strawberry,Zone A,166.12,45.6
2026-04-30,Strawberry,Zone B,172.3,58.1
2026-05-01,Tomato,Zone A,20.15,68.4
2026-05-01,Tomato,Zone B,18.91,43.0
2026-05-01,Onion,Zone A,47.13,24.9
2026-05-01,Onion,Zone B,44.64,20.5
2026-05-01,Potato,Zone A,23.6,31.5
2026-05-01,Potato,Zone B,24.27,97.8
2026-05-01,Garlic,Zone A,165.85,26.1
2026-05-01,Garlic,Zone B,159.11,45.7
2026-05-01,Ginger,Zone A,91.88,70.8
2026-05-01,Ginger,Zone B,95.13,68.1
2026-05-01,Capsicum,Zone A,39.34,54.1
2026-05-01,Capsicum,Zone B,41.07,78.8
2026-05-01,Cauliflower,Zone A,30.46,97.5
2026-05-01,Cauliflower,Zone B,29.49,80.3
2026-05-01,Chilli,Zone A,50.77,47.5
2026-05-01,Chilli,Zone B,53.59,69.6
2026-05-01,Grapes,Zone A,109.68,81.2
2026-05-01,Grapes,Zone B,115.46,21.0
2026-05-01,Apple,Zone A,188.41,67.1
2026-05-01,Apple,Zone B,201.32,48.9
2026-05-01,Banana,Zone A,46.47,25.3
2026-05-01,Banana,Zone B,44.94,87.2
2026-05-01,Strawberry,Zone A,182.58,58.4
2026-05-01,Strawberry,Zone B,179.11,81.1
2026-05-02,Tomato,Zone A,20.41,35.2
2026-05-02,Tomato,Zone B,19.76,23.4
2026-05-02,Onion,Zone A,44.21,56.9
2026-05-02,Onion,Zone B,45.84,87.7
2026-05-02,Potato,Zone A,26.1,91.9
2026-05-02,Potato,Zone B,26.08,31.4
2026-05-02,Garlic,Zone A,162.95,22.0
2026-05-02,Garlic,Zone B,159.28,45.3
2026-05-02,Ginger,Zone A,95.41,52.0
2026-05-02,Ginger,Zone B,90.74,83.3
2026-05-02,Capsicum,Zone A,39.58,67.4
2026-05-02,Capsicum,Zone B,39.62,27.6
2026-05-02,Cauliflower,Zone A,28.84,47.0
2026-05-02,Cauliflower,Zone B,28.54,51.4
2026-05-02,Chilli,Zone A,55.88,63.9
2026-05-02,Chilli,Zone B,52.74,58.9
2026-05-02,Grapes,Zone A,111.86,95.8
2026-05-02,Grapes,Zone B,109.4,97.5
2026-05-02,Apple,Zone A,180.73,25.4
2026-05-02,Apple,Zone B,171.83,58.1
2026-05-02,Banana,Zone A,43.12,95.5
2026-05-02,Banana,Zone B,45.12,53.3
2026-05-02,Strawberry,Zone A,168.6,32.7
2026-05-02,Strawberry,Zone B,173.02,74.7
2026-05-03,Tomato,Zone A,19.26,30.4
2026-05-03,Tomato,Zone B,19.51,78.0
2026-05-03,Onion,Zone A,47.73,49.6
2026-05-03,Onion,Zone B,48.13,25.0
2026-05-03,Potato,Zone A,24.7,36.8
2026-05-03,Potato,Zone B,24.52,38.7
2026-05-03,Garlic,Zone A,163.46,93.3
2026-05-03,Garlic,Zone B,172.22,82.9
2026-05-03,Ginger,Zone A,91.05,46.5
2026-05-03,Ginger,Zone B,88.28,30.2
2026-05-03,Capsicum,Zone A,39.7,97.7
2026-05-03,Capsicum,Zone B,38.44,67.4
2026-05-03,Cauliflower,Zone A,29.96,59.1
2026-05-03,Cauliflower,Zone B,29.14,21.6
2026-05-03,Chilli,Zone A,53.28,80.0
2026-05-03,Chilli,Zone B,55.6,26.5
2026-05-03,Grapes,Zone A,110.8,91.3
2026-05-03,Grapes,Zone B,113.93,41.3
2026-05-03,Apple,Zone A,190.11,83.3
2026-05-03,Apple,Zone B,182.65,31.4
2026-05-03,Banana,Zone A,44.92,39.7
2026-05-03,Banana,Zone B,47.06,46.2
2026-05-03,Strawberry,Zone A,185.59,31.7
2026-05-03,Strawberry,Zone B,182.47,45.6
2026-05-04,Tomato,Zone A,21.15,62.9
2026-05-04,Tomato,Zone B,21.51,71.7
2026-05-04,Onion,Zone A,47.43,29.6
2026-05-04,Onion,Zone B,47.94,78.8
2026-05-04,Potato,Zone A,24.82,42.6
2026-05-04,Potato,Zone B,24.8,53.8
2026-05-04,Garlic,Zone A,158.64,40.9
2026-05-04,Garlic,Zone B,160.4,22.0
2026-05-04,Ginger,Zone A,93.28,26.3
2026-05-04,Ginger,Zone B,91.11,92.8
2026-05-04,Capsicum,Zone A,38.98,64.4
2026-05-04,Capsicum,Zone B,38.88,80.7
2026-05-04,Cauliflower,Zone A,28.3,42.1
2026-05-04,Cauliflower,Zone B,29.3,56.3
2026-05-04,Chilli,Zone A,51.57,96.5
2026-05-04,Chilli,Zone B,51.55,89.4
2026-05-04,Grapes,Zone A,109.42,45.2
2026-05-04,Grapes,Zone B,112.53,64.0
2026-05-04,Apple,Zone A,193.61,51.6
2026-05-04,Apple,Zone B,188.71,86.9
2026-05-04,Banana,Zone A,42.16,65.2
2026-05-04,Banana,Zone B,43.14,90.7
2026-05-04,Strawberry,Zone A,175.0,30.5
2026-05-04,Strawberry,Zone B,166.0,25.4
2026-05-05,Tomato,Zone A,19.34,95.2
2026-05-05,Tomato,Zone B,18.89,80.4
2026-05-05,Onion,Zone A,46.52,53.0
2026-05-05,Onion,Zone B,48.07,59.4
2026-05-05,Potato,Zone A,25.16,71.3
2026-05-05,Potato,Zone B,24.9,32.4
2026-05-05,Garlic,Zone A,169.32,55.9
2026-05-05,Garlic,Zone B,160.08,92.9
2026-05-05,Ginger,Zone A,86.01,71.6
2026-05-05,Ginger,Zone B,88.25,24.2
2026-05-05,Capsicum,Zone A,40.46,23.4
2026-05-05,Capsicum,Zone B,40.44,38.6
2026-05-05,Cauliflower,Zone A,29.82,60.0
2026-05-05,Cauliflower,Zone B,28.55,80.5
2026-05-05,Chilli,Zone A,53.79,81.2
2026-05-05,Chilli,Zone B,55.9,73.6
2026-05-05,Grapes,Zone A,112.62,23.2
2026-05-05,Grapes,Zone B,112.97,36.7
2026-05-05,Apple,Zone A,182.49,76.1
2026-05-05,Apple,Zone B,191.22,49.4
2026-05-05,Banana,Zone A,45.54,37.0
2026-05-05,Banana,Zone B,46.93,93.2
2026-05-05,Strawberry,Zone A,181.17,64.5
2026-05-05,Strawberry,Zone B,184.56,32.8
2026-05-06,Tomato,Zone A,19.57,46.8
2026-05-06,Tomato,Zone B,19.13,40.8
2026-05-06,Onion,Zone A,42.54,22.3
2026-05-06,Onion,Zone B,43.64,72.1
2026-05-06,Potato,Zone A,24.84,34.8
2026-05-06,Potato,Zone B,24.11,84.4
2026-05-06,Garlic,Zone A,168.79,36.0
2026-05-06,Garlic,Zone B,164.81,79.8
2026-05-06,Ginger,Zone A,94.29,90.9
2026-05-06,Ginger,Zone B,95.36,48.9
2026-05-06,Capsicum,Zone A,38.6,65.3
2026-05-06,Capsicum,Zone B,39.39,40.2
2026-05-06,Cauliflower,Zone A,29.58,37.3
2026-05-06,Cauliflower,Zone B,29.27,46.7
2026-05-06,Chilli,Zone A,55.97,77.6
2026-05-06,Chilli,Zone B,54.81,51.3
2026-05-06,Grapes,Zone A,116.59,58.4
2026-05-06,Grapes,Zone B,113.67,83.6
2026-05-06,Apple,Zone A,199.25,26.2
2026-05-06,Apple,Zone B,186.46,20.0
2026-05-06,Banana,Zone A,41.35,20.9
2026-05-06,Banana,Zone B,42.12,20.0
2026-05-06,Strawberry,Zone A,182.29,96.9
2026-05-06,Strawberry,Zone B,173.24,49.4
2026-05-07,Tomato,Zone A,21.06,79.3
2026-05-07,Tomato,Zone B,20.09,42.4
2026-05-07,Onion,Zone A,44.95,22.8
2026-05-07,Onion,Zone B,44.3,31.3
2026-05-07,Potato,Zone A,25.75,98.7
2026-05-07,Potato,Zone B,25.72,29.6
2026-05-07,Garlic,Zone A,168.06,83.4
2026-05-07,Garlic,Zone B,167.12,94.6
2026-05-07,Ginger,Zone A,84.37,78.0
2026-05-07,Ginger,Zone B,86.76,90.9
2026-05-07,Capsicum,Zone A,40.04,21.8
2026-05-07,Capsicum,Zone B,40.99,25.1
2026-05-07,Cauliflower,Zone A,29.88,51.8
2026-05-07,Cauliflower,Zone B,30.28,23.0
2026-05-07,Chilli,Zone A,54.48,34.0
2026-05-07,Chilli,Zone B,52.5,91.8
2026-05-07,Grapes,Zone A,115.83,90.1
2026-05-07,Grapes,Zone B,113.6,77.5
2026-05-07,Apple,Zone A,175.26,73.7
2026-05-07,Apple,Zone B,185.2,35.0
2026-05-07,Banana,Zone A,46.99,99.7
2026-05-07,Banana,Zone B,44.18,65.1
2026-05-07,Strawberry,Zone A,187.31,76.2
2026-05-07,Strawberry,Zone B,190.78,77.2
2026-05-08,Tomato,Zone A,20.14,27.1
2026-05-08,Tomato,Zone B,20.27,85.7
2026-05-08,Onion,Zone A,44.74,92.1
2026-05-08,Onion,Zone B,46.02,63.3
2026-05-08,Potato,Zone A,24.83,52.6
2026-05-08,Potato,Zone B,24.71,49.8
2026-05-08,Garlic,Zone A,171.32,31.8
2026-05-08,Garlic,Zone B,170.05,91.2
2026-05-08,Ginger,Zone A,90.91,96.9
2026-05-08,Ginger,Zone B,88.55,40.3
2026-05-08,Capsicum,Zone A,39.86,71.6
2026-05-08,Capsicum,Zone B,38.4,63.1
2026-05-08,Cauliflower,Zone A,31.49,47.5
2026-05-08,Cauliflower,Zone B,31.56,98.6
2026-05-08,Chilli,Zone A,52.38,70.6
2026-05-08,Chilli,Zone B,54.09,88.1
2026-05-08,Grapes,Zone A,115.04,83.4
2026-05-08,Grapes,Zone B,113.69,51.7
2026-05-08,Apple,Zone A,203.21,99.2
2026-05-08,Apple,Zone B,197.9,61.6
2026-05-08,Banana,Zone A,44.45,64.0
2026-05-08,Banana,Zone B,46.94,79.2
2026-05-08,Strawberry,Zone A,187.53,59.1
2026-05-08,Strawberry,Zone B,180.75,86.9
2026-05-09,Tomato,Zone A,20.44,61.8
2026-05-09,Tomato,Zone B,20.25,37.5
2026-05-09,Onion,Zone A,44.0,80.1
2026-05-09,Onion,Zone B,42.93,71.2
2026-05-09,Potato,Zone A,25.55,91.6
2026-05-09,Potato,Zone B,24.26,20.0
2026-05-09,Garlic,Zone A,164.76,28.6
2026-05-09,Garlic,Zone B,160.01,25.8
2026-05-09,Ginger,Zone A,92.11,52.5
2026-05-09,Ginger,Zone B,96.5,63.4
2026-05-09,Capsicum,Zone A,39.35,21.9
2026-05-09,Capsicum,Zone B,36.95,29.7
2026-05-09,Cauliflower,Zone A,29.7,25.7
2026-05-09,Cauliflower,Zone B,28.48,96.1
2026-05-09,Chilli,Zone A,53.95,52.2
2026-05-09,Chilli,Zone B,55.43,44.0
2026-05-09,Grapes,Zone A,106.23,54.3
2026-05-09,Grapes,Zone B,109.55,58.3
2026-05-09,Apple,Zone A,183.95,59.3
2026-05-09,Apple,Zone B,183.79,45.6
2026-05-09,Banana,Zone A,43.58,88.9
2026-05-09,Banana,Zone B,42.49,63.1
2026-05-09,Strawberry,Zone A,175.37,69.6
2026-05-09,Strawberry,Zone B,170.71,97.7
2026-05-10,Tomato,Zone A,19.23,23.1
2026-05-10,Tomato,Zone B,19.96,92.5
2026-05-10,Onion,Zone A,45.04,26.6
2026-05-10,Onion,Zone B,45.69,77.2
2026-05-10,Potato,Zone A,25.96,79.9
2026-05-10,Potato,Zone B,25.52,98.7
2026-05-10,Garlic,Zone A,150.23,82.2
2026-05-10,Garlic,Zone B,156.88,37.3
2026-05-10,Ginger,Zone A,85.7,30.3
2026-05-10,Ginger,Zone B,91.78,82.5
2026-05-10,Capsicum,Zone A,41.56,60.2
2026-05-10,Capsicum,Zone B,41.62,75.8
2026-05-10,Cauliflower,Zone A,30.67,72.3
2026-05-10,Cauliflower,Zone B,28.59,66.9
2026-05-10,Chilli,Zone A,56.05,92.2
2026-05-10,Chilli,Zone B,55.16,33.0
2026-05-10,Grapes,Zone A,106.24,28.8
2026-05-10,Grapes,Zone B,104.72,87.0
2026-05-10,Apple,Zone A,178.28,20.5
2026-05-10,Apple,Zone B,182.41,84.5
2026-05-10,Banana,Zone A,47.84,23.5
2026-05-10,Banana,Zone B,45.64,47.2
2026-05-10,Strawberry,Zone A,188.36,38.3
2026-05-10,Strawberry,Zone B,182.48,76.1
2026-05-11,Tomato,Zone A,20.16,31.1
2026-05-11,Tomato,Zone B,21.22,95.7
2026-05-11,Onion,Zone A,45.06,49.3
2026-05-11,Onion,Zone B,46.0,21.6
2026-05-11,Potato,Zone A,25.45,70.8
2026-05-11,Potato,Zone B,24.27,57.9
2026-05-11,Garlic,Zone A,157.18,53.8
2026-05-11,Garlic,Zone B,151.02,41.0
2026-05-11,Ginger,Zone A,92.97,52.1
2026-05-11,Ginger,Zone B,97.19,92.5
2026-05-11,Capsicum,Zone A,40.24,33.0
2026-05-11,Capsicum,Zone B,41.74,73.2
2026-05-11,Cauliflower,Zone A,31.02,49.9
2026-05-11,Cauliflower,Zone B,29.27,25.3
2026-05-11,Chilli,Zone A,55.17,53.1
2026-05-11,Chilli,Zone B,56.87,38.6
2026-05-11,Grapes,Zone A,103.01,76.1
2026-05-11,Grapes,Zone B,101.97,24.8
2026-05-11,Apple,Zone A,190.07,73.3
2026-05-11,Apple,Zone B,197.49,20.7
2026-05-11,Banana,Zone A,45.36,93.7
2026-05-11,Banana,Zone B,48.06,84.1
2026-05-11,Strawberry,Zone A,174.04,58.3
2026-05-11,Strawberry,Zone B,168.8,51.0
2026-05-12,Tomato,Zone A,20.33,84.3
2026-05-12,Tomato,Zone B,19.69,30.2
2026-05-12,Onion,Zone A,46.35,25.4
2026-05-12,Onion,Zone B,45.09,99.0
2026-05-12,Potato,Zone A,24.66,80.3
2026-05-12,Potato,Zone B,25.85,48.9
2026-05-12,Garlic,Zone A,152.65,24.8
2026-05-12,Garlic,Zone B,154.76,89.7
2026-05-12,Ginger,Zone A,89.03,73.7
2026-05-12,Ginger,Zone B,95.71,51.3
2026-05-12,Capsicum,Zone A,41.61,79.9
2026-05-12,Capsicum,Zone B,39.22,69.2
2026-05-12,Cauliflower,Zone A,31.83,71.7
2026-05-12,Cauliflower,Zone B,31.5,32.6
2026-05-12,Chilli,Zone A,54.6,81.8
2026-05-12,Chilli,Zone B,55.25,22.5
2026-05-12,Grapes,Zone A,101.73,91.3
2026-05-12,Grapes,Zone B,102.25,71.3
2026-05-12,Apple,Zone A,182.02,57.2
2026-05-12,Apple,Zone B,188.09,93.4
2026-05-12,Banana,Zone A,44.24,46.2
2026-05-12,Banana,Zone B,43.44,95.9
2026-05-12,Strawberry,Zone A,178.56,89.7
2026-05-12,Strawberry,Zone B,182.92,75.6
2026-05-13,Tomato,Zone A,21.02,72.9
2026-05-13,Tomato,Zone B,20.97,57.5
2026-05-13,Onion,Zone A,43.12,47.4
2026-05-13,Onion,Zone B,43.22,70.5
2026-05-13,Potato,Zone A,23.93,41.7
2026-05-13,Potato,Zone B,23.97,61.1
2026-05-13,Garlic,Zone A,162.11,92.6
2026-05-13,Garlic,Zone B,157.84,47.9
2026-05-13,Ginger,Zone A,90.56,61.4
2026-05-13,Ginger,Zone B,87.63,41.1
2026-05-13,Capsicum,Zone A,40.2,81.5
2026-05-13,Capsicum,Zone B,40.94,31.1
2026-05-13,Cauliflower,Zone A,30.3,75.0
2026-05-13,Cauliflower,Zone B,30.47,63.4
2026-05-13,Chilli,Zone A,55.3,66.5
2026-05-13,Chilli,Zone B,52.61,78.0
2026-05-13,Grapes,Zone A,115.4,36.5
2026-05-13,Grapes,Zone B,116.79,86.4
2026-05-13,Apple,Zone A,180.09,59.8
2026-05-13,Apple,Zone B,174.37,58.7
2026-05-13,Banana,Zone A,44.21,63.0
2026-05-13,Banana,Zone B,42.72,68.5
2026-05-13,Strawberry,Zone A,182.1,85.0
2026-05-13,Strawberry,Zone B,182.34,20.3
2026-05-14,Tomato,Zone A,20.05,94.2
2026-05-14,Tomato,Zone B,19.31,99.3
2026-05-14,Onion,Zone A,44.57,65.4
2026-05-14,Onion,Zone B,44.28,24.1
2026-05-14,Potato,Zone A,25.78,67.6
2026-05-14,Potato,Zone B,24.77,51.0
2026-05-14,Garlic,Zone A,149.98,48.9
2026-05-14,Garlic,Zone B,157.62,24.4
2026-05-14,Ginger,Zone A,91.47,63.9
2026-05-14,Ginger,Zone B,91.4,82.7
2026-05-14,Capsicum,Zone A,42.33,36.4
2026-05-14,Capsicum,Zone B,43.01,65.3
2026-05-14,Cauliflower,Zone A,28.16,69.9
2026-05-14,Cauliflower,Zone B,28.02,54.4
2026-05-14,Chilli,Zone A,54.02,65.6
2026-05-14,Chilli,Zone B,52.52,64.2
2026-05-14,Grapes,Zone A,110.58,64.3
2026-05-14,Grapes,Zone B,112.08,37.6
2026-05-14,Apple,Zone A,201.79,36.3
2026-05-14,Apple,Zone B,198.5,96.4
2026-05-14,Banana,Zone A,43.99,98.3
2026-05-14,Banana,Zone B,42.37,58.9
2026-05-14,Strawberry,Zone A,177.49,37.7
2026-05-14,Strawberry,Zone B,172.16,33.3
2026-05-15,Tomato,Zone A,18.91,28.6
2026-05-15,Tomato,Zone B,18.94,44.7
2026-05-15,Onion,Zone A,45.72,50.9
2026-05-15,Onion,Zone B,44.32,28.0
2026-05-15,Potato,Zone A,24.36,55.4
2026-05-15,Potato,Zone B,24.41,50.8
2026-05-15,Garlic,Zone A,160.29,63.3
2026-05-15,Garlic,Zone B,158.89,90.5
2026-05-15,Ginger,Zone A,92.01,61.9
2026-05-15,Ginger,Zone B,88.64,59.9
2026-05-15,Capsicum,Zone A,41.56,68.5
2026-05-15,Capsicum,Zone B,40.05,76.3
2026-05-15,Cauliflower,Zone A,30.79,50.2
2026-05-15,Cauliflower,Zone B,31.0,36.6
2026-05-15,Chilli,Zone A,53.57,39.9
2026-05-15,Chilli,Zone B,53.07,38.5
2026-05-15,Grapes,Zone A,110.84,21.9
2026-05-15,Grapes,Zone B,114.97,39.5
2026-05-15,Apple,Zone A,192.69,84.0
2026-05-15,Apple,Zone B,191.71,47.6
2026-05-15,Banana,Zone A,44.43,77.9
2026-05-15,Banana,Zone B,45.92,27.2
2026-05-15,Strawberry,Zone A,171.78,49.3
2026-05-15,Strawberry,Zone B,182.57,58.3
2026-05-16,Tomato,Zone A,19.88,71.6
2026-05-16,Tomato,Zone B,19.49,84.8
2026-05-16,Onion,Zone A,48.34,49.2
2026-05-16,Onion,Zone B,47.53,27.2
2026-05-16,Potato,Zone A,25.19,75.6
2026-05-16,Potato,Zone B,25.1,26.3
2026-05-16,Garlic,Zone A,166.29,43.5
2026-05-16,Garlic,Zone B,171.7,42.3
2026-05-16,Ginger,Zone A,91.71,44.9
2026-05-16,Ginger,Zone B,93.9,38.5
2026-05-16,Capsicum,Zone A,36.99,72.4
2026-05-16,Capsicum,Zone B,39.24,96.3
2026-05-16,Cauliflower,Zone A,30.51,63.8
2026-05-16,Cauliflower,Zone B,32.43,91.6
2026-05-16,Chilli,Zone A,54.87,35.6
2026-05-16,Chilli,Zone B,54.46,25.4
2026-05-16,Grapes,Zone A,108.3,34.3
2026-05-16,Grapes,Zone B,102.44,57.0
2026-05-16,Apple,Zone A,198.81,32.2
2026-05-16,Apple,Zone B,202.08,39.7
2026-05-16,Banana,Zone A,44.01,81.3
2026-05-16,Banana,Zone B,42.83,21.7
2026-05-16,Strawberry,Zone A,173.7,30.8
2026-05-16,Strawberry,Zone B,173.57,32.5
2026-05-17,Tomato,Zone A,19.82,86.7
2026-05-17,Tomato,Zone B,19.38,42.3
2026-05-17,Onion,Zone A,42.72,28.8
2026-05-17,Onion,Zone B,42.97,71.2
2026-05-17,Potato,Zone A,24.75,50.2
2026-05-17,Potato,Zone B,24.61,56.9
2026-05-17,Garlic,Zone A,167.12,51.6
2026-05-17,Garlic,Zone B,165.33,52.3
2026-05-17,Ginger,Zone A,93.56,95.5
2026-05-17,Ginger,Zone B,89.17,68.4
2026-05-17,Capsicum,Zone A,41.69,80.1
2026-05-17,Capsicum,Zone B,40.95,52.6
2026-05-17,Cauliflower,Zone A,30.01,84.4
2026-05-17,Cauliflower,Zone B,29.31,68.0
2026-05-17,Chilli,Zone A,53.4,68.4
2026-05-17,Chilli,Zone B,53.89,50.1
2026-05-17,Grapes,Zone A,107.0,35.9
2026-05-17,Grapes,Zone B,104.4,54.8
2026-05-17,Apple,Zone A,186.24,89.2
2026-05-17,Apple,Zone B,196.11,79.9
2026-05-17,Banana,Zone A,44.95,39.6
2026-05-17,Banana,Zone B,43.9,38.2
2026-05-17,Strawberry,Zone A,178.71,57.3
2026-05-17,Strawberry,Zone B,178.4,90.6
2026-05-18,Tomato,Zone A,19.79,24.1
2026-05-18,Tomato,Zone B,20.64,91.8
2026-05-18,Onion,Zone A,46.13,24.2
2026-05-18,Onion,Zone B,46.77,50.9
2026-05-18,Potato,Zone A,25.25,67.9
2026-05-18,Potato,Zone B,25.09,61.0
2026-05-18,Garlic,Zone A,165.18,89.5
2026-05-18,Garlic,Zone B,159.37,48.2
2026-05-18,Ginger,Zone A,90.19,33.3
2026-05-18,Ginger,Zone B,90.68,31.7
2026-05-18,Capsicum,Zone A,40.09,22.0
2026-05-18,Capsicum,Zone B,39.93,61.7
2026-05-18,Cauliflower,Zone A,28.35,83.9
2026-05-18,Cauliflower,Zone B,28.48,69.7
2026-05-18,Chilli,Zone A,51.88,61.4
2026-05-18,Chilli,Zone B,52.2,55.1
2026-05-18,Grapes,Zone A,112.18,22.9
2026-05-18,Grapes,Zone B,112.32,78.3
2026-05-18,Apple,Zone A,182.93,97.5
2026-05-18,Apple,Zone B,196.05,50.2
2026-05-18,Banana,Zone A,45.5,77.8
2026-05-18,Banana,Zone B,44.87,31.4
2026-05-18,Strawberry,Zone A,181.37,50.7
2026-05-18,Strawberry,Zone B,185.89,23.4
2026-05-19,Tomato,Zone A,20.32,35.6
2026-05-19,Tomato,Zone B,19.71,53.4
2026-05-19,Onion,Zone A,45.17,63.8
2026-05-19,Onion,Zone B,45.56,93.3
2026-05-19,Potato,Zone A,22.93,88.7
2026-05-19,Potato,Zone B,23.31,58.6
2026-05-19,Garlic,Zone A,152.67,98.5
2026-05-19,Garlic,Zone B,158.26,59.5
2026-05-19,Ginger,Zone A,85.94,92.0
2026-05-19,Ginger,Zone B,87.03,98.4
2026-05-19,Capsicum,Zone A,42.91,40.6
2026-05-19,Capsicum,Zone B,41.6,91.1
2026-05-19,Cauliflower,Zone A,30.52,73.2
2026-05-19,Cauliflower,Zone B,31.01,73.4
2026-05-19,Chilli,Zone A,57.25,74.6
2026-05-19,Chilli,Zone B,58.24,82.3
2026-05-19,Grapes,Zone A,109.9,54.7
2026-05-19,Grapes,Zone B,105.24,95.2
2026-05-19,Apple,Zone A,188.38,99.3
2026-05-19,Apple,Zone B,175.0,67.3
2026-05-19,Banana,Zone A,45.46,85.9
2026-05-19,Banana,Zone B,46.56,87.6
2026-05-19,Strawberry,Zone A,181.33,57.1
2026-05-19,Strawberry,Zone B,170.09,27.9
2026-05-20,Tomato,Zone A,19.86,79.4
2026-05-20,Tomato,Zone B,19.95,46.5
2026-05-20,Onion,Zone A,41.95,58.5
2026-05-20,Onion,Zone B,44.59,25.3
2026-05-20,Potato,Zone A,25.3,54.8
2026-05-20,Potato,Zone B,25.15,32.3
2026-05-20,Garlic,Zone A,153.58,95.0
2026-05-20,Garlic,Zone B,154.7,38.9
2026-05-20,Ginger,Zone A,93.35,96.7
2026-05-20,Ginger,Zone B,94.07,52.4
2026-05-20,Capsicum,Zone A,40.69,68.8
2026-05-20,Capsicum,Zone B,40.29,32.7
2026-05-20,Cauliflower,Zone A,29.19,26.6
2026-05-20,Cauliflower,Zone B,28.5,83.7
2026-05-20,Chilli,Zone A,52.47,59.4
2026-05-20,Chilli,Zone B,50.59,97.6
2026-05-20,Grapes,Zone A,114.73,99.3
2026-05-20,Grapes,Zone B,108.87,34.2
2026-05-20,Apple,Zone A,183.33,49.3
2026-05-20,Apple,Zone B,179.13,86.1
2026-05-20,Banana,Zone A,44.61,23.2
2026-05-20,Banana,Zone B,45.75,46.4
2026-05-20,Strawberry,Zone A,172.84,99.1
2026-05-20,Strawberry,Zone B,173.27,85.7
2026-05-21,Tomato,Zone A,18.87,51.3
2026-05-21,Tomato,Zone B,20.15,28.6
2026-05-21,Onion,Zone A,45.84,62.1
2026-05-21,Onion,Zone B,46.63,42.8
2026-05-21,Potato,Zone A,24.12,40.8
2026-05-21,Potato,Zone B,24.19,76.0
2026-05-21,Garlic,Zone A,154.85,75.1
2026-05-21,Garlic,Zone B,147.79,88.2
2026-05-21,Ginger,Zone A,92.91,84.8
2026-05-21,Ginger,Zone B,90.45,60.7
2026-05-21,Capsicum,Zone A,39.82,52.1
2026-05-21,Capsicum,Zone B,40.14,38.8
2026-05-21,Cauliflower,Zone A,30.97,46.1
2026-05-21,Cauliflower,Zone B,30.8,31.9
2026-05-21,Chilli,Zone A,51.32,67.0
2026-05-21,Chilli,Zone B,51.48,28.6
2026-05-21,Grapes,Zone A,106.37,25.9
2026-05-21,Grapes,Zone B,111.81,75.0
2026-05-21,Apple,Zone A,193.2,54.8
2026-05-21,Apple,Zone B,184.15,71.5
2026-05-21,Banana,Zone A,47.19,67.0
2026-05-21,Banana,Zone B,48.64,36.8
2026-05-21,Strawberry,Zone A,172.82,32.5
2026-05-21,Strawberry,Zone B,175.09,25.3
2026-05-22,Tomato,Zone A,19.6,40.2
2026-05-22,Tomato,Zone B,18.58,59.8
2026-05-22,Onion,Zone A,45.34,76.7
2026-05-22,Onion,Zone B,45.07,30.6
2026-05-22,Potato,Zone A,25.48,53.8
2026-05-22,Potato,Zone B,24.2,93.2
2026-05-22,Garlic,Zone A,163.64,20.6
2026-05-22,Garlic,Zone B,164.71,96.3
2026-05-22,Ginger,Zone A,89.15,99.1
2026-05-22,Ginger,Zone B,86.73,90.7
2026-05-22,Capsicum,Zone A,39.28,96.6
2026-05-22,Capsicum,Zone B,40.23,77.7
2026-05-22,Cauliflower,Zone A,30.4,70.5
2026-05-22,Cauliflower,Zone B,30.26,84.0
2026-05-22,Chilli,Zone A,52.14,58.6
2026-05-22,Chilli,Zone B,55.71,60.1
2026-05-22,Grapes,Zone A,105.39,72.7
2026-05-22,Grapes,Zone B,108.84,60.4
2026-05-22,Apple,Zone A,194.3,99.5
2026-05-22,Apple,Zone B,190.12,69.0
2026-05-22,Banana,Zone A,46.32,84.0
2026-05-22,Banana,Zone B,44.55,77.5
2026-05-22,Strawberry,Zone A,181.41,80.5
2026-05-22,Strawberry,Zone B,174.26,46.6
2026-05-23,Tomato,Zone A,20.02,83.3
2026-05-23,Tomato,Zone B,19.77,90.3
2026-05-23,Onion,Zone A,48.49,68.7
2026-05-23,Onion,Zone B,45.92,45.2
2026-05-23,Potato,Zone A,25.12,44.0
2026-05-23,Potato,Zone B,25.53,23.1
2026-05-23,Garlic,Zone A,160.71,40.3
2026-05-23,Garlic,Zone B,152.75,62.5
2026-05-23,Ginger,Zone A,88.97,55.9
2026-05-23,Ginger,Zone B,85.16,54.4
2026-05-23,Capsicum,Zone A,42.85,41.9
2026-05-23,Capsicum,Zone B,42.89,63.7
2026-05-23,Cauliflower,Zone A,29.75,96.2
2026-05-23,Cauliflower,Zone B,30.45,71.2
2026-05-23,Chilli,Zone A,54.37,24.1
2026-05-23,Chilli,Zone B,56.04,37.1
2026-05-23,Grapes,Zone A,109.87,29.3
2026-05-23,Grapes,Zone B,109.4,99.1
2026-05-23,Apple,Zone A,186.73,63.6
2026-05-23,Apple,Zone B,184.78,74.8
2026-05-23,Banana,Zone A,43.61,95.7
2026-05-23,Banana,Zone B,41.46,30.4
2026-05-23,Strawberry,Zone A,180.92,72.6
2026-05-23,Strawberry,Zone B,187.03,53.2
2026-05-24,Tomato,Zone A,20.32,33.1
2026-05-24,Tomato,Zone B,20.14,94.5
2026-05-24,Onion,Zone A,44.29,63.9
2026-05-24,Onion,Zone B,42.62,98.6
2026-05-24,Potato,Zone A,26.67,20.3
2026-05-24,Potato,Zone B,25.39,82.3
2026-05-24,Garlic,Zone A,170.57,97.2
2026-05-24,Garlic,Zone B,159.62,56.1
2026-05-24,Ginger,Zone A,88.44,82.4
2026-05-24,Ginger,Zone B,86.35,29.8
2026-05-24,Capsicum,Zone A,39.95,26.7
2026-05-24,Capsicum,Zone B,41.61,48.3
2026-05-24,Cauliflower,Zone A,28.93,95.6
2026-05-24,Cauliflower,Zone B,30.2,92.9
2026-05-24,Chilli,Zone A,57.75,81.3
2026-05-24,Chilli,Zone B,57.85,33.0
2026-05-24,Grapes,Zone A,108.45,75.2
2026-05-24,Grapes,Zone B,105.61,99.3
2026-05-24,Apple,Zone A,192.9,47.2
2026-05-24,Apple,Zone B,193.49,80.5
2026-05-24,Banana,Zone A,43.26,84.9
2026-05-24,Banana,Zone B,42.22,35.2
2026-05-24,Strawberry,Zone A,186.47,79.8
2026-05-24,Strawberry,Zone B,176.15,99.4
2026-05-25,Tomato,Zone A,19.7,93.0
2026-05-25,Tomato,Zone B,19.44,81.7
2026-05-25,Onion,Zone A,45.0,35.9
2026-05-25,Onion,Zone B,42.86,56.2
2026-05-25,Potato,Zone A,23.48,99.0
2026-05-25,Potato,Zone B,24.58,71.9
2026-05-25,Garlic,Zone A,162.93,97.6
2026-05-25,Garlic,Zone B,163.24,26.8
2026-05-25,Ginger,Zone A,93.79,64.9
2026-05-25,Ginger,Zone B,90.23,30.9
2026-05-25,Capsicum,Zone A,41.56,78.1
2026-05-25,Capsicum,Zone B,39.47,70.0
2026-05-25,Cauliflower,Zone A,29.36,45.4
2026-05-25,Cauliflower,Zone B,28.17,85.8
2026-05-25,Chilli,Zone A,55.41,24.4
2026-05-25,Chilli,Zone B,53.0,97.1
2026-05-25,Grapes,Zone A,103.96,50.4
2026-05-25,Grapes,Zone B,103.06,47.2
2026-05-25,Apple,Zone A,178.57,62.5
2026-05-25,Apple,Zone B,178.58,44.7
2026-05-25,Banana,Zone A,42.42,98.5
2026-05-25,Banana,Zone B,43.49,76.9
2026-05-25,Strawberry,Zone A,193.09,68.2
2026-05-25,Strawberry,Zone B,191.9,49.0
2026-05-26,Tomato,Zone A,18.83,46.7
2026-05-26,Tomato,Zone B,19.79,34.6
2026-05-26,Onion,Zone A,44.76,38.5
2026-05-26,Onion,Zone B,42.92,87.3
2026-05-26,Potato,Zone A,25.21,88.7
2026-05-26,Potato,Zone B,25.75,63.9
2026-05-26,Garlic,Zone A,163.69,43.8
2026-05-26,Garlic,Zone B,161.91,43.8
2026-05-26,Ginger,Zone A,95.45,23.3
2026-05-26,Ginger,Zone B,96.69,53.6
2026-05-26,Capsicum,Zone A,39.88,24.2
2026-05-26,Capsicum,Zone B,39.23,95.9
2026-05-26,Cauliflower,Zone A,29.31,58.2
2026-05-26,Cauliflower,Zone B,30.19,48.9
2026-05-26,Chilli,Zone A,54.19,67.3
2026-05-26,Chilli,Zone B,55.5,83.5
2026-05-26,Grapes,Zone A,102.61,71.9
2026-05-26,Grapes,Zone B,105.98,89.3
2026-05-26,Apple,Zone A,184.03,37.5
2026-05-26,Apple,Zone B,194.61,33.5
2026-05-26,Banana,Zone A,48.43,60.8
2026-05-26,Banana,Zone B,48.9,20.4
2026-05-26,Strawberry,Zone A,177.14,83.6
2026-05-26,Strawberry,Zone B,184.4,35.0
2026-05-27,Tomato,Zone A,19.39,36.9
2026-05-27,Tomato,Zone B,20.36,35.4
2026-05-27,Onion,Zone A,44.56,52.4
2026-05-27,Onion,Zone B,45.45,92.9
2026-05-27,Potato,Zone A,23.98,88.5
2026-05-27,Potato,Zone B,23.73,53.6
2026-05-27,Garlic,Zone A,162.34,98.2
2026-05-27,Garlic,Zone B,161.15,35.3
2026-05-27,Ginger,Zone A,85.17,34.7
2026-05-27,Ginger,Zone B,88.77,29.6
2026-05-27,Capsicum,Zone A,39.49,23.2
2026-05-27,Capsicum,Zone B,42.31,79.6
2026-05-27,Cauliflower,Zone A,31.15,30.6
2026-05-27,Cauliflower,Zone B,30.0,96.8
2026-05-27,Chilli,Zone A,56.08,77.4
2026-05-27,Chilli,Zone B,56.87,21.1
2026-05-27,Grapes,Zone A,103.19,31.6
2026-05-27,Grapes,Zone B,107.57,82.8
2026-05-27,Apple,Zone A,195.79,52.9
2026-05-27,Apple,Zone B,201.1,74.4
2026-05-27,Banana,Zone A,43.68,70.8
2026-05-27,Banana,Zone B,43.7,48.3
2026-05-27,Strawberry,Zone A,192.01,73.0
2026-05-27,Strawberry,Zone B,186.51,95.9
2026-05-28,Tomato,Zone A,19.48,54.7
2026-05-28,Tomato,Zone B,19.33,82.5
2026-05-28,Onion,Zone A,47.43,61.9
2026-05-28,Onion,Zone B,45.4,28.8
2026-05-28,Potato,Zone A,24.04,34.2
2026-05-28,Potato,Zone B,24.99,57.9
2026-05-28,Garlic,Zone A,158.49,56.4
2026-05-28,Garlic,Zone B,161.62,37.9
2026-05-28,Ginger,Zone A,89.85,87.2
2026-05-28,Ginger,Zone B,90.55,41.6
2026-05-28,Capsicum,Zone A,39.72,30.7
2026-05-28,Capsicum,Zone B,40.82,71.6
2026-05-28,Cauliflower,Zone A,30.81,64.1
2026-05-28,Cauliflower,Zone B,29.99,31.6
2026-05-28,Chilli,Zone A,53.17,40.4
2026-05-28,Chilli,Zone B,52.0,89.0
2026-05-28,Grapes,Zone A,108.51,52.3
2026-05-28,Grapes,Zone B,106.33,96.6
2026-05-28,Apple,Zone A,181.32,40.2
2026-05-28,Apple,Zone B,172.12,96.6
2026-05-28,Banana,Zone A,48.28,66.0
2026-05-28,Banana,Zone B,48.54,93.7
2026-05-28,Strawberry,Zone A,189.26,20.3
2026-05-28,Strawberry,Zone B,188.98,46.2
2026-05-29,Tomato,Zone A,20.47,65.4
2026-05-29,Tomato,Zone B,19.57,35.5
2026-05-29,Onion,Zone A,42.57,81.1
2026-05-29,Onion,Zone B,42.38,84.4
2026-05-29,Potato,Zone A,25.48,73.6
2026-05-29,Potato,Zone B,26.14,65.2
2026-05-29,Garlic,Zone A,156.2,70.0
2026-05-29,Garlic,Zone B,162.63,46.0
2026-05-29,Ginger,Zone A,92.15,80.7
2026-05-29,Ginger,Zone B,93.46,59.5
2026-05-29,Capsicum,Zone A,39.92,75.2
2026-05-29,Capsicum,Zone B,38.46,91.7
2026-05-29,Cauliflower,Zone A,30.05,36.4
2026-05-29,Cauliflower,Zone B,28.99,99.7
2026-05-29,Chilli,Zone A,53.41,98.1
2026-05-29,Chilli,Zone B,52.4,30.9
2026-05-29,Grapes,Zone A,110.08,27.7
2026-05-29,Grapes,Zone B,110.42,93.5
2026-05-29,Apple,Zone A,192.04,71.4
2026-05-29,Apple,Zone B,190.54,91.4
2026-05-29,Banana,Zone A,44.63,68.9
2026-05-29,Banana,Zone B,41.77,40.0
2026-05-29,Strawberry,Zone A,185.35,95.1
2026-05-29,Strawberry,Zone B,178.01,58.1
2026-05-30,Tomato,Zone A,19.03,80.6
2026-05-30,Tomato,Zone B,19.91,94.1
2026-05-30,Onion,Zone A,46.72,83.7
2026-05-30,Onion,Zone B,46.35,28.0
2026-05-30,Potato,Zone A,24.47,66.1
2026-05-30,Potato,Zone B,24.01,75.7
2026-05-30,Garlic,Zone A,170.34,64.5
2026-05-30,Garlic,Zone B,162.47,79.1
2026-05-30,Ginger,Zone A,94.87,73.4
2026-05-30,Ginger,Zone B,92.01,85.8
2026-05-30,Capsicum,Zone A,37.52,34.4
2026-05-30,Capsicum,Zone B,39.96,35.8
2026-05-30,Cauliflower,Zone A,28.35,56.0
2026-05-30,Cauliflower,Zone B,29.66,22.5
2026-05-30,Chilli,Zone A,57.25,49.3
2026-05-30,Chilli,Zone B,57.4,80.9
2026-05-30,Grapes,Zone A,113.06,75.0
2026-05-30,Grapes,Zone B,116.72,32.7
2026-05-30,Apple,Zone A,179.01,22.8
2026-05-30,Apple,Zone B,179.06,87.4
2026-05-30,Banana,Zone A,43.16,32.6
2026-05-30,Banana,Zone B,43.12,53.2
2026-05-30,Strawberry,Zone A,181.68,33.3
2026-05-30,Strawberry,Zone B,181.88,77.1
2026-05-31,Tomato,Zone A,20.82,92.1
2026-05-31,Tomato,Zone B,20.92,97.0
2026-05-31,Onion,Zone A,44.77,56.2
2026-05-31,Onion,Zone B,46.58,67.5
2026-05-31,Potato,Zone A,24.82,55.9
2026-05-31,Potato,Zone B,24.74,86.9
2026-05-31,Garlic,Zone A,156.78,68.5
2026-05-31,Garlic,Zone B,164.55,83.9
2026-05-31,Ginger,Zone A,90.76,43.6
2026-05-31,Ginger,Zone B,95.05,57.2
2026-05-31,Capsicum,Zone A,38.61,83.7
2026-05-31,Capsicum,Zone B,37.22,24.3
2026-05-31,Cauliflower,Zone A,30.79,88.6
2026-05-31,Cauliflower,Zone B,30.86,51.6
2026-05-31,Chilli,Zone A,56.77,85.3
2026-05-31,Chilli,Zone B,53.83,34.4
2026-05-31,Grapes,Zone A,116.86,39.2
2026-05-31,Grapes,Zone B,110.03,88.7
2026-05-31,Apple,Zone A,182.38,63.1
2026-05-31,Apple,Zone B,182.52,62.0
2026-05-31,Banana,Zone A,42.35,63.9
2026-05-31,Banana,Zone B,44.3,23.5
2026-05-31,Strawberry,Zone A,184.69,31.2
2026-05-31,Strawberry,Zone B,184.0,75.9
2026-06-01,Tomato,Zone A,22.7,55.4
2026-06-01,Tomato,Zone B,23.21,70.7
2026-06-01,Onion,Zone A,44.01,56.9
2026-06-01,Onion,Zone B,43.74,99.4
2026-06-01,Potato,Zone A,29.3,20.9
2026-06-01,Potato,Zone B,29.29,73.2
2026-06-01,Garlic,Zone A,156.16,22.4
2026-06-01,Garlic,Zone B,150.22,80.6
2026-06-01,Ginger,Zone A,93.41,26.6
2026-06-01,Ginger,Zone B,90.47,96.2
2026-06-01,Capsicum,Zone A,47.85,63.1
2026-06-01,Capsicum,Zone B,46.31,83.0
2026-06-01,Cauliflower,Zone A,39.32,77.5
2026-06-01,Cauliflower,Zone B,40.51,45.0
2026-06-01,Chilli,Zone A,72.31,60.3
2026-06-01,Chilli,Zone B,69.46,43.4
2026-06-01,Grapes,Zone A,106.64,31.8
2026-06-01,Grapes,Zone B,107.68,63.2
2026-06-01,Apple,Zone A,181.44,81.4
2026-06-01,Apple,Zone B,176.05,85.9
2026-06-01,Banana,Zone A,44.48,23.4
2026-06-01,Banana,Zone B,43.63,23.2
2026-06-01,Strawberry,Zone A,214.21,67.9
2026-06-01,Strawberry,Zone B,213.79,40.9
2026-06-02,Tomato,Zone A,23.69,47.3
2026-06-02,Tomato,Zone B,23.72,61.3
2026-06-02,Onion,Zone A,44.79,65.0
2026-06-02,Onion,Zone B,44.18,31.9
2026-06-02,Potato,Zone A,29.44,45.7
2026-06-02,Potato,Zone B,30.49,49.3
2026-06-02,Garlic,Zone A,168.91,50.0
2026-06-02,Garlic,Zone B,159.09,77.1
2026-06-02,Ginger,Zone A,87.87,36.6
2026-06-02,Ginger,Zone B,90.47,88.5
2026-06-02,Capsicum,Zone A,50.94,82.9
2026-06-02,Capsicum,Zone B,48.52,70.0
2026-06-02,Cauliflower,Zone A,39.66,94.0
2026-06-02,Cauliflower,Zone B,37.35,25.2
2026-06-02,Chilli,Zone A,63.8,29.8
2026-06-02,Chilli,Zone B,65.62,86.8
2026-06-02,Grapes,Zone A,106.34,62.3
2026-06-02,Grapes,Zone B,101.67,70.0
2026-06-02,Apple,Zone A,185.41,34.2
2026-06-02,Apple,Zone B,186.73,59.9
2026-06-02,Banana,Zone A,47.0,50.2
2026-06-02,Banana,Zone B,47.93,62.3
2026-06-02,Strawberry,Zone A,205.42,32.4
2026-06-02,Strawberry,Zone B,202.03,75.7
2026-06-03,Tomato,Zone A,25.06,33.7
2026-06-03,Tomato,Zone B,25.62,73.6
2026-06-03,Onion,Zone A,45.7,32.7
2026-06-03,Onion,Zone B,45.09,53.6
2026-06-03,Potato,Zone A,31.99,78.0
2026-06-03,Potato,Zone B,32.41,37.1
2026-06-03,Garlic,Zone A,160.45,26.6
2026-06-03,Garlic,Zone B,161.64,85.8
2026-06-03,Ginger,Zone A,91.52,51.2
2026-06-03,Ginger,Zone B,87.1,80.0
2026-06-03,Capsicum,Zone A,53.59,23.4
2026-06-03,Capsicum,Zone B,51.66,38.3
2026-06-03,Cauliflower,Zone A,38.06,74.7
2026-06-03,Cauliflower,Zone B,37.92,96.7
2026-06-03,Chilli,Zone A,70.48,26.8
2026-06-03,Chilli,Zone B,72.56,52.9
2026-06-03,Grapes,Zone A,105.78,66.1
2026-06-03,Grapes,Zone B,110.29,60.4
2026-06-03,Apple,Zone A,204.4,78.5
2026-06-03,Apple,Zone B,197.94,64.5
2026-06-03,Banana,Zone A,43.85,98.6
2026-06-03,Banana,Zone B,44.4,97.8
2026-06-03,Strawberry,Zone A,229.7,24.9
2026-06-03,Strawberry,Zone B,227.13,23.0
2026-06-04,Tomato,Zone A,24.84,88.2
2026-06-04,Tomato,Zone B,25.21,93.3
2026-06-04,Onion,Zone A,44.62,48.4
2026-06-04,Onion,Zone B,44.84,40.6
2026-06-04,Potato,Zone A,30.83,51.6
2026-06-04,Potato,Zone B,29.65,31.3
2026-06-04,Garlic,Zone A,148.65,68.0
2026-06-04,Garlic,Zone B,153.96,77.7
2026-06-04,Ginger,Zone A,92.92,68.5
2026-06-04,Ginger,Zone B,90.35,67.5
2026-06-04,Capsicum,Zone A,49.81,37.3
2026-06-04,Capsicum,Zone B,50.66,45.8
2026-06-04,Cauliflower,Zone A,36.95,88.4
2026-06-04,Cauliflower,Zone B,36.49,96.5
2026-06-04,Chilli,Zone A,74.01,60.4
2026-06-04,Chilli,Zone B,74.87,46.2
2026-06-04,Grapes,Zone A,108.45,60.1
2026-06-04,Grapes,Zone B,107.98,64.2
2026-06-04,Apple,Zone A,204.64,20.9
2026-06-04,Apple,Zone B,193.42,85.6
2026-06-04,Banana,Zone A,45.46,28.5
2026-06-04,Banana,Zone B,48.29,29.0
2026-06-04,Strawberry,Zone A,213.25,93.9
2026-06-04,Strawberry,Zone B,207.28,50.2
2026-06-05,Tomato,Zone A,25.29,41.1
2026-06-05,Tomato,Zone B,24.46,98.3
2026-06-05,Onion,Zone A,44.07,53.2
2026-06-05,Onion,Zone B,41.57,69.7
2026-06-05,Potato,Zone A,29.5,83.4
2026-06-05,Potato,Zone B,28.95,24.6
2026-06-05,Garlic,Zone A,151.59,29.9
2026-06-05,Garlic,Zone B,157.31,81.7
2026-06-05,Ginger,Zone A,88.36,38.1
2026-06-05,Ginger,Zone B,87.36,58.2
2026-06-05,Capsicum,Zone A,53.07,80.5
2026-06-05,Capsicum,Zone B,52.31,33.6
2026-06-05,Cauliflower,Zone A,40.21,68.5
2026-06-05,Cauliflower,Zone B,38.86,25.9
2026-06-05,Chilli,Zone A,67.31,53.5
2026-06-05,Chilli,Zone B,65.99,94.7
2026-06-05,Grapes,Zone A,115.36,43.5
2026-06-05,Grapes,Zone B,112.33,52.6
2026-06-05,Apple,Zone A,200.05,70.4
2026-06-05,Apple,Zone B,199.25,47.0
2026-06-05,Banana,Zone A,44.59,54.8
2026-06-05,Banana,Zone B,46.01,23.7
2026-06-05,Strawberry,Zone A,224.86,30.3
2026-06-05,Strawberry,Zone B,237.17,21.4
2026-06-06,Tomato,Zone A,22.6,99.2
2026-06-06,Tomato,Zone B,23.21,36.3
2026-06-06,Onion,Zone A,45.88,27.1
2026-06-06,Onion,Zone B,45.83,22.2
2026-06-06,Potato,Zone A,29.42,45.6
2026-06-06,Potato,Zone B,30.1,28.0
2026-06-06,Garlic,Zone A,151.32,91.8
2026-06-06,Garlic,Zone B,153.02,85.4
2026-06-06,Ginger,Zone A,87.8,65.8
2026-06-06,Ginger,Zone B,89.98,87.8
2026-06-06,Capsicum,Zone A,49.64,92.2
2026-06-06,Capsicum,Zone B,49.87,98.7
2026-06-06,Cauliflower,Zone A,38.83,97.1
2026-06-06,Cauliflower,Zone B,38.27,44.3
2026-06-06,Chilli,Zone A,70.98,98.8
2026-06-06,Chilli,Zone B,70.9,47.4
2026-06-06,Grapes,Zone A,110.22,93.0
2026-06-06,Grapes,Zone B,109.14,62.3
2026-06-06,Apple,Zone A,180.47,71.6
2026-06-06,Apple,Zone B,186.42,29.9
2026-06-06,Banana,Zone A,42.76,75.3
2026-06-06,Banana,Zone B,41.55,85.8
2026-06-06,Strawberry,Zone A,234.15,66.5
2026-06-06,Strawberry,Zone B,217.42,43.1
2026-06-07,Tomato,Zone A,26.18,77.2
2026-06-07,Tomato,Zone B,25.2,40.4
2026-06-07,Onion,Zone A,46.02,67.8
2026-06-07,Onion,Zone B,46.65,95.4
2026-06-07,Potato,Zone A,31.16,84.6
2026-06-07,Potato,Zone B,31.77,72.5
2026-06-07,Garlic,Zone A,167.16,80.8
2026-06-07,Garlic,Zone B,168.54,74.1
2026-06-07,Ginger,Zone A,94.97,27.2
2026-06-07,Ginger,Zone B,92.51,31.6
2026-06-07,Capsicum,Zone A,52.6,70.9
2026-06-07,Capsicum,Zone B,52.56,31.8
2026-06-07,Cauliflower,Zone A,37.27,81.8
2026-06-07,Cauliflower,Zone B,39.07,65.6
2026-06-07,Chilli,Zone A,74.02,96.3
2026-06-07,Chilli,Zone B,74.21,28.7
2026-06-07,Grapes,Zone A,116.52,37.8
2026-06-07,Grapes,Zone B,116.28,82.1
2026-06-07,Apple,Zone A,186.34,96.9
2026-06-07,Apple,Zone B,178.79,69.8
2026-06-07,Banana,Zone A,43.05,32.4
2026-06-07,Banana,Zone B,43.33,56.6
2026-06-07,Strawberry,Zone A,228.99,71.4
2026-06-07,Strawberry,Zone B,216.25,37.3
2026-06-08,Tomato,Zone A,26.25,38.2
2026-06-08,Tomato,Zone B,25.46,46.1
2026-06-08,Onion,Zone A,47.22,72.0
2026-06-08,Onion,Zone B,47.19,61.6
2026-06-08,Potato,Zone A,32.19,21.4
2026-06-08,Potato,Zone B,32.85,42.8
2026-06-08,Garlic,Zone A,150.16,52.6
2026-06-08,Garlic,Zone B,154.04,98.5
2026-06-08,Ginger,Zone A,94.12,54.7
2026-06-08,Ginger,Zone B,90.1,84.4
2026-06-08,Capsicum,Zone A,51.88,81.0
2026-06-08,Capsicum,Zone B,52.46,31.7
2026-06-08,Cauliflower,Zone A,37.21,64.0
2026-06-08,Cauliflower,Zone B,38.69,47.6
2026-06-08,Chilli,Zone A,72.56,37.3
2026-06-08,Chilli,Zone B,70.53,84.7
2026-06-08,Grapes,Zone A,108.37,90.6
2026-06-08,Grapes,Zone B,107.83,84.6
2026-06-08,Apple,Zone A,179.54,93.9
2026-06-08,Apple,Zone B,176.38,87.5
2026-06-08,Banana,Zone A,45.87,31.9
2026-06-08,Banana,Zone B,46.57,81.9
2026-06-08,Strawberry,Zone A,233.26,91.9
2026-06-08,Strawberry,Zone B,244.33,86.6
2026-06-09,Tomato,Zone A,24.13,20.1
2026-06-09,Tomato,Zone B,23.97,61.1
2026-06-09,Onion,Zone A,46.93,51.1
2026-06-09,Onion,Zone B,47.26,29.3
2026-06-09,Potato,Zone A,33.34,36.2
2026-06-09,Potato,Zone B,32.52,35.5
2026-06-09,Garlic,Zone A,165.98,85.9
2026-06-09,Garlic,Zone B,155.65,95.6
2026-06-09,Ginger,Zone A,85.72,71.9
2026-06-09,Ginger,Zone B,85.89,70.4
2026-06-09,Capsicum,Zone A,47.47,24.3
2026-06-09,Capsicum,Zone B,46.24,34.2
2026-06-09,Cauliflower,Zone A,37.35,66.6
2026-06-09,Cauliflower,Zone B,38.1,52.9
2026-06-09,Chilli,Zone A,66.02,37.6
2026-06-09,Chilli,Zone B,63.69,21.3
2026-06-09,Grapes,Zone A,109.44,42.5
2026-06-09,Grapes,Zone B,106.98,77.1
2026-06-09,Apple,Zone A,180.61,52.3
2026-06-09,Apple,Zone B,191.37,73.7
2026-06-09,Banana,Zone A,44.87,64.4
2026-06-09,Banana,Zone B,43.95,89.8
2026-06-09,Strawberry,Zone A,239.18,93.8
2026-06-09,Strawberry,Zone B,240.99,98.6
2026-06-10,Tomato,Zone A,26.14,25.3
2026-06-10,Tomato,Zone B,25.82,21.8
2026-06-10,Onion,Zone A,47.62,41.0
2026-06-10,Onion,Zone B,48.73,35.9
2026-06-10,Potato,Zone A,30.0,30.6
2026-06-10,Potato,Zone B,32.09,48.6
2026-06-10,Garlic,Zone A,162.92,93.3
2026-06-10,Garlic,Zone B,165.57,57.4
2026-06-10,Ginger,Zone A,93.58,36.4
2026-06-10,Ginger,Zone B,97.57,92.6
2026-06-10,Capsicum,Zone A,49.69,33.1
2026-06-10,Capsicum,Zone B,50.93,37.5
2026-06-10,Cauliflower,Zone A,37.99,98.4
2026-06-10,Cauliflower,Zone B,36.49,57.4
2026-06-10,Chilli,Zone A,71.9,50.1
2026-06-10,Chilli,Zone B,67.54,55.8
2026-06-10,Grapes,Zone A,114.72,44.6
2026-06-10,Grapes,Zone B,115.15,78.1
2026-06-10,Apple,Zone A,178.68,23.8
2026-06-10,Apple,Zone B,182.73,43.5
2026-06-10,Banana,Zone A,44.03,54.5
2026-06-10,Banana,Zone B,42.2,24.2
2026-06-10,Strawberry,Zone A,226.51,86.6
2026-06-10,Strawberry,Zone B,221.45,62.7
2026-06-11,Tomato,Zone A,27.58,79.3
2026-06-11,Tomato,Zone B,26.71,61.1
2026-06-11,Onion,Zone A,45.28,86.7
2026-06-11,Onion,Zone B,47.39,90.3
2026-06-11,Potato,Zone A,33.46,86.2
2026-06-11,Potato,Zone B,32.16,35.5
2026-06-11,Garlic,Zone A,166.39,33.7
2026-06-11,Garlic,Zone B,160.9,78.8
2026-06-11,Ginger,Zone A,91.59,68.5
2026-06-11,Ginger,Zone B,88.01,54.1
2026-06-11,Capsicum,Zone A,54.19,63.1
2026-06-11,Capsicum,Zone B,54.2,87.8
2026-06-11,Cauliflower,Zone A,36.08,45.5
2026-06-11,Cauliflower,Zone B,34.22,38.3
2026-06-11,Chilli,Zone A,74.13,21.8
2026-06-11,Chilli,Zone B,73.14,67.1
2026-06-11,Grapes,Zone A,111.77,74.5
2026-06-11,Grapes,Zone B,116.86,56.3
2026-06-11,Apple,Zone A,192.0,95.1
2026-06-11,Apple,Zone B,189.42,52.4
2026-06-11,Banana,Zone A,44.95,83.4
2026-06-11,Banana,Zone B,45.76,20.2
2026-06-11,Strawberry,Zone A,218.93,87.3
2026-06-11,Strawberry,Zone B,220.67,70.3
2026-06-12,Tomato,Zone A,23.65,99.4
2026-06-12,Tomato,Zone B,24.66,72.8
2026-06-12,Onion,Zone A,42.25,99.1
2026-06-12,Onion,Zone B,44.31,74.9
2026-06-12,Potato,Zone A,29.91,25.8
2026-06-12,Potato,Zone B,31.15,95.0
2026-06-12,Garlic,Zone A,154.03,46.2
2026-06-12,Garlic,Zone B,151.91,56.5
2026-06-12,Ginger,Zone A,87.5,67.3
2026-06-12,Ginger,Zone B,92.83,41.5
2026-06-12,Capsicum,Zone A,49.87,43.1
2026-06-12,Capsicum,Zone B,49.62,21.3
2026-06-12,Cauliflower,Zone A,36.56,23.0
2026-06-12,Cauliflower,Zone B,34.97,22.7
2026-06-12,Chilli,Zone A,71.19,73.0
2026-06-12,Chilli,Zone B,70.14,98.0
2026-06-12,Grapes,Zone A,112.78,60.6
2026-06-12,Grapes,Zone B,109.23,30.4
2026-06-12,Apple,Zone A,196.39,78.8
2026-06-12,Apple,Zone B,199.17,70.4
2026-06-12,Banana,Zone A,44.87,56.1
2026-06-12,Banana,Zone B,45.83,56.6
2026-06-12,Strawberry,Zone A,243.97,75.6
2026-06-12,Strawberry,Zone B,235.06,48.6
2026-06-13,Tomato,Zone A,24.47,52.1
2026-06-13,Tomato,Zone B,23.51,35.7
2026-06-13,Onion,Zone A,46.79,22.1
2026-06-13,Onion,Zone B,46.64,42.0
2026-06-13,Potato,Zone A,33.86,25.1
2026-06-13,Potato,Zone B,32.99,97.9
2026-06-13,Garlic,Zone A,160.33,50.8
2026-06-13,Garlic,Zone B,155.44,69.9
2026-06-13,Ginger,Zone A,93.78,77.5
2026-06-13,Ginger,Zone B,91.14,86.7
2026-06-13,Capsicum,Zone A,48.86,59.5
2026-06-13,Capsicum,Zone B,49.53,83.2
2026-06-13,Cauliflower,Zone A,38.24,20.1
2026-06-13,Cauliflower,Zone B,38.13,74.6
2026-06-13,Chilli,Zone A,71.21,75.6
2026-06-13,Chilli,Zone B,74.17,73.1
2026-06-13,Grapes,Zone A,116.38,51.2
2026-06-13,Grapes,Zone B,116.12,46.6
2026-06-13,Apple,Zone A,179.32,73.8
2026-06-13,Apple,Zone B,181.25,92.0
2026-06-13,Banana,Zone A,44.4,88.2
2026-06-13,Banana,Zone B,42.73,34.6
2026-06-13,Strawberry,Zone A,225.14,51.5
2026-06-13,Strawberry,Zone B,219.35,86.1
2026-06-14,Tomato,Zone A,24.81,39.7
2026-06-14,Tomato,Zone B,26.36,74.7
2026-06-14,Onion,Zone A,47.36,83.2
2026-06-14,Onion,Zone B,47.29,37.8
2026-06-14,Potato,Zone A,33.58,92.1
2026-06-14,Potato,Zone B,33.65,28.2
2026-06-14,Garlic,Zone A,155.44,74.8
2026-06-14,Garlic,Zone B,163.75,34.9
2026-06-14,Ginger,Zone A,94.0,94.6
2026-06-14,Ginger,Zone B,89.97,95.6
2026-06-14,Capsicum,Zone A,50.95,33.7
2026-06-14,Capsicum,Zone B,50.87,37.7
2026-06-14,Cauliflower,Zone A,38.18,68.6
2026-06-14,Cauliflower,Zone B,39.24,28.2
2026-06-14,Chilli,Zone A,75.27,28.5
2026-06-14,Chilli,Zone B,73.94,49.5
2026-06-14,Grapes,Zone A,106.0,61.5
2026-06-14,Grapes,Zone B,108.61,96.0
2026-06-14,Apple,Zone A,181.93,45.6
2026-06-14,Apple,Zone B,189.08,74.4
2026-06-14,Banana,Zone A,45.44,35.5
2026-06-14,Banana,Zone B,46.94,29.6
2026-06-14,Strawberry,Zone A,231.54,66.2
2026-06-14,Strawberry,Zone B,239.2,29.1
2026-06-15,Tomato,Zone A,24.89,23.8
2026-06-15,Tomato,Zone B,24.97,76.4
2026-06-15,Onion,Zone A,44.53,23.0
2026-06-15,Onion,Zone B,46.6,36.8
2026-06-15,Potato,Zone A,29.86,56.3
2026-06-15,Potato,Zone B,29.87,46.2
2026-06-15,Garlic,Zone A,156.53,49.3
2026-06-15,Garlic,Zone B,158.46,85.4
2026-06-15,Ginger,Zone A,92.27,62.0
2026-06-15,Ginger,Zone B,87.9,54.1
2026-06-15,Capsicum,Zone A,50.89,96.8
2026-06-15,Capsicum,Zone B,51.82,87.7
2026-06-15,Cauliflower,Zone A,39.13,28.7
2026-06-15,Cauliflower,Zone B,40.08,83.4
2026-06-15,Chilli,Zone A,62.89,56.5
2026-06-15,Chilli,Zone B,64.23,95.8
2026-06-15,Grapes,Zone A,106.62,57.8
2026-06-15,Grapes,Zone B,102.12,78.6
2026-06-15,Apple,Zone A,176.14,41.7
2026-06-15,Apple,Zone B,171.22,87.6
2026-06-15,Banana,Zone A,46.41,47.9
2026-06-15,Banana,Zone B,43.9,30.9
2026-06-15,Strawberry,Zone A,224.33,84.8
2026-06-15,Strawberry,Zone B,217.65,24.7
2026-06-16,Tomato,Zone A,24.83,60.5
2026-06-16,Tomato,Zone B,24.87,56.0
2026-06-16,Onion,Zone A,44.02,33.4
2026-06-16,Onion,Zone B,44.71,47.0
2026-06-16,Potato,Zone A,31.02,73.5
2026-06-16,Potato,Zone B,30.54,47.2
2026-06-16,Garlic,Zone A,167.41,83.7
2026-06-16,Garlic,Zone B,159.05,77.0
2026-06-16,Ginger,Zone A,88.68,30.3
2026-06-16,Ginger,Zone B,94.36,92.8
2026-06-16,Capsicum,Zone A,55.08,54.2
2026-06-16,Capsicum,Zone B,53.02,30.9
2026-06-16,Cauliflower,Zone A,40.82,23.4
2026-06-16,Cauliflower,Zone B,40.56,49.8
2026-06-16,Chilli,Zone A,66.55,38.6
2026-06-16,Chilli,Zone B,68.19,30.5
2026-06-16,Grapes,Zone A,117.65,86.2
2026-06-16,Grapes,Zone B,116.88,89.5
2026-06-16,Apple,Zone A,167.67,47.2
2026-06-16,Apple,Zone B,168.07,36.3
2026-06-16,Banana,Zone A,45.8,34.6
2026-06-16,Banana,Zone B,44.14,44.3
2026-06-16,Strawberry,Zone A,238.11,50.6
2026-06-16,Strawberry,Zone B,239.28,99.6
2026-06-17,Tomato,Zone A,24.96,88.0
2026-06-17,Tomato,Zone B,25.94,37.8
2026-06-17,Onion,Zone A,45.26,55.3
2026-06-17,Onion,Zone B,46.38,71.5
2026-06-17,Potato,Zone A,28.33,49.3
2026-06-17,Potato,Zone B,29.53,79.1
2026-06-17,Garlic,Zone A,153.06,36.7
2026-06-17,Garlic,Zone B,160.36,62.1
2026-06-17,Ginger,Zone A,90.32,63.5
2026-06-17,Ginger,Zone B,95.1,79.0
2026-06-17,Capsicum,Zone A,45.86,36.0
2026-06-17,Capsicum,Zone B,46.17,87.3
2026-06-17,Cauliflower,Zone A,34.0,27.4
2026-06-17,Cauliflower,Zone B,34.2,20.6
2026-06-17,Chilli,Zone A,62.93,41.0
2026-06-17,Chilli,Zone B,62.49,77.4
2026-06-17,Grapes,Zone A,105.42,33.2
2026-06-17,Grapes,Zone B,109.35,61.5
2026-06-17,Apple,Zone A,174.5,83.0
2026-06-17,Apple,Zone B,180.71,58.4
2026-06-17,Banana,Zone A,45.07,49.1
2026-06-17,Banana,Zone B,44.65,58.7
2026-06-17,Strawberry,Zone A,227.04,95.4
2026-06-17,Strawberry,Zone B,217.56,69.5
2026-06-18,Tomato,Zone A,25.6,73.6
2026-06-18,Tomato,Zone B,24.95,92.0
2026-06-18,Onion,Zone A,46.07,51.4
2026-06-18,Onion,Zone B,45.42,34.5
2026-06-18,Potato,Zone A,30.01,57.5
2026-06-18,Potato,Zone B,29.87,75.0
2026-06-18,Garlic,Zone A,158.74,78.3
2026-06-18,Garlic,Zone B,160.46,72.4
2026-06-18,Ginger,Zone A,97.64,94.1
2026-06-18,Ginger,Zone B,92.89,33.8
2026-06-18,Capsicum,Zone A,50.88,69.2
2026-06-18,Capsicum,Zone B,51.59,90.5
2026-06-18,Cauliflower,Zone A,40.98,84.0
2026-06-18,Cauliflower,Zone B,40.74,66.8
2026-06-18,Chilli,Zone A,68.81,64.1
2026-06-18,Chilli,Zone B,68.81,33.3
2026-06-18,Grapes,Zone A,113.5,39.6
2026-06-18,Grapes,Zone B,112.38,91.6
2026-06-18,Apple,Zone A,179.39,44.6
2026-06-18,Apple,Zone B,177.42,59.1
2026-06-18,Banana,Zone A,46.52,90.6
2026-06-18,Banana,Zone B,44.62,84.7
2026-06-18,Strawberry,Zone A,225.12,65.7
2026-06-18,Strawberry,Zone B,213.28,40.3
2026-06-19,Tomato,Zone A,26.82,68.9
2026-06-19,Tomato,Zone B,26.72,34.4
2026-06-19,Onion,Zone A,45.92,88.8
2026-06-19,Onion,Zone B,44.54,34.9
2026-06-19,Potato,Zone A,28.6,24.4
2026-06-19,Potato,Zone B,29.02,92.1
2026-06-19,Garlic,Zone A,159.84,59.8
2026-06-19,Garlic,Zone B,154.55,59.2
2026-06-19,Ginger,Zone A,92.26,66.4
2026-06-19,Ginger,Zone B,93.99,93.2
2026-06-19,Capsicum,Zone A,46.6,85.0
2026-06-19,Capsicum,Zone B,48.91,27.9
2026-06-19,Cauliflower,Zone A,38.94,83.2
2026-06-19,Cauliflower,Zone B,40.4,63.8
2026-06-19,Chilli,Zone A,67.15,41.2
2026-06-19,Chilli,Zone B,65.44,68.5
2026-06-19,Grapes,Zone A,118.37,61.5
2026-06-19,Grapes,Zone B,114.89,65.5
2026-06-19,Apple,Zone A,178.74,79.2
2026-06-19,Apple,Zone B,185.98,49.8
2026-06-19,Banana,Zone A,43.93,71.0
2026-06-19,Banana,Zone B,44.68,24.9
2026-06-19,Strawberry,Zone A,241.92,99.8
2026-06-19,Strawberry,Zone B,242.26,36.2
2026-06-20,Tomato,Zone A,23.73,93.8
2026-06-20,Tomato,Zone B,24.39,85.2
2026-06-20,Onion,Zone A,46.87,28.8
2026-06-20,Onion,Zone B,44.98,86.8
2026-06-20,Potato,Zone A,28.88,78.2
2026-06-20,Potato,Zone B,30.51,89.4
2026-06-20,Garlic,Zone A,148.09,66.2
2026-06-20,Garlic,Zone B,155.77,78.4
2026-06-20,Ginger,Zone A,89.68,21.9
2026-06-20,Ginger,Zone B,89.35,58.2
2026-06-20,Capsicum,Zone A,52.19,35.4
2026-06-20,Capsicum,Zone B,51.69,35.7
2026-06-20,Cauliflower,Zone A,34.3,57.6
2026-06-20,Cauliflower,Zone B,33.73,67.5
2026-06-20,Chilli,Zone A,66.68,31.6
2026-06-20,Chilli,Zone B,61.95,32.1
2026-06-20,Grapes,Zone A,103.68,29.4
2026-06-20,Grapes,Zone B,107.76,76.0
2026-06-20,Apple,Zone A,185.81,72.8
2026-06-20,Apple,Zone B,179.66,68.5
2026-06-20,Banana,Zone A,44.59,29.0
2026-06-20,Banana,Zone B,45.75,30.4
2026-06-20,Strawberry,Zone A,207.03,77.7
2026-06-20,Strawberry,Zone B,212.59,77.8
2026-06-21,Tomato,Zone A,26.52,80.8
2026-06-21,Tomato,Zone B,26.53,35.8
2026-06-21,Onion,Zone A,46.39,23.0
2026-06-21,Onion,Zone B,45.82,54.5
2026-06-21,Potato,Zone A,30.52,72.8
2026-06-21,Potato,Zone B,30.33,90.1
2026-06-21,Garlic,Zone A,168.63,28.3
2026-06-21,Garlic,Zone B,168.47,42.6
2026-06-21,Ginger,Zone A,84.91,83.2
2026-06-21,Ginger,Zone B,87.67,70.0
2026-06-21,Capsicum,Zone A,46.51,20.7
2026-06-21,Capsicum,Zone B,47.75,98.6
2026-06-21,Cauliflower,Zone A,34.8,30.3
2026-06-21,Cauliflower,Zone B,36.36,67.3
2026-06-21,Chilli,Zone A,70.2,97.4
2026-06-21,Chilli,Zone B,72.21,87.2
2026-06-21,Grapes,Zone A,107.26,72.4
2026-06-21,Grapes,Zone B,107.8,37.2
2026-06-21,Apple,Zone A,193.99,30.3
2026-06-21,Apple,Zone B,195.5,59.7
2026-06-21,Banana,Zone A,41.45,97.5
2026-06-21,Banana,Zone B,41.52,42.0
2026-06-21,Strawberry,Zone A,219.75,46.1
2026-06-21,Strawberry,Zone B,219.89,44.6
2026-06-22,Tomato,Zone A,26.08,22.2
2026-06-22,Tomato,Zone B,27.64,91.0
2026-06-22,Onion,Zone A,44.5,99.2
2026-06-22,Onion,Zone B,47.85,53.8
2026-06-22,Potato,Zone A,29.73,38.5
2026-06-22,Potato,Zone B,30.55,24.8
2026-06-22,Garlic,Zone A,155.92,77.5
2026-06-22,Garlic,Zone B,167.58,54.5
2026-06-22,Ginger,Zone A,89.69,38.3
2026-06-22,Ginger,Zone B,90.47,42.5
2026-06-22,Capsicum,Zone A,52.84,47.4
2026-06-22,Capsicum,Zone B,50.22,89.1
2026-06-22,Cauliflower,Zone A,40.05,71.4
2026-06-22,Cauliflower,Zone B,38.59,76.8
2026-06-22,Chilli,Zone A,65.06,30.0
2026-06-22,Chilli,Zone B,67.01,92.6
2026-06-22,Grapes,Zone A,108.93,93.1
2026-06-22,Grapes,Zone B,110.18,49.5
2026-06-22,Apple,Zone A,196.23,25.2
2026-06-22,Apple,Zone B,198.38,74.2
2026-06-22,Banana,Zone A,46.76,54.0
2026-06-22,Banana,Zone B,46.0,39.7
2026-06-22,Strawberry,Zone A,217.2,86.9
2026-06-22,Strawberry,Zone B,219.8,54.7
2026-06-23,Tomato,Zone A,23.55,81.5
2026-06-23,Tomato,Zone B,24.0,61.1
2026-06-23,Onion,Zone A,41.3,92.9
2026-06-23,Onion,Zone B,43.93,64.3
2026-06-23,Potato,Zone A,29.01,81.1
2026-06-23,Potato,Zone B,28.29,32.9
2026-06-23,Garlic,Zone A,160.83,61.3
2026-06-23,Garlic,Zone B,164.26,73.6
2026-06-23,Ginger,Zone A,87.01,22.4
2026-06-23,Ginger,Zone B,91.1,97.9
2026-06-23,Capsicum,Zone A,51.48,35.6
2026-06-23,Capsicum,Zone B,49.74,56.2
2026-06-23,Cauliflower,Zone A,35.87,38.3
2026-06-23,Cauliflower,Zone B,34.77,23.8
2026-06-23,Chilli,Zone A,72.01,62.5
2026-06-23,Chilli,Zone B,71.51,44.0
2026-06-23,Grapes,Zone A,110.37,76.3
2026-06-23,Grapes,Zone B,109.0,65.2
2026-06-23,Apple,Zone A,178.4,62.2
2026-06-23,Apple,Zone B,175.89,54.1
2026-06-23,Banana,Zone A,43.8,22.4
2026-06-23,Banana,Zone B,43.33,20.4
2026-06-23,Strawberry,Zone A,217.09,89.8
2026-06-23,Strawberry,Zone B,209.03,52.2
2026-06-24,Tomato,Zone A,27.17,55.2
2026-06-24,Tomato,Zone B,25.77,55.0
2026-06-24,Onion,Zone A,45.67,26.3
2026-06-24,Onion,Zone B,44.82,62.0
2026-06-24,Potato,Zone A,33.43,58.0
2026-06-24,Potato,Zone B,31.67,98.4
2026-06-24,Garlic,Zone A,157.5,44.8
2026-06-24,Garlic,Zone B,156.3,67.1
2026-06-24,Ginger,Zone A,94.47,24.0
2026-06-24,Ginger,Zone B,92.95,73.3
2026-06-24,Capsicum,Zone A,46.06,21.6
2026-06-24,Capsicum,Zone B,47.58,66.8
2026-06-24,Cauliflower,Zone A,39.1,25.4
2026-06-24,Cauliflower,Zone B,38.41,80.6
2026-06-24,Chilli,Zone A,73.45,41.6
2026-06-24,Chilli,Zone B,69.8,39.9
2026-06-24,Grapes,Zone A,111.46,82.8
2026-06-24,Grapes,Zone B,111.24,68.8
2026-06-24,Apple,Zone A,192.17,43.8
2026-06-24,Apple,Zone B,192.51,85.7
2026-06-24,Banana,Zone A,46.54,68.5
2026-06-24,Banana,Zone B,48.77,71.1
2026-06-24,Strawberry,Zone A,224.78,67.2
2026-06-24,Strawberry,Zone B,233.74,85.1
2026-06-25,Tomato,Zone A,24.64,43.4
2026-06-25,Tomato,Zone B,24.35,50.6
2026-06-25,Onion,Zone A,42.22,42.9
2026-06-25,Onion,Zone B,41.64,58.4
2026-06-25,Potato,Zone A,29.44,33.9
2026-06-25,Potato,Zone B,29.65,34.6
2026-06-25,Garlic,Zone A,169.91,73.6
2026-06-25,Garlic,Zone B,165.04,66.6
2026-06-25,Ginger,Zone A,97.42,55.7
2026-06-25,Ginger,Zone B,90.07,76.9
2026-06-25,Capsicum,Zone A,51.86,54.5
2026-06-25,Capsicum,Zone B,55.37,72.8
2026-06-25,Cauliflower,Zone A,34.57,61.2
2026-06-25,Cauliflower,Zone B,35.54,63.2
2026-06-25,Chilli,Zone A,63.0,24.4
2026-06-25,Chilli,Zone B,63.36,73.2
2026-06-25,Grapes,Zone A,107.34,70.2
2026-06-25,Grapes,Zone B,101.41,94.5
2026-06-25,Apple,Zone A,207.72,83.9
2026-06-25,Apple,Zone B,196.35,74.7
2026-06-25,Banana,Zone A,46.39,67.6
2026-06-25,Banana,Zone B,47.55,82.4
2026-06-25,Strawberry,Zone A,216.84,29.0
2026-06-25,Strawberry,Zone B,231.65,97.0
2026-06-26,Tomato,Zone A,26.0,70.1
2026-06-26,Tomato,Zone B,26.89,94.2
2026-06-26,Onion,Zone A,46.17,88.1
2026-06-26,Onion,Zone B,46.73,94.2
2026-06-26,Potato,Zone A,32.7,31.1
2026-06-26,Potato,Zone B,33.91,56.1
2026-06-26,Garlic,Zone A,164.17,61.1
2026-06-26,Garlic,Zone B,171.76,65.7
2026-06-26,Ginger,Zone A,89.51,55.0
2026-06-26,Ginger,Zone B,85.97,33.8
2026-06-26,Capsicum,Zone A,51.48,23.7
2026-06-26,Capsicum,Zone B,52.39,57.9
2026-06-26,Cauliflower,Zone A,36.02,87.4
2026-06-26,Cauliflower,Zone B,34.73,26.8
2026-06-26,Chilli,Zone A,67.52,71.8
2026-06-26,Chilli,Zone B,67.48,32.6
2026-06-26,Grapes,Zone A,115.9,67.2
2026-06-26,Grapes,Zone B,116.97,68.0
2026-06-26,Apple,Zone A,191.19,32.0
2026-06-26,Apple,Zone B,188.56,51.4
2026-06-26,Banana,Zone A,47.63,87.8
2026-06-26,Banana,Zone B,47.61,24.0
2026-06-26,Strawberry,Zone A,206.13,77.1
2026-06-26,Strawberry,Zone B,204.53,83.2
2026-06-27,Tomato,Zone A,26.0,48.4
2026-06-27,Tomato,Zone B,25.21,92.0
2026-06-27,Onion,Zone A,44.46,42.7
2026-06-27,Onion,Zone B,47.08,75.3
2026-06-27,Potato,Zone A,31.12,50.2
2026-06-27,Potato,Zone B,30.55,94.5
2026-06-27,Garlic,Zone A,165.93,72.7
2026-06-27,Garlic,Zone B,163.12,34.5
2026-06-27,Ginger,Zone A,94.07,94.1
2026-06-27,Ginger,Zone B,92.73,42.6
2026-06-27,Capsicum,Zone A,50.41,39.9
2026-06-27,Capsicum,Zone B,49.92,68.9
2026-06-27,Cauliflower,Zone A,34.52,45.0
2026-06-27,Cauliflower,Zone B,33.45,20.9
2026-06-27,Chilli,Zone A,67.21,31.4
2026-06-27,Chilli,Zone B,72.09,48.4
2026-06-27,Grapes,Zone A,115.8,52.5
2026-06-27,Grapes,Zone B,113.25,30.0
2026-06-27,Apple,Zone A,188.68,83.1
2026-06-27,Apple,Zone B,183.4,62.8
2026-06-27,Banana,Zone A,45.15,69.1
2026-06-27,Banana,Zone B,46.52,31.0
2026-06-27,Strawberry,Zone A,215.95,99.2
2026-06-27,Strawberry,Zone B,220.68,55.6
2026-06-28,Tomato,Zone A,25.15,69.9
2026-06-28,Tomato,Zone B,24.42,44.0
2026-06-28,Onion,Zone A,44.87,66.9
2026-06-28,Onion,Zone B,44.61,78.0
2026-06-28,Potato,Zone A,31.16,68.0
2026-06-28,Potato,Zone B,31.31,99.9
2026-06-28,Garlic,Zone A,168.82,28.6
2026-06-28,Garlic,Zone B,162.16,77.6
2026-06-28,Ginger,Zone A,92.37,98.5
2026-06-28,Ginger,Zone B,90.14,40.4
2026-06-28,Capsicum,Zone A,48.81,46.6
2026-06-28,Capsicum,Zone B,51.78,21.8
2026-06-28,Cauliflower,Zone A,36.65,42.3
2026-06-28,Cauliflower,Zone B,34.93,31.6
2026-06-28,Chilli,Zone A,62.54,45.4
2026-06-28,Chilli,Zone B,62.2,35.5
2026-06-28,Grapes,Zone A,103.62,65.4
2026-06-28,Grapes,Zone B,106.84,25.1
2026-06-28,Apple,Zone A,194.92,92.9
2026-06-28,Apple,Zone B,199.03,81.8
2026-06-28,Banana,Zone A,42.48,63.1
2026-06-28,Banana,Zone B,44.2,70.4
2026-06-28,Strawberry,Zone A,234.96,78.4
2026-06-28,Strawberry,Zone B,233.32,56.9
2026-06-29,Tomato,Zone A,24.39,26.4
2026-06-29,Tomato,Zone B,24.74,61.4
2026-06-29,Onion,Zone A,48.31,87.2
2026-06-29,Onion,Zone B,47.69,93.5
2026-06-29,Potato,Zone A,33.02,63.7
2026-06-29,Potato,Zone B,32.18,63.1
2026-06-29,Garlic,Zone A,161.57,98.0
2026-06-29,Garlic,Zone B,163.5,69.5
2026-06-29,Ginger,Zone A,92.54,50.5
2026-06-29,Ginger,Zone B,88.12,91.4
2026-06-29,Capsicum,Zone A,46.13,40.9
2026-06-29,Capsicum,Zone B,46.03,72.8
2026-06-29,Cauliflower,Zone A,35.48,77.8
2026-06-29,Cauliflower,Zone B,35.67,24.7
2026-06-29,Chilli,Zone A,70.69,48.9
2026-06-29,Chilli,Zone B,71.93,50.5
2026-06-29,Grapes,Zone A,110.81,25.6
2026-06-29,Grapes,Zone B,108.36,74.6
2026-06-29,Apple,Zone A,178.99,63.0
2026-06-29,Apple,Zone B,178.14,84.6
2026-06-29,Banana,Zone A,43.03,52.9
2026-06-29,Banana,Zone B,44.41,30.1
2026-06-29,Strawberry,Zone A,221.2,49.8
2026-06-29,Strawberry,Zone B,217.51,58.8
2026-06-30,Tomato,Zone A,23.37,72.1
2026-06-30,Tomato,Zone B,22.83,30.9
2026-06-30,Onion,Zone A,45.43,34.3
2026-06-30,Onion,Zone B,44.39,50.1
2026-06-30,Potato,Zone A,31.52,82.8
2026-06-30,Potato,Zone B,31.21,64.5
2026-06-30,Garlic,Zone A,158.93,24.0
2026-06-30,Garlic,Zone B,162.64,41.0
2026-06-30,Ginger,Zone A,87.62,44.9
2026-06-30,Ginger,Zone B,85.11,49.1
2026-06-30,Capsicum,Zone A,51.38,91.4
2026-06-30,Capsicum,Zone B,52.35,82.6
2026-06-30,Cauliflower,Zone A,35.82,37.7
2026-06-30,Cauliflower,Zone B,37.17,84.4
2026-06-30,Chilli,Zone A,61.69,88.6
2026-06-30,Chilli,Zone B,62.9,83.9
2026-06-30,Grapes,Zone A,116.72,88.3
2026-06-30,Grapes,Zone B,111.25,53.5
2026-06-30,Apple,Zone A,186.62,51.7
2026-06-30,Apple,Zone B,190.95,68.7
2026-06-30,Banana,Zone A,42.22,75.6
2026-06-30,Banana,Zone B,44.39,32.8
2026-06-30,Strawberry,Zone A,208.16,43.5
2026-06-30,Strawberry,Zone B,221.64,83.9
2026-07-01,Tomato,Zone A,25.47,75.5
2026-07-01,Tomato,Zone B,24.66,52.1
2026-07-01,Onion,Zone A,46.61,51.2
2026-07-01,Onion,Zone B,44.72,34.2
2026-07-01,Potato,Zone A,31.26,49.8
2026-07-01,Potato,Zone B,33.52,60.3
2026-07-01,Garlic,Zone A,167.75,61.4
2026-07-01,Garlic,Zone B,165.81,24.8
2026-07-01,Ginger,Zone A,121.68,21.2
2026-07-01,Ginger,Zone B,116.95,61.3
2026-07-01,Capsicum,Zone A,50.0,99.3
2026-07-01,Capsicum,Zone B,47.7,90.0
2026-07-01,Cauliflower,Zone A,35.81,95.3
2026-07-01,Cauliflower,Zone B,35.38,82.8
2026-07-01,Chilli,Zone A,64.93,55.7
2026-07-01,Chilli,Zone B,65.91,52.7
2026-07-01,Grapes,Zone A,128.73,85.0
2026-07-01,Grapes,Zone B,127.8,78.4
2026-07-01,Apple,Zone A,150.71,62.3
2026-07-01,Apple,Zone B,152.9,80.8
2026-07-01,Banana,Zone A,43.93,47.7
2026-07-01,Banana,Zone B,45.22,50.9
2026-07-01,Strawberry,Zone A,225.63,64.3
2026-07-01,Strawberry,Zone B,242.96,70.8
2026-07-02,Tomato,Zone A,24.01,61.1
2026-07-02,Tomato,Zone B,24.1,29.9
2026-07-02,Onion,Zone A,46.17,60.3
2026-07-02,Onion,Zone B,46.63,49.0
2026-07-02,Potato,Zone A,33.68,23.8
2026-07-02,Potato,Zone B,32.97,54.3
2026-07-02,Garlic,Zone A,155.22,72.2
2026-07-02,Garlic,Zone B,154.86,31.7
2026-07-02,Ginger,Zone A,110.3,28.9
2026-07-02,Ginger,Zone B,110.85,32.3
2026-07-02,Capsicum,Zone A,51.49,81.6
2026-07-02,Capsicum,Zone B,52.18,78.9
2026-07-02,Cauliflower,Zone A,40.95,69.7
2026-07-02,Cauliflower,Zone B,41.38,26.8
2026-07-02,Chilli,Zone A,69.56,81.1
2026-07-02,Chilli,Zone B,66.67,43.5
2026-07-02,Grapes,Zone A,143.34,59.1
2026-07-02,Grapes,Zone B,135.33,89.4
2026-07-02,Apple,Zone A,149.37,33.6
2026-07-02,Apple,Zone B,145.67,58.0
2026-07-02,Banana,Zone A,46.53,24.9
2026-07-02,Banana,Zone B,47.24,68.5
2026-07-02,Strawberry,Zone A,216.46,23.3
2026-07-02,Strawberry,Zone B,217.91,70.8
2026-07-03,Tomato,Zone A,23.33,83.4
2026-07-03,Tomato,Zone B,22.63,77.5
2026-07-03,Onion,Zone A,43.73,69.9
2026-07-03,Onion,Zone B,44.04,87.8
2026-07-03,Potato,Zone A,31.86,88.6
2026-07-03,Potato,Zone B,34.12,83.0
2026-07-03,Garlic,Zone A,164.04,77.2
2026-07-03,Garlic,Zone B,162.49,57.9
2026-07-03,Ginger,Zone A,112.18,87.4
2026-07-03,Ginger,Zone B,107.31,33.8
2026-07-03,Capsicum,Zone A,49.63,96.4
2026-07-03,Capsicum,Zone B,47.12,54.2
2026-07-03,Cauliflower,Zone A,38.54,62.8
2026-07-03,Cauliflower,Zone B,39.02,25.3
2026-07-03,Chilli,Zone A,68.3,76.4
2026-07-03,Chilli,Zone B,70.17,21.2
2026-07-03,Grapes,Zone A,144.49,84.0
2026-07-03,Grapes,Zone B,143.52,39.3
2026-07-03,Apple,Zone A,147.16,56.5
2026-07-03,Apple,Zone B,151.46,72.9
2026-07-03,Banana,Zone A,47.56,84.3
2026-07-03,Banana,Zone B,46.94,54.0
2026-07-03,Strawberry,Zone A,228.37,32.4
2026-07-03,Strawberry,Zone B,235.16,75.2
2026-07-04,Tomato,Zone A,24.16,45.2
2026-07-04,Tomato,Zone B,23.39,30.6
2026-07-04,Onion,Zone A,44.1,56.0
2026-07-04,Onion,Zone B,43.6,50.1
2026-07-04,Potato,Zone A,27.98,78.3
2026-07-04,Potato,Zone B,29.16,79.8
2026-07-04,Garlic,Zone A,154.97,41.4
2026-07-04,Garlic,Zone B,163.22,86.5
2026-07-04,Ginger,Zone A,116.03,33.0
2026-07-04,Ginger,Zone B,112.74,65.4
2026-07-04,Capsicum,Zone A,48.61,98.8
2026-07-04,Capsicum,Zone B,47.42,60.0
2026-07-04,Cauliflower,Zone A,37.79,95.5
2026-07-04,Cauliflower,Zone B,37.05,98.7
2026-07-04,Chilli,Zone A,69.02,24.0
2026-07-04,Chilli,Zone B,69.37,93.9
2026-07-04,Grapes,Zone A,126.25,85.3
2026-07-04,Grapes,Zone B,125.14,38.4
2026-07-04,Apple,Zone A,149.8,75.3
2026-07-04,Apple,Zone B,154.41,54.7
2026-07-04,Banana,Zone A,44.69,60.6
2026-07-04,Banana,Zone B,43.72,73.7
2026-07-04,Strawberry,Zone A,232.58,58.5
2026-07-04,Strawberry,Zone B,225.03,20.9
2026-07-05,Tomato,Zone A,22.95,49.8
2026-07-05,Tomato,Zone B,23.89,43.1
2026-07-05,Onion,Zone A,45.88,64.2
2026-07-05,Onion,Zone B,48.48,72.0
2026-07-05,Potato,Zone A,30.89,60.8
2026-07-05,Potato,Zone B,30.8,58.6
2026-07-05,Garlic,Zone A,161.93,88.5
2026-07-05,Garlic,Zone B,160.54,35.6
2026-07-05,Ginger,Zone A,112.26,67.1
2026-07-05,Ginger,Zone B,111.97,83.2
2026-07-05,Capsicum,Zone A,45.16,81.8
2026-07-05,Capsicum,Zone B,44.49,86.8
2026-07-05,Cauliflower,Zone A,35.99,49.6
2026-07-05,Cauliflower,Zone B,37.86,95.5
2026-07-05,Chilli,Zone A,74.25,55.0
2026-07-05,Chilli,Zone B,71.22,21.6
2026-07-05,Grapes,Zone A,140.93,97.8
2026-07-05,Grapes,Zone B,143.57,53.8
2026-07-05,Apple,Zone A,138.28,71.8
2026-07-05,Apple,Zone B,148.67,43.9
2026-07-05,Banana,Zone A,41.73,87.3
2026-07-05,Banana,Zone B,44.84,38.0
2026-07-05,Strawberry,Zone A,222.51,63.3
2026-07-05,Strawberry,Zone B,210.22,69.1
2026-07-06,Tomato,Zone A,26.88,81.8
2026-07-06,Tomato,Zone B,26.62,61.8
2026-07-06,Onion,Zone A,43.75,80.8
2026-07-06,Onion,Zone B,42.58,63.9
2026-07-06,Potato,Zone A,29.35,62.7
2026-07-06,Potato,Zone B,30.38,69.7
2026-07-06,Garlic,Zone A,155.87,82.8
2026-07-06,Garlic,Zone B,154.89,63.2
2026-07-06,Ginger,Zone A,113.73,70.8
2026-07-06,Ginger,Zone B,110.08,62.3
2026-07-06,Capsicum,Zone A,52.04,82.5
2026-07-06,Capsicum,Zone B,49.7,22.5
2026-07-06,Cauliflower,Zone A,39.09,49.0
2026-07-06,Cauliflower,Zone B,40.4,65.5
2026-07-06,Chilli,Zone A,70.33,67.6
2026-07-06,Chilli,Zone B,70.93,95.5
2026-07-06,Grapes,Zone A,133.37,81.1
2026-07-06,Grapes,Zone B,127.95,87.9
2026-07-06,Apple,Zone A,152.91,86.5
2026-07-06,Apple,Zone B,148.16,21.2
2026-07-06,Banana,Zone A,47.35,20.5
2026-07-06,Banana,Zone B,48.82,91.8
2026-07-06,Strawberry,Zone A,213.91,25.8
2026-07-06,Strawberry,Zone B,219.58,46.8
2026-07-07,Tomato,Zone A,25.14,56.8
2026-07-07,Tomato,Zone B,24.17,76.5
2026-07-07,Onion,Zone A,44.44,43.7
2026-07-07,Onion,Zone B,46.14,82.7
2026-07-07,Potato,Zone A,29.64,86.8
2026-07-07,Potato,Zone B,29.35,42.4
2026-07-07,Garlic,Zone A,162.93,95.2
2026-07-07,Garlic,Zone B,160.91,34.2
2026-07-07,Ginger,Zone A,109.79,46.7
2026-07-07,Ginger,Zone B,106.78,55.9
2026-07-07,Capsicum,Zone A,54.09,93.1
2026-07-07,Capsicum,Zone B,51.5,78.5
2026-07-07,Cauliflower,Zone A,35.04,85.9
2026-07-07,Cauliflower,Zone B,35.66,43.5
2026-07-07,Chilli,Zone A,70.44,45.5
2026-07-07,Chilli,Zone B,70.13,30.1
2026-07-07,Grapes,Zone A,140.93,87.6
2026-07-07,Grapes,Zone B,143.55,86.4
2026-07-07,Apple,Zone A,147.25,78.7
2026-07-07,Apple,Zone B,147.8,51.9
2026-07-07,Banana,Zone A,48.41,52.8
2026-07-07,Banana,Zone B,48.61,56.7
2026-07-07,Strawberry,Zone A,208.36,87.8
2026-07-07,Strawberry,Zone B,214.09,34.2
2026-07-08,Tomato,Zone A,23.77,46.2
2026-07-08,Tomato,Zone B,24.07,83.0
2026-07-08,Onion,Zone A,41.37,61.6
2026-07-08,Onion,Zone B,44.3,85.3
2026-07-08,Potato,Zone A,30.11,77.4
2026-07-08,Potato,Zone B,29.05,30.9
2026-07-08,Garlic,Zone A,157.31,94.7
2026-07-08,Garlic,Zone B,164.1,83.6
2026-07-08,Ginger,Zone A,110.05,24.7
2026-07-08,Ginger,Zone B,108.91,65.0
2026-07-08,Capsicum,Zone A,53.44,27.3
2026-07-08,Capsicum,Zone B,51.89,98.0
2026-07-08,Cauliflower,Zone A,39.21,90.9
2026-07-08,Cauliflower,Zone B,36.97,85.3
2026-07-08,Chilli,Zone A,62.58,26.5
2026-07-08,Chilli,Zone B,66.15,79.5
2026-07-08,Grapes,Zone A,134.84,83.5
2026-07-08,Grapes,Zone B,126.8,65.6
2026-07-08,Apple,Zone A,140.06,25.7
2026-07-08,Apple,Zone B,144.68,45.1
2026-07-08,Banana,Zone A,44.38,40.5
2026-07-08,Banana,Zone B,43.5,99.0
2026-07-08,Strawberry,Zone A,210.19,82.8
2026-07-08,Strawberry,Zone B,211.16,46.2
2026-07-09,Tomato,Zone A,24.77,31.3
2026-07-09,Tomato,Zone B,24.3,57.5
2026-07-09,Onion,Zone A,45.68,89.2
2026-07-09,Onion,Zone B,45.1,30.5
2026-07-09,Potato,Zone A,31.13,81.3
2026-07-09,Potato,Zone B,29.83,78.6
2026-07-09,Garlic,Zone A,171.27,61.2
2026-07-09,Garlic,Zone B,162.55,57.9
2026-07-09,Ginger,Zone A,120.92,26.6
2026-07-09,Ginger,Zone B,121.78,78.0
2026-07-09,Capsicum,Zone A,45.66,23.6
2026-07-09,Capsicum,Zone B,46.01,64.9
2026-07-09,Cauliflower,Zone A,37.32,34.7
2026-07-09,Cauliflower,Zone B,38.07,43.7
2026-07-09,Chilli,Zone A,75.61,78.3
2026-07-09,Chilli,Zone B,73.56,61.9
2026-07-09,Grapes,Zone A,142.88,89.7
2026-07-09,Grapes,Zone B,141.82,62.4
2026-07-09,Apple,Zone A,145.89,63.7
2026-07-09,Apple,Zone B,143.1,54.3
2026-07-09,Banana,Zone A,43.79,99.2
2026-07-09,Banana,Zone B,45.35,91.3
2026-07-09,Strawberry,Zone A,240.58,63.8
2026-07-09,Strawberry,Zone B,249.51,45.4
2026-07-10,Tomato,Zone A,24.72,83.8
2026-07-10,Tomato,Zone B,24.16,88.0
2026-07-10,Onion,Zone A,43.29,23.8
2026-07-10,Onion,Zone B,43.98,55.6
2026-07-10,Potato,Zone A,30.42,24.0
2026-07-10,Potato,Zone B,30.63,69.6
2026-07-10,Garlic,Zone A,155.93,51.8
2026-07-10,Garlic,Zone B,153.93,34.6
2026-07-10,Ginger,Zone A,119.23,63.3
2026-07-10,Ginger,Zone B,116.77,81.3
2026-07-10,Capsicum,Zone A,46.83,76.0
2026-07-10,Capsicum,Zone B,47.72,73.3
2026-07-10,Cauliflower,Zone A,39.29,28.0
2026-07-10,Cauliflower,Zone B,36.83,28.0
2026-07-10,Chilli,Zone A,74.35,27.6
2026-07-10,Chilli,Zone B,74.61,21.5
2026-07-10,Grapes,Zone A,131.53,95.4
2026-07-10,Grapes,Zone B,135.67,24.3
2026-07-10,Apple,Zone A,148.98,21.9
2026-07-10,Apple,Zone B,155.7,49.7
2026-07-10,Banana,Zone A,44.91,94.6
2026-07-10,Banana,Zone B,44.5,26.7
2026-07-10,Strawberry,Zone A,204.85,26.6
2026-07-10,Strawberry,Zone B,207.15,55.0
2026-07-11,Tomato,Zone A,24.83,65.3
2026-07-11,Tomato,Zone B,24.98,24.8
2026-07-11,Onion,Zone A,43.17,85.0
2026-07-11,Onion,Zone B,44.92,26.3
2026-07-11,Potato,Zone A,28.64,77.6
2026-07-11,Potato,Zone B,28.56,90.3
2026-07-11,Garlic,Zone A,169.54,74.9
2026-07-11,Garlic,Zone B,164.25,70.7
2026-07-11,Ginger,Zone A,110.33,42.6
2026-07-11,Ginger,Zone B,118.8,59.4
2026-07-11,Capsicum,Zone A,52.97,87.6
2026-07-11,Capsicum,Zone B,51.97,64.1
2026-07-11,Cauliflower,Zone A,40.75,67.2
2026-07-11,Cauliflower,Zone B,39.66,22.2
2026-07-11,Chilli,Zone A,67.11,25.3
2026-07-11,Chilli,Zone B,63.21,51.4
2026-07-11,Grapes,Zone A,149.0,97.6
2026-07-11,Grapes,Zone B,150.78,21.0
2026-07-11,Apple,Zone A,153.82,20.2
2026-07-11,Apple,Zone B,150.99,95.0
2026-07-11,Banana,Zone A,46.43,60.5
2026-07-11,Banana,Zone B,47.44,80.8
2026-07-11,Strawberry,Zone A,210.03,70.1
2026-07-11,Strawberry,Zone B,216.18,96.4
2026-07-12,Tomato,Zone A,26.61,69.2
2026-07-12,Tomato,Zone B,27.81,96.8
2026-07-12,Onion,Zone A,45.29,39.5
2026-07-12,Onion,Zone B,43.92,65.4
2026-07-12,Potato,Zone A,29.16,25.7
2026-07-12,Potato,Zone B,28.44,97.1
2026-07-12,Garlic,Zone A,162.11,71.5
2026-07-12,Garlic,Zone B,159.79,54.3
2026-07-12,Ginger,Zone A,123.06,24.7
2026-07-12,Ginger,Zone B,120.4,77.4
2026-07-12,Capsicum,Zone A,48.0,75.6
2026-07-12,Capsicum,Zone B,48.79,58.3
2026-07-12,Cauliflower,Zone A,36.62,77.3
2026-07-12,Cauliflower,Zone B,37.42,73.0
2026-07-12,Chilli,Zone A,68.35,66.5
2026-07-12,Chilli,Zone B,72.1,50.0
2026-07-12,Grapes,Zone A,126.22,59.3
2026-07-12,Grapes,Zone B,130.16,87.8
2026-07-12,Apple,Zone A,142.87,37.4
2026-07-12,Apple,Zone B,146.4,86.3
2026-07-12,Banana,Zone A,42.09,50.4
2026-07-12,Banana,Zone B,42.23,91.9
2026-07-12,Strawberry,Zone A,206.87,63.0
2026-07-12,Strawberry,Zone B,208.21,24.9
2026-07-13,Tomato,Zone A,24.6,76.2
2026-07-13,Tomato,Zone B,23.08,83.1
2026-07-13,Onion,Zone A,45.39,25.6
2026-07-13,Onion,Zone B,44.97,22.6
2026-07-13,Potato,Zone A,29.86,53.7
2026-07-13,Potato,Zone B,29.36,48.5
2026-07-13,Garlic,Zone A,155.31,63.3
2026-07-13,Garlic,Zone B,157.12,60.8
2026-07-13,Ginger,Zone A,104.87,92.2
2026-07-13,Ginger,Zone B,104.32,51.4
2026-07-13,Capsicum,Zone A,46.37,94.2
2026-07-13,Capsicum,Zone B,46.93,74.3
2026-07-13,Cauliflower,Zone A,41.61,56.5
2026-07-13,Cauliflower,Zone B,41.06,99.7
2026-07-13,Chilli,Zone A,72.05,56.1
2026-07-13,Chilli,Zone B,71.35,88.9
2026-07-13,Grapes,Zone A,129.39,67.5
2026-07-13,Grapes,Zone B,127.64,33.4
2026-07-13,Apple,Zone A,148.39,39.2
2026-07-13,Apple,Zone B,145.16,90.6
2026-07-13,Banana,Zone A,47.76,31.3
2026-07-13,Banana,Zone B,45.86,61.7
2026-07-13,Strawberry,Zone A,209.16,57.1
2026-07-13,Strawberry,Zone B,201.82,67.7
2026-07-14,Tomato,Zone A,22.9,27.3
2026-07-14,Tomato,Zone B,22.72,33.0
2026-07-14,Onion,Zone A,46.15,34.5
2026-07-14,Onion,Zone B,45.71,96.6
2026-07-14,Potato,Zone A,29.94,78.0
2026-07-14,Potato,Zone B,28.47,48.2
2026-07-14,Garlic,Zone A,170.37,61.8
2026-07-14,Garlic,Zone B,172.03,77.8
2026-07-14,Ginger,Zone A,116.46,54.7
2026-07-14,Ginger,Zone B,118.38,60.3
2026-07-14,Capsicum,Zone A,47.2,64.0
2026-07-14,Capsicum,Zone B,46.09,67.1
2026-07-14,Cauliflower,Zone A,37.1,75.2
2026-07-14,Cauliflower,Zone B,36.29,76.3
2026-07-14,Chilli,Zone A,64.57,23.6
2026-07-14,Chilli,Zone B,61.97,99.4
2026-07-14,Grapes,Zone A,131.15,62.8
2026-07-14,Grapes,Zone B,137.28,68.3
2026-07-14,Apple,Zone A,146.29,50.0
2026-07-14,Apple,Zone B,150.9,60.7
2026-07-14,Banana,Zone A,46.82,84.3
2026-07-14,Banana,Zone B,44.56,96.9
2026-07-14,Strawberry,Zone A,210.4,27.7
2026-07-14,Strawberry,Zone B,218.44,33.4
2026-07-15,Tomato,Zone A,25.31,24.3
2026-07-15,Tomato,Zone B,26.12,69.2
2026-07-15,Onion,Zone A,45.62,87.1
2026-07-15,Onion,Zone B,44.18,73.0
2026-07-15,Potato,Zone A,28.94,42.2
2026-07-15,Potato,Zone B,29.5,42.3
2026-07-15,Garlic,Zone A,150.8,79.9
2026-07-15,Garlic,Zone B,155.69,28.8
2026-07-15,Ginger,Zone A,115.12,48.8
2026-07-15,Ginger,Zone B,112.0,35.7
2026-07-15,Capsicum,Zone A,44.7,70.2
2026-07-15,Capsicum,Zone B,44.29,22.9
2026-07-15,Cauliflower,Zone A,34.46,95.0
2026-07-15,Cauliflower,Zone B,36.31,37.5
2026-07-15,Chilli,Zone A,65.82,59.8
2026-07-15,Chilli,Zone B,66.51,30.2
2026-07-15,Grapes,Zone A,142.78,77.4
2026-07-15,Grapes,Zone B,140.42,82.1
2026-07-15,Apple,Zone A,139.76,46.8
2026-07-15,Apple,Zone B,139.22,40.3
2026-07-15,Banana,Zone A,44.27,86.0
2026-07-15,Banana,Zone B,43.09,83.4
2026-07-15,Strawberry,Zone A,220.96,56.6
2026-07-15,Strawberry,Zone B,212.83,92.2
2026-07-16,Tomato,Zone A,23.45,30.6
2026-07-16,Tomato,Zone B,22.58,21.8
2026-07-16,Onion,Zone A,43.82,53.3
2026-07-16,Onion,Zone B,44.81,74.9
2026-07-16,Potato,Zone A,32.38,50.2
2026-07-16,Potato,Zone B,32.74,88.8
2026-07-16,Garlic,Zone A,157.63,62.5
2026-07-16,Garlic,Zone B,149.84,82.8
2026-07-16,Ginger,Zone A,111.21,79.3
2026-07-16,Ginger,Zone B,111.03,25.4
2026-07-16,Capsicum,Zone A,47.77,65.4
2026-07-16,Capsicum,Zone B,50.28,36.2
2026-07-16,Cauliflower,Zone A,35.17,60.1
2026-07-16,Cauliflower,Zone B,34.84,64.6
2026-07-16,Chilli,Zone A,69.14,87.3
2026-07-16,Chilli,Zone B,69.5,56.8
2026-07-16,Grapes,Zone A,147.54,50.7
2026-07-16,Grapes,Zone B,145.36,94.4
2026-07-16,Apple,Zone A,143.9,51.5
2026-07-16,Apple,Zone B,142.17,44.3
2026-07-16,Banana,Zone A,44.97,40.4
2026-07-16,Banana,Zone B,44.59,55.3
2026-07-16,Strawberry,Zone A,231.07,74.8
2026-07-16,Strawberry,Zone B,224.4,35.1
2026-07-17,Tomato,Zone A,23.74,20.7
2026-07-17,Tomato,Zone B,24.18,50.2
2026-07-17,Onion,Zone A,43.46,33.5
2026-07-17,Onion,Zone B,43.48,90.6
2026-07-17,Potato,Zone A,28.86,31.7
2026-07-17,Potato,Zone B,28.67,52.9
2026-07-17,Garlic,Zone A,158.25,47.5
2026-07-17,Garlic,Zone B,156.11,75.6
2026-07-17,Ginger,Zone A,105.28,74.3
2026-07-17,Ginger,Zone B,111.33,70.9
2026-07-17,Capsicum,Zone A,53.78,59.4
2026-07-17,Capsicum,Zone B,55.73,96.0
2026-07-17,Cauliflower,Zone A,38.94,94.4
2026-07-17,Cauliflower,Zone B,37.13,39.2
2026-07-17,Chilli,Zone A,68.38,26.8
2026-07-17,Chilli,Zone B,67.21,74.6
2026-07-17,Grapes,Zone A,129.14,47.1
2026-07-17,Grapes,Zone B,129.54,30.7
2026-07-17,Apple,Zone A,163.13,95.8
2026-07-17,Apple,Zone B,162.94,34.9
2026-07-17,Banana,Zone A,42.82,62.5
2026-07-17,Banana,Zone B,43.42,40.9
2026-07-17,Strawberry,Zone A,219.69,84.7
2026-07-17,Strawberry,Zone B,209.84,26.3
2026-07-18,Tomato,Zone A,27.07,62.3
2026-07-18,Tomato,Zone B,26.14,49.9
2026-07-18,Onion,Zone A,45.51,57.4
2026-07-18,Onion,Zone B,46.82,93.3
2026-07-18,Potato,Zone A,30.98,46.5
2026-07-18,Potato,Zone B,31.45,66.9
2026-07-18,Garlic,Zone A,170.28,41.5
2026-07-18,Garlic,Zone B,169.94,92.1
2026-07-18,Ginger,Zone A,119.05,48.8
2026-07-18,Ginger,Zone B,112.55,49.7
2026-07-18,Capsicum,Zone A,51.2,51.4
2026-07-18,Capsicum,Zone B,51.49,67.6
2026-07-18,Cauliflower,Zone A,38.9,25.1
2026-07-18,Cauliflower,Zone B,36.64,42.4
2026-07-18,Chilli,Zone A,63.32,49.6
2026-07-18,Chilli,Zone B,64.3,92.7
2026-07-18,Grapes,Zone A,143.83,94.9
2026-07-18,Grapes,Zone B,143.74,44.5
2026-07-18,Apple,Zone A,141.99,80.8
2026-07-18,Apple,Zone B,144.92,45.8
2026-07-18,Banana,Zone A,47.26,51.8
2026-07-18,Banana,Zone B,48.27,34.5
2026-07-18,Strawberry,Zone A,232.77,56.3
2026-07-18,Strawberry,Zone B,246.87,30.9
2026-07-19,Tomato,Zone A,24.9,99.0
2026-07-19,Tomato,Zone B,24.01,50.8
2026-07-19,Onion,Zone A,46.14,99.8
2026-07-19,Onion,Zone B,48.65,72.1
2026-07-19,Potato,Zone A,31.03,91.8
2026-07-19,Potato,Zone B,32.78,85.3
2026-07-19,Garlic,Zone A,154.52,44.7
2026-07-19,Garlic,Zone B,159.56,24.5
2026-07-19,Ginger,Zone A,111.15,81.6
2026-07-19,Ginger,Zone B,111.21,96.9
2026-07-19,Capsicum,Zone A,49.46,62.7
2026-07-19,Capsicum,Zone B,52.21,29.8
2026-07-19,Cauliflower,Zone A,41.17,93.6
2026-07-19,Cauliflower,Zone B,38.99,29.6
2026-07-19,Chilli,Zone A,67.57,27.4
2026-07-19,Chilli,Zone B,69.63,42.5
2026-07-19,Grapes,Zone A,128.51,97.6
2026-07-19,Grapes,Zone B,127.65,91.7
2026-07-19,Apple,Zone A,153.83,83.8
2026-07-19,Apple,Zone B,146.13,87.5
2026-07-19,Banana,Zone A,46.33,23.9
2026-07-19,Banana,Zone B,45.67,71.4
2026-07-19,Strawberry,Zone A,215.41,85.3
2026-07-19,Strawberry,Zone B,204.81,62.3
2026-07-20,Tomato,Zone A,26.97,85.6
2026-07-20,Tomato,Zone B,25.61,55.6
2026-07-20,Onion,Zone A,45.07,52.0
2026-07-20,Onion,Zone B,44.16,35.1
2026-07-20,Potato,Zone A,30.12,92.9
2026-07-20,Potato,Zone B,31.45,23.7
2026-07-20,Garlic,Zone A,166.84,85.2
2026-07-20,Garlic,Zone B,168.33,94.6
2026-07-20,Ginger,Zone A,108.21,49.4
2026-07-20,Ginger,Zone B,105.88,72.7
2026-07-20,Capsicum,Zone A,44.6,32.2
2026-07-20,Capsicum,Zone B,47.69,34.3
2026-07-20,Cauliflower,Zone A,34.73,45.6
2026-07-20,Cauliflower,Zone B,35.73,95.6
2026-07-20,Chilli,Zone A,62.12,44.1
2026-07-20,Chilli,Zone B,66.98,75.4
2026-07-20,Grapes,Zone A,133.54,81.0
2026-07-20,Grapes,Zone B,129.52,70.2
2026-07-20,Apple,Zone A,149.48,92.7
2026-07-20,Apple,Zone B,140.33,35.8
2026-07-20,Banana,Zone A,45.01,32.3
2026-07-20,Banana,Zone B,46.56,34.1
2026-07-20,Strawberry,Zone A,234.83,34.9
2026-07-20,Strawberry,Zone B,237.17,88.5
2026-07-21,Tomato,Zone A,25.81,77.5
2026-07-21,Tomato,Zone B,27.11,48.2
2026-07-21,Onion,Zone A,47.37,37.1
2026-07-21,Onion,Zone B,45.78,33.5
2026-07-21,Potato,Zone A,32.64,55.4
2026-07-21,Potato,Zone B,32.46,35.2
2026-07-21,Garlic,Zone A,161.74,20.1
2026-07-21,Garlic,Zone B,158.61,57.9
2026-07-21,Ginger,Zone A,119.64,86.5
2026-07-21,Ginger,Zone B,118.6,38.0
2026-07-21,Capsicum,Zone A,47.53,60.6
2026-07-21,Capsicum,Zone B,49.62,57.6
2026-07-21,Cauliflower,Zone A,33.79,98.1
2026-07-21,Cauliflower,Zone B,33.78,35.0
2026-07-21,Chilli,Zone A,71.54,29.7
2026-07-21,Chilli,Zone B,69.96,32.7
2026-07-21,Grapes,Zone A,143.9,27.9
2026-07-21,Grapes,Zone B,145.18,32.5
2026-07-21,Apple,Zone A,145.66,96.2
2026-07-21,Apple,Zone B,149.53,37.8
2026-07-21,Banana,Zone A,47.75,70.6
2026-07-21,Banana,Zone B,45.89,27.2
2026-07-21,Strawberry,Zone A,241.09,87.3
2026-07-21,Strawberry,Zone B,236.68,76.6
2026-07-22,Tomato,Zone A,24.74,82.3
2026-07-22,Tomato,Zone B,24.01,45.9
2026-07-22,Onion,Zone A,44.78,36.8
2026-07-22,Onion,Zone B,47.88,37.3
2026-07-22,Potato,Zone A,31.31,96.2
2026-07-22,Potato,Zone B,33.29,60.7
2026-07-22,Garlic,Zone A,165.46,43.4
2026-07-22,Garlic,Zone B,168.6,47.7
2026-07-22,Ginger,Zone A,124.8,65.3
2026-07-22,Ginger,Zone B,123.44,73.2
2026-07-22,Capsicum,Zone A,52.97,34.3
2026-07-22,Capsicum,Zone B,53.37,52.4
2026-07-22,Cauliflower,Zone A,37.71,69.4
2026-07-22,Cauliflower,Zone B,38.21,36.9
2026-07-22,Chilli,Zone A,72.72,39.4
2026-07-22,Chilli,Zone B,72.71,83.2
2026-07-22,Grapes,Zone A,140.31,25.3
2026-07-22,Grapes,Zone B,138.65,62.5
2026-07-22,Apple,Zone A,148.73,59.3
2026-07-22,Apple,Zone B,141.94,38.9
2026-07-22,Banana,Zone A,44.27,88.5
2026-07-22,Banana,Zone B,46.55,81.8
2026-07-22,Strawberry,Zone A,227.27,21.1
2026-07-22,Strawberry,Zone B,233.47,37.6
2026-07-23,Tomato,Zone A,24.35,24.6
2026-07-23,Tomato,Zone B,25.1,73.1
2026-07-23,Onion,Zone A,44.93,57.9
2026-07-23,Onion,Zone B,43.31,25.1
2026-07-23,Potato,Zone A,33.16,23.6
2026-07-23,Potato,Zone B,31.93,65.5
2026-07-23,Garlic,Zone A,170.55,72.8
2026-07-23,Garlic,Zone B,163.05,54.2
2026-07-23,Ginger,Zone A,112.48,65.3
2026-07-23,Ginger,Zone B,120.36,47.4
2026-07-23,Capsicum,Zone A,47.52,94.7
2026-07-23,Capsicum,Zone B,47.81,77.7
2026-07-23,Cauliflower,Zone A,37.18,45.7
2026-07-23,Cauliflower,Zone B,38.2,48.6
2026-07-23,Chilli,Zone A,65.16,20.0
2026-07-23,Chilli,Zone B,63.39,40.3
2026-07-23,Grapes,Zone A,132.34,21.2
2026-07-23,Grapes,Zone B,137.4,72.2
2026-07-23,Apple,Zone A,146.58,27.2
2026-07-23,Apple,Zone B,141.72,95.3
2026-07-23,Banana,Zone A,46.24,54.4
2026-07-23,Banana,Zone B,46.94,52.3
2026-07-23,Strawberry,Zone A,228.82,52.5
2026-07-23,Strawberry,Zone B,227.35,61.9
2026-07-24,Tomato,Zone A,23.22,59.2
2026-07-24,Tomato,Zone B,23.83,26.4
2026-07-24,Onion,Zone A,46.44,30.5
2026-07-24,Onion,Zone B,46.01,74.0
2026-07-24,Potato,Zone A,29.95,75.6
2026-07-24,Potato,Zone B,29.96,62.8
2026-07-24,Garlic,Zone A,160.17,48.2
2026-07-24,Garlic,Zone B,163.95,94.9
2026-07-24,Ginger,Zone A,122.21,92.0
2026-07-24,Ginger,Zone B,122.34,44.7
2026-07-24,Capsicum,Zone A,45.39,81.6
2026-07-24,Capsicum,Zone B,46.28,35.1
2026-07-24,Cauliflower,Zone A,40.78,82.9
2026-07-24,Cauliflower,Zone B,40.66,34.5
2026-07-24,Chilli,Zone A,62.27,29.7
2026-07-24,Chilli,Zone B,62.39,87.4
2026-07-24,Grapes,Zone A,143.38,50.3
2026-07-24,Grapes,Zone B,149.2,65.0
2026-07-24,Apple,Zone A,154.38,58.4
2026-07-24,Apple,Zone B,151.86,20.1
2026-07-24,Banana,Zone A,44.86,51.7
2026-07-24,Banana,Zone B,43.96,73.2
2026-07-24,Strawberry,Zone A,220.9,65.8
2026-07-24,Strawberry,Zone B,224.33,93.9
2026-07-25,Tomato,Zone A,25.67,85.3
2026-07-25,Tomato,Zone B,26.3,47.8
2026-07-25,Onion,Zone A,44.15,88.6
2026-07-25,Onion,Zone B,44.14,52.5
2026-07-25,Potato,Zone A,31.0,57.6
2026-07-25,Potato,Zone B,29.39,79.1
2026-07-25,Garlic,Zone A,168.47,69.3
2026-07-25,Garlic,Zone B,173.81,55.3
2026-07-25,Ginger,Zone A,106.62,72.0
2026-07-25,Ginger,Zone B,102.42,75.7
2026-07-25,Capsicum,Zone A,46.66,75.6
2026-07-25,Capsicum,Zone B,48.14,77.5
2026-07-25,Cauliflower,Zone A,35.15,32.9
2026-07-25,Cauliflower,Zone B,34.61,53.1
2026-07-25,Chilli,Zone A,64.47,99.0
2026-07-25,Chilli,Zone B,67.37,69.1
2026-07-25,Grapes,Zone A,148.07,64.8
2026-07-25,Grapes,Zone B,147.48,46.8
2026-07-25,Apple,Zone A,153.42,53.1
2026-07-25,Apple,Zone B,147.63,43.9
2026-07-25,Banana,Zone A,43.39,92.1
2026-07-25,Banana,Zone B,45.74,79.6
2026-07-25,Strawberry,Zone A,213.83,25.8
2026-07-25,Strawberry,Zone B,224.99,69.0
2026-07-26,Tomato,Zone A,25.42,67.1
2026-07-26,Tomato,Zone B,25.08,39.4
2026-07-26,Onion,Zone A,47.24,42.1
2026-07-26,Onion,Zone B,45.75,38.1
2026-07-26,Potato,Zone A,34.15,41.1
2026-07-26,Potato,Zone B,33.22,74.1
2026-07-26,Garlic,Zone A,163.32,31.7
2026-07-26,Garlic,Zone B,156.64,46.3
2026-07-26,Ginger,Zone A,112.0,58.2
2026-07-26,Ginger,Zone B,114.93,99.1
2026-07-26,Capsicum,Zone A,51.49,81.6
2026-07-26,Capsicum,Zone B,51.44,88.7
2026-07-26,Cauliflower,Zone A,35.39,28.3
2026-07-26,Cauliflower,Zone B,34.7,91.5
2026-07-26,Chilli,Zone A,67.47,75.3
2026-07-26,Chilli,Zone B,67.39,58.3
2026-07-26,Grapes,Zone A,125.69,91.9
2026-07-26,Grapes,Zone B,127.64,35.4
2026-07-26,Apple,Zone A,155.41,49.6
2026-07-26,Apple,Zone B,151.62,66.8
2026-07-26,Banana,Zone A,45.22,39.6
2026-07-26,Banana,Zone B,44.91,42.3
2026-07-26,Strawberry,Zone A,219.1,94.3
2026-07-26,Strawberry,Zone B,216.32,68.9
2026-07-27,Tomato,Zone A,25.92,31.3
2026-07-27,Tomato,Zone B,25.75,48.5
2026-07-27,Onion,Zone A,42.03,78.7
2026-07-27,Onion,Zone B,43.23,88.7
2026-07-27,Potato,Zone A,33.15,67.6
2026-07-27,Potato,Zone B,32.25,66.6
2026-07-27,Garlic,Zone A,166.45,97.1
2026-07-27,Garlic,Zone B,162.77,54.4
2026-07-27,Ginger,Zone A,122.0,68.8
2026-07-27,Ginger,Zone B,122.21,40.9
2026-07-27,Capsicum,Zone A,48.1,40.7
2026-07-27,Capsicum,Zone B,48.21,51.0
2026-07-27,Cauliflower,Zone A,34.23,63.4
2026-07-27,Cauliflower,Zone B,34.65,90.8
2026-07-27,Chilli,Zone A,64.83,86.3
2026-07-27,Chilli,Zone B,64.69,73.7
2026-07-27,Grapes,Zone A,133.19,35.6
2026-07-27,Grapes,Zone B,129.05,34.6
2026-07-27,Apple,Zone A,150.45,21.5
2026-07-27,Apple,Zone B,145.41,56.1
2026-07-27,Banana,Zone A,45.37,75.5
2026-07-27,Banana,Zone B,46.45,51.7
2026-07-27,Strawberry,Zone A,242.84,22.6
2026-07-27,Strawberry,Zone B,242.09,99.1
2026-07-28,Tomato,Zone A,26.04,91.8
2026-07-28,Tomato,Zone B,25.75,42.4
2026-07-28,Onion,Zone A,47.83,32.2
2026-07-28,Onion,Zone B,47.26,27.2
2026-07-28,Potato,Zone A,32.03,91.1
2026-07-28,Potato,Zone B,30.95,41.1
2026-07-28,Garlic,Zone A,165.24,87.3
2026-07-28,Garlic,Zone B,161.97,38.3
2026-07-28,Ginger,Zone A,120.95,95.8
2026-07-28,Ginger,Zone B,114.62,85.2
2026-07-28,Capsicum,Zone A,49.98,51.3
2026-07-28,Capsicum,Zone B,49.58,80.1
2026-07-28,Cauliflower,Zone A,39.67,80.7
2026-07-28,Cauliflower,Zone B,37.94,30.7
2026-07-28,Chilli,Zone A,74.92,38.7
2026-07-28,Chilli,Zone B,72.03,30.8
2026-07-28,Grapes,Zone A,140.65,37.2
2026-07-28,Grapes,Zone B,139.42,38.4
2026-07-28,Apple,Zone A,142.92,57.5
2026-07-28,Apple,Zone B,140.75,75.4
2026-07-28,Banana,Zone A,45.5,56.5
2026-07-28,Banana,Zone B,47.35,20.9
2026-07-28,Strawberry,Zone A,231.0,58.3
2026-07-28,Strawberry,Zone B,239.9,80.1
2026-07-29,Tomato,Zone A,25.03,24.5
2026-07-29,Tomato,Zone B,23.83,49.6
2026-07-29,Onion,Zone A,44.52,33.8
2026-07-29,Onion,Zone B,42.08,66.5
2026-07-29,Potato,Zone A,33.42,33.7
2026-07-29,Potato,Zone B,31.37,41.7
2026-07-29,Garlic,Zone A,170.59,23.7
2026-07-29,Garlic,Zone B,167.22,56.7
2026-07-29,Ginger,Zone A,123.43,84.8
2026-07-29,Ginger,Zone B,123.4,93.4
2026-07-29,Capsicum,Zone A,45.96,33.0
2026-07-29,Capsicum,Zone B,44.89,83.8
2026-07-29,Cauliflower,Zone A,37.36,24.7
2026-07-29,Cauliflower,Zone B,37.17,77.8
2026-07-29,Chilli,Zone A,71.92,90.6
2026-07-29,Chilli,Zone B,73.11,82.1
2026-07-29,Grapes,Zone A,133.03,71.4
2026-07-29,Grapes,Zone B,130.7,45.7
2026-07-29,Apple,Zone A,141.79,82.9
2026-07-29,Apple,Zone B,147.59,89.0
2026-07-29,Banana,Zone A,45.23,48.8
2026-07-29,Banana,Zone B,47.07,62.9
2026-07-29,Strawberry,Zone A,233.49,74.2
2026-07-29,Strawberry,Zone B,242.61,47.2
2026-07-30,Tomato,Zone A,25.57,32.4
2026-07-30,Tomato,Zone B,26.7,84.2
2026-07-30,Onion,Zone A,46.07,50.8
2026-07-30,Onion,Zone B,46.32,42.5
2026-07-30,Potato,Zone A,30.04,79.2
2026-07-30,Potato,Zone B,31.1,58.8
2026-07-30,Garlic,Zone A,161.4,81.6
2026-07-30,Garlic,Zone B,156.54,34.9
2026-07-30,Ginger,Zone A,102.33,23.8
2026-07-30,Ginger,Zone B,106.1,97.3
2026-07-30,Capsicum,Zone A,47.07,98.6
2026-07-30,Capsicum,Zone B,46.53,84.6
2026-07-30,Cauliflower,Zone A,37.55,93.3
2026-07-30,Cauliflower,Zone B,40.44,25.9
2026-07-30,Chilli,Zone A,74.77,58.8
2026-07-30,Chilli,Zone B,73.78,83.8
2026-07-30,Grapes,Zone A,148.17,48.2
2026-07-30,Grapes,Zone B,148.05,69.6
2026-07-30,Apple,Zone A,144.58,67.9
2026-07-30,Apple,Zone B,149.03,91.8
2026-07-30,Banana,Zone A,41.87,34.0
2026-07-30,Banana,Zone B,44.64,95.6
2026-07-30,Strawberry,Zone A,229.26,64.6
2026-07-30,Strawberry,Zone B,227.99,21.7
2026-07-31,Tomato,Zone A,25.69,29.0
2026-07-31,Tomato,Zone B,25.74,74.3
2026-07-31,Onion,Zone A,44.96,90.3
2026-07-31,Onion,Zone B,45.4,96.6
2026-07-31,Potato,Zone A,33.93,20.1
2026-07-31,Potato,Zone B,33.4,35.6
2026-07-31,Garlic,Zone A,164.86,55.4
2026-07-31,Garlic,Zone B,173.05,21.5
2026-07-31,Ginger,Zone A,112.71,60.7
2026-07-31,Ginger,Zone B,113.26,46.4
2026-07-31,Capsicum,Zone A,46.32,33.3
2026-07-31,Capsicum,Zone B,49.56,69.1
2026-07-31,Cauliflower,Zone A,36.79,47.9
2026-07-31,Cauliflower,Zone B,37.09,90.0
2026-07-31,Chilli,Zone A,66.28,59.7
2026-07-31,Chilli,Zone B,65.98,92.3
2026-07-31,Grapes,Zone A,136.7,36.7
2026-07-31,Grapes,Zone B,140.08,67.8
2026-07-31,Apple,Zone A,144.1,34.8
2026-07-31,Apple,Zone B,152.21,57.9
2026-07-31,Banana,Zone A,45.07,48.7
2026-07-31,Banana,Zone B,45.04,53.5
2026-07-31,Strawberry,Zone A,236.01,26.7
2026-07-31,Strawberry,Zone B,244.8,30.7
2026-08-01,Tomato,Zone A,25.77,94.2
2026-08-01,Tomato,Zone B,24.9,42.9
2026-08-01,Onion,Zone A,54.17,96.4
2026-08-01,Onion,Zone B,53.52,37.5
2026-08-01,Potato,Zone A,29.08,80.6
2026-08-01,Potato,Zone B,29.98,52.2
2026-08-01,Garlic,Zone A,197.37,77.6
2026-08-01,Garlic,Zone B,192.47,52.7
2026-08-01,Ginger,Zone A,120.49,73.1
2026-08-01,Ginger,Zone B,122.68,23.4
2026-08-01,Capsicum,Zone A,48.37,40.7
2026-08-01,Capsicum,Zone B,49.07,71.7
2026-08-01,Cauliflower,Zone A,36.59,36.4
2026-08-01,Cauliflower,Zone B,36.62,72.4
2026-08-01,Chilli,Zone A,68.98,41.8
2026-08-01,Chilli,Zone B,71.81,88.1
2026-08-01,Grapes,Zone A,138.1,85.5
2026-08-01,Grapes,Zone B,137.27,88.0
2026-08-01,Apple,Zone A,117.64,82.6
2026-08-01,Apple,Zone B,113.45,43.7
2026-08-01,Banana,Zone A,47.14,76.9
2026-08-01,Banana,Zone B,45.87,89.6
2026-08-01,Strawberry,Zone A,227.21,99.3
2026-08-01,Strawberry,Zone B,222.9,20.7
2026-08-02,Tomato,Zone A,25.24,46.1
2026-08-02,Tomato,Zone B,26.17,24.7
2026-08-02,Onion,Zone A,53.69,30.7
2026-08-02,Onion,Zone B,56.0,20.1
2026-08-02,Potato,Zone A,31.88,94.2
2026-08-02,Potato,Zone B,33.81,59.8
2026-08-02,Garlic,Zone A,204.11,86.6
2026-08-02,Garlic,Zone B,204.76,82.1
2026-08-02,Ginger,Zone A,122.11,42.5
2026-08-02,Ginger,Zone B,124.35,79.9
2026-08-02,Capsicum,Zone A,50.61,54.8
2026-08-02,Capsicum,Zone B,50.65,43.7
2026-08-02,Cauliflower,Zone A,35.9,77.2
2026-08-02,Cauliflower,Zone B,35.4,31.6
2026-08-02,Chilli,Zone A,62.45,44.5
2026-08-02,Chilli,Zone B,61.84,42.7
2026-08-02,Grapes,Zone A,140.32,83.7
2026-08-02,Grapes,Zone B,135.62,78.6
2026-08-02,Apple,Zone A,138.05,65.5
2026-08-02,Apple,Zone B,137.46,89.3
2026-08-02,Banana,Zone A,44.41,55.7
2026-08-02,Banana,Zone B,44.28,52.5
2026-08-02,Strawberry,Zone A,237.67,42.2
2026-08-02,Strawberry,Zone B,232.43,27.7
2026-08-03,Tomato,Zone A,24.02,28.9
2026-08-03,Tomato,Zone B,23.74,24.6
2026-08-03,Onion,Zone A,59.26,21.7
2026-08-03,Onion,Zone B,60.52,33.4
2026-08-03,Potato,Zone A,27.62,94.9
2026-08-03,Potato,Zone B,29.33,63.1
2026-08-03,Garlic,Zone A,188.61,89.8
2026-08-03,Garlic,Zone B,182.64,70.5
2026-08-03,Ginger,Zone A,106.57,39.5
2026-08-03,Ginger,Zone B,109.64,38.8
2026-08-03,Capsicum,Zone A,53.48,64.3
2026-08-03,Capsicum,Zone B,50.28,53.4
2026-08-03,Cauliflower,Zone A,38.33,82.3
2026-08-03,Cauliflower,Zone B,40.2,25.0
2026-08-03,Chilli,Zone A,68.4,54.6
2026-08-03,Chilli,Zone B,69.97,80.5
2026-08-03,Grapes,Zone A,151.25,34.2
2026-08-03,Grapes,Zone B,147.69,91.2
2026-08-03,Apple,Zone A,132.36,91.4
2026-08-03,Apple,Zone B,134.18,90.6
2026-08-03,Banana,Zone A,44.77,52.6
2026-08-03,Banana,Zone B,44.53,60.5
2026-08-03,Strawberry,Zone A,236.91,97.1
2026-08-03,Strawberry,Zone B,237.46,80.0
2026-08-04,Tomato,Zone A,25.4,56.4
2026-08-04,Tomato,Zone B,25.55,64.2
2026-08-04,Onion,Zone A,58.54,97.9
2026-08-04,Onion,Zone B,58.94,73.1
2026-08-04,Potato,Zone A,31.92,38.0
2026-08-04,Potato,Zone B,32.99,27.9
2026-08-04,Garlic,Zone A,201.43,97.7
2026-08-04,Garlic,Zone B,198.87,34.9
2026-08-04,Ginger,Zone A,118.9,25.1
2026-08-04,Ginger,Zone B,116.55,76.7
2026-08-04,Capsicum,Zone A,53.95,21.6
2026-08-04,Capsicum,Zone B,54.0,58.6
2026-08-04,Cauliflower,Zone A,37.26,53.8
2026-08-04,Cauliflower,Zone B,37.19,49.6
2026-08-04,Chilli,Zone A,66.9,91.9
2026-08-04,Chilli,Zone B,69.87,28.0
2026-08-04,Grapes,Zone A,138.26,81.6
2026-08-04,Grapes,Zone B,142.26,57.4
2026-08-04,Apple,Zone A,121.62,56.9
2026-08-04,Apple,Zone B,122.53,28.9
2026-08-04,Banana,Zone A,46.81,88.3
2026-08-04,Banana,Zone B,47.65,63.3
2026-08-04,Strawberry,Zone A,220.56,34.3
2026-08-04,Strawberry,Zone B,220.82,99.3
2026-08-05,Tomato,Zone A,25.55,51.3
2026-08-05,Tomato,Zone B,26.01,96.3
2026-08-05,Onion,Zone A,54.83,33.7
2026-08-05,Onion,Zone B,56.98,66.0
2026-08-05,Potato,Zone A,28.81,36.3
2026-08-05,Potato,Zone B,29.49,67.5
2026-08-05,Garlic,Zone A,206.78,46.1
2026-08-05,Garlic,Zone B,214.26,73.7
2026-08-05,Ginger,Zone A,110.3,55.5
2026-08-05,Ginger,Zone B,112.95,30.9
2026-08-05,Capsicum,Zone A,50.87,41.4
2026-08-05,Capsicum,Zone B,52.79,81.2
2026-08-05,Cauliflower,Zone A,37.24,99.8
2026-08-05,Cauliflower,Zone B,35.68,55.0
2026-08-05,Chilli,Zone A,69.97,65.0
2026-08-05,Chilli,Zone B,70.35,67.6
2026-08-05,Grapes,Zone A,135.17,40.4
2026-08-05,Grapes,Zone B,131.68,69.4
2026-08-05,Apple,Zone A,124.4,26.0
2026-08-05,Apple,Zone B,125.44,84.2
2026-08-05,Banana,Zone A,47.65,29.0
2026-08-05,Banana,Zone B,46.22,43.1
2026-08-05,Strawberry,Zone A,231.43,47.5
2026-08-05,Strawberry,Zone B,221.69,66.5
2026-08-06,Tomato,Zone A,25.41,50.5
2026-08-06,Tomato,Zone B,26.81,62.7
2026-08-06,Onion,Zone A,53.34,83.4
2026-08-06,Onion,Zone B,52.69,71.2
2026-08-06,Potato,Zone A,33.77,46.1
2026-08-06,Potato,Zone B,31.92,86.9
2026-08-06,Garlic,Zone A,209.78,31.2
2026-08-06,Garlic,Zone B,214.86,51.7
2026-08-06,Ginger,Zone A,109.6,24.9
2026-08-06,Ginger,Zone B,111.67,34.3
2026-08-06,Capsicum,Zone A,49.28,61.6
2026-08-06,Capsicum,Zone B,51.36,20.0
2026-08-06,Cauliflower,Zone A,40.0,35.2
2026-08-06,Cauliflower,Zone B,40.29,23.3
2026-08-06,Chilli,Zone A,69.47,63.3
2026-08-06,Chilli,Zone B,67.11,67.6
2026-08-06,Grapes,Zone A,140.57,79.5
2026-08-06,Grapes,Zone B,132.61,47.8
2026-08-06,Apple,Zone A,131.81,32.0
2026-08-06,Apple,Zone B,139.6,83.1
2026-08-06,Banana,Zone A,45.17,37.0
2026-08-06,Banana,Zone B,47.54,77.6
2026-08-06,Strawberry,Zone A,232.54,67.4
2026-08-06,Strawberry,Zone B,241.28,67.7
2026-08-07,Tomato,Zone A,24.59,97.5
2026-08-07,Tomato,Zone B,25.29,43.4
2026-08-07,Onion,Zone A,57.99,35.3
2026-08-07,Onion,Zone B,56.49,63.3
2026-08-07,Potato,Zone A,34.27,54.6
2026-08-07,Potato,Zone B,33.16,60.2
2026-08-07,Garlic,Zone A,202.88,21.6
2026-08-07,Garlic,Zone B,193.27,57.8
2026-08-07,Ginger,Zone A,112.23,22.8
2026-08-07,Ginger,Zone B,107.52,80.0
2026-08-07,Capsicum,Zone A,50.96,29.8
2026-08-07,Capsicum,Zone B,48.36,93.5
2026-08-07,Cauliflower,Zone A,37.68,30.5
2026-08-07,Cauliflower,Zone B,36.6,23.5
2026-08-07,Chilli,Zone A,69.48,96.4
2026-08-07,Chilli,Zone B,68.9,94.3
2026-08-07,Grapes,Zone A,143.05,44.1
2026-08-07,Grapes,Zone B,139.17,31.3
2026-08-07,Apple,Zone A,126.02,92.8
2026-08-07,Apple,Zone B,131.17,54.9
2026-08-07,Banana,Zone A,44.24,54.0
2026-08-07,Banana,Zone B,43.74,95.1
2026-08-07,Strawberry,Zone A,215.37,46.5
2026-08-07,Strawberry,Zone B,208.65,70.8
2026-08-08,Tomato,Zone A,25.52,22.4
2026-08-08,Tomato,Zone B,25.64,58.4
2026-08-08,Onion,Zone A,55.43,74.8
2026-08-08,Onion,Zone B,54.48,67.8
2026-08-08,Potato,Zone A,31.31,27.7
2026-08-08,Potato,Zone B,32.58,38.5
2026-08-08,Garlic,Zone A,183.65,86.4
2026-08-08,Garlic,Zone B,198.39,43.0
2026-08-08,Ginger,Zone A,113.99,33.3
2026-08-08,Ginger,Zone B,119.68,92.0
2026-08-08,Capsicum,Zone A,47.35,51.6
2026-08-08,Capsicum,Zone B,47.04,95.7
2026-08-08,Cauliflower,Zone A,38.7,77.4
2026-08-08,Cauliflower,Zone B,39.99,93.9
2026-08-08,Chilli,Zone A,71.04,57.1
2026-08-08,Chilli,Zone B,68.36,81.8
2026-08-08,Grapes,Zone A,138.8,39.7
2026-08-08,Grapes,Zone B,136.6,45.7
2026-08-08,Apple,Zone A,128.24,33.7
2026-08-08,Apple,Zone B,128.55,44.4
2026-08-08,Banana,Zone A,45.25,77.0
2026-08-08,Banana,Zone B,45.13,52.5
2026-08-08,Strawberry,Zone A,238.85,49.5
2026-08-08,Strawberry,Zone B,234.13,25.3
2026-08-09,Tomato,Zone A,23.47,88.1
2026-08-09,Tomato,Zone B,23.46,44.7
2026-08-09,Onion,Zone A,52.37,44.6
2026-08-09,Onion,Zone B,52.47,81.2
2026-08-09,Potato,Zone A,31.58,31.3
2026-08-09,Potato,Zone B,31.79,62.3
2026-08-09,Garlic,Zone A,211.65,29.0
2026-08-09,Garlic,Zone B,212.6,56.9
2026-08-09,Ginger,Zone A,108.16,84.5
2026-08-09,Ginger,Zone B,110.54,36.0
2026-08-09,Capsicum,Zone A,49.87,36.3
2026-08-09,Capsicum,Zone B,47.67,59.1
2026-08-09,Cauliflower,Zone A,36.87,30.0
2026-08-09,Cauliflower,Zone B,36.85,26.7
2026-08-09,Chilli,Zone A,73.0,39.2
2026-08-09,Chilli,Zone B,72.74,93.5
2026-08-09,Grapes,Zone A,147.21,23.0
2026-08-09,Grapes,Zone B,147.77,62.8
2026-08-09,Apple,Zone A,120.29,25.5
2026-08-09,Apple,Zone B,119.18,58.4
2026-08-09,Banana,Zone A,43.13,86.2
2026-08-09,Banana,Zone B,44.65,45.3
2026-08-09,Strawberry,Zone A,203.92,55.6
2026-08-09,Strawberry,Zone B,206.0,46.1
2026-08-10,Tomato,Zone A,26.52,78.3
2026-08-10,Tomato,Zone B,25.61,84.5
2026-08-10,Onion,Zone A,54.56,65.2
2026-08-10,Onion,Zone B,54.59,54.0
2026-08-10,Potato,Zone A,30.62,89.5
2026-08-10,Potato,Zone B,31.13,78.8
2026-08-10,Garlic,Zone A,196.25,33.0
2026-08-10,Garlic,Zone B,203.07,67.1
2026-08-10,Ginger,Zone A,103.09,36.8
2026-08-10,Ginger,Zone B,103.81,67.0
2026-08-10,Capsicum,Zone A,52.18,70.3
2026-08-10,Capsicum,Zone B,50.32,97.7
2026-08-10,Cauliflower,Zone A,36.87,66.0
2026-08-10,Cauliflower,Zone B,37.4,75.2
2026-08-10,Chilli,Zone A,64.65,64.3
2026-08-10,Chilli,Zone B,64.38,66.2
2026-08-10,Grapes,Zone A,135.25,94.5
2026-08-10,Grapes,Zone B,140.5,33.1
2026-08-10,Apple,Zone A,128.76,52.8
2026-08-10,Apple,Zone B,128.57,92.4
2026-08-10,Banana,Zone A,42.8,42.2
2026-08-10,Banana,Zone B,45.04,82.1
2026-08-10,Strawberry,Zone A,222.08,92.1
2026-08-10,Strawberry,Zone B,220.67,77.9
2026-08-11,Tomato,Zone A,25.21,64.9
2026-08-11,Tomato,Zone B,26.1,85.9
2026-08-11,Onion,Zone A,58.94,76.8
2026-08-11,Onion,Zone B,59.03,61.6
2026-08-11,Potato,Zone A,34.13,87.4
2026-08-11,Potato,Zone B,32.28,31.5
2026-08-11,Garlic,Zone A,199.44,78.5
2026-08-11,Garlic,Zone B,199.85,91.8
2026-08-11,Ginger,Zone A,121.94,85.6
2026-08-11,Ginger,Zone B,116.82,63.2
2026-08-11,Capsicum,Zone A,52.78,56.1
2026-08-11,Capsicum,Zone B,49.4,21.2
2026-08-11,Cauliflower,Zone A,36.7,43.9
2026-08-11,Cauliflower,Zone B,37.83,94.0
2026-08-11,Chilli,Zone A,73.84,83.6
2026-08-11,Chilli,Zone B,70.47,59.7
2026-08-11,Grapes,Zone A,145.99,51.3
2026-08-11,Grapes,Zone B,146.0,26.6
2026-08-11,Apple,Zone A,130.26,36.8
2026-08-11,Apple,Zone B,128.87,80.2
2026-08-11,Banana,Zone A,45.13,26.6
2026-08-11,Banana,Zone B,45.62,98.9
2026-08-11,Strawberry,Zone A,225.4,42.0
2026-08-11,Strawberry,Zone B,232.19,66.1
2026-08-12,Tomato,Zone A,25.54,83.6
2026-08-12,Tomato,Zone B,26.88,89.3
2026-08-12,Onion,Zone A,59.69,87.7
2026-08-12,Onion,Zone B,60.93,55.6
2026-08-12,Potato,Zone A,31.31,31.8
2026-08-12,Potato,Zone B,32.55,94.0
2026-08-12,Garlic,Zone A,198.2,83.1
2026-08-12,Garlic,Zone B,196.07,86.3
2026-08-12,Ginger,Zone A,109.18,80.1
2026-08-12,Ginger,Zone B,111.36,57.2
2026-08-12,Capsicum,Zone A,53.11,73.5
2026-08-12,Capsicum,Zone B,50.72,73.9
2026-08-12,Cauliflower,Zone A,35.3,29.7
2026-08-12,Cauliflower,Zone B,33.9,66.8
2026-08-12,Chilli,Zone A,65.69,62.6
2026-08-12,Chilli,Zone B,65.15,98.8
2026-08-12,Grapes,Zone A,134.82,45.2
2026-08-12,Grapes,Zone B,129.22,77.9
2026-08-12,Apple,Zone A,109.45,62.5
2026-08-12,Apple,Zone B,116.41,83.8
2026-08-12,Banana,Zone A,47.41,23.4
2026-08-12,Banana,Zone B,45.96,90.3
2026-08-12,Strawberry,Zone A,221.52,36.5
2026-08-12,Strawberry,Zone B,210.28,47.5
2026-08-13,Tomato,Zone A,26.38,59.7
2026-08-13,Tomato,Zone B,25.54,52.2
2026-08-13,Onion,Zone A,57.96,75.2
2026-08-13,Onion,Zone B,60.03,68.0
2026-08-13,Potato,Zone A,30.86,39.4
2026-08-13,Potato,Zone B,31.89,76.3
2026-08-13,Garlic,Zone A,204.78,98.0
2026-08-13,Garlic,Zone B,211.83,87.3
2026-08-13,Ginger,Zone A,110.06,96.5
2026-08-13,Ginger,Zone B,110.8,39.7
2026-08-13,Capsicum,Zone A,52.68,85.6
2026-08-13,Capsicum,Zone B,50.14,59.0
2026-08-13,Cauliflower,Zone A,35.18,90.2
2026-08-13,Cauliflower,Zone B,34.48,43.2
2026-08-13,Chilli,Zone A,68.54,23.4
2026-08-13,Chilli,Zone B,65.59,60.6
2026-08-13,Grapes,Zone A,131.63,56.6
2026-08-13,Grapes,Zone B,135.52,63.6
2026-08-13,Apple,Zone A,124.58,50.3
2026-08-13,Apple,Zone B,117.16,93.1
2026-08-13,Banana,Zone A,44.15,50.2
2026-08-13,Banana,Zone B,43.21,25.5
2026-08-13,Strawberry,Zone A,230.74,22.8
2026-08-13,Strawberry,Zone B,225.03,99.9
2026-08-14,Tomato,Zone A,25.74,70.8
2026-08-14,Tomato,Zone B,24.26,62.8
2026-08-14,Onion,Zone A,61.09,52.8
2026-08-14,Onion,Zone B,58.0,98.0
2026-08-14,Potato,Zone A,32.32,73.5
2026-08-14,Potato,Zone B,33.69,30.8
2026-08-14,Garlic,Zone A,206.89,31.4
2026-08-14,Garlic,Zone B,213.98,53.8
2026-08-14,Ginger,Zone A,120.39,28.2
2026-08-14,Ginger,Zone B,121.59,74.1
2026-08-14,Capsicum,Zone A,49.74,66.3
2026-08-14,Capsicum,Zone B,49.99,83.5
2026-08-14,Cauliflower,Zone A,40.3,66.0
2026-08-14,Cauliflower,Zone B,38.6,59.6
2026-08-14,Chilli,Zone A,67.47,93.4
2026-08-14,Chilli,Zone B,68.02,70.1
2026-08-14,Grapes,Zone A,136.1,33.9
2026-08-14,Grapes,Zone B,141.79,81.1
2026-08-14,Apple,Zone A,119.84,56.3
2026-08-14,Apple,Zone B,116.57,45.6
2026-08-14,Banana,Zone A,45.61,76.6
2026-08-14,Banana,Zone B,48.32,81.4
2026-08-14,Strawberry,Zone A,233.47,30.9
2026-08-14,Strawberry,Zone B,226.19,56.3
2026-08-15,Tomato,Zone A,25.54,97.4
2026-08-15,Tomato,Zone B,27.2,96.8
2026-08-15,Onion,Zone A,62.02,80.6
2026-08-15,Onion,Zone B,62.26,85.7
2026-08-15,Potato,Zone A,33.32,22.8
2026-08-15,Potato,Zone B,32.12,36.7
2026-08-15,Garlic,Zone A,200.49,25.2
2026-08-15,Garlic,Zone B,200.02,63.9
2026-08-15,Ginger,Zone A,113.68,96.9
2026-08-15,Ginger,Zone B,109.0,38.7
2026-08-15,Capsicum,Zone A,50.27,56.0
2026-08-15,Capsicum,Zone B,50.54,27.5
2026-08-15,Cauliflower,Zone A,39.13,69.8
2026-08-15,Cauliflower,Zone B,37.6,96.1
2026-08-15,Chilli,Zone A,67.08,89.9
2026-08-15,Chilli,Zone B,67.83,34.9
2026-08-15,Grapes,Zone A,125.52,41.2
2026-08-15,Grapes,Zone B,125.86,23.2
2026-08-15,Apple,Zone A,119.86,33.6
2026-08-15,Apple,Zone B,121.9,91.6
2026-08-15,Banana,Zone A,46.32,48.5
2026-08-15,Banana,Zone B,45.36,20.6
2026-08-15,Strawberry,Zone A,226.16,24.5
2026-08-15,Strawberry,Zone B,237.85,75.2
2026-08-16,Tomato,Zone A,25.87,65.2
2026-08-16,Tomato,Zone B,25.64,49.7
2026-08-16,Onion,Zone A,60.38,71.5
2026-08-16,Onion,Zone B,56.71,58.6
2026-08-16,Potato,Zone A,30.81,70.7
2026-08-16,Potato,Zone B,30.93,80.1
2026-08-16,Garlic,Zone A,200.85,67.0
2026-08-16,Garlic,Zone B,205.2,58.0
2026-08-16,Ginger,Zone A,121.42,89.2
2026-08-16,Ginger,Zone B,117.59,36.4
2026-08-16,Capsicum,Zone A,45.82,59.7
2026-08-16,Capsicum,Zone B,46.66,31.5
2026-08-16,Cauliflower,Zone A,35.56,91.2
2026-08-16,Cauliflower,Zone B,36.66,37.1
2026-08-16,Chilli,Zone A,65.73,86.3
2026-08-16,Chilli,Zone B,65.43,35.4
2026-08-16,Grapes,Zone A,134.18,75.0
2026-08-16,Grapes,Zone B,131.84,58.0
2026-08-16,Apple,Zone A,114.93,75.6
2026-08-16,Apple,Zone B,112.8,94.7
2026-08-16,Banana,Zone A,41.82,67.6
2026-08-16,Banana,Zone B,44.4,38.9
2026-08-16,Strawberry,Zone A,237.51,30.8
2026-08-16,Strawberry,Zone B,240.52,35.7
2026-08-17,Tomato,Zone A,27.01,20.8
2026-08-17,Tomato,Zone B,26.76,68.4
2026-08-17,Onion,Zone A,50.34,39.5
2026-08-17,Onion,Zone B,51.33,83.8
2026-08-17,Potato,Zone A,32.31,56.9
2026-08-17,Potato,Zone B,33.89,27.2
2026-08-17,Garlic,Zone A,200.34,56.1
2026-08-17,Garlic,Zone B,202.43,28.7
2026-08-17,Ginger,Zone A,112.15,23.3
2026-08-17,Ginger,Zone B,113.31,90.8
2026-08-17,Capsicum,Zone A,51.22,34.9
2026-08-17,Capsicum,Zone B,49.29,85.9
2026-08-17,Cauliflower,Zone A,37.63,81.9
2026-08-17,Cauliflower,Zone B,37.11,83.4
2026-08-17,Chilli,Zone A,71.93,33.4
2026-08-17,Chilli,Zone B,76.06,97.2
2026-08-17,Grapes,Zone A,131.52,40.5
2026-08-17,Grapes,Zone B,134.13,24.3
2026-08-17,Apple,Zone A,138.01,80.8
2026-08-17,Apple,Zone B,132.29,82.9
2026-08-17,Banana,Zone A,45.63,31.5
2026-08-17,Banana,Zone B,47.36,21.2
2026-08-17,Strawberry,Zone A,214.32,67.0
2026-08-17,Strawberry,Zone B,223.8,31.4
2026-08-18,Tomato,Zone A,26.84,78.4
2026-08-18,Tomato,Zone B,26.1,44.4
2026-08-18,Onion,Zone A,60.57,58.0
2026-08-18,Onion,Zone B,57.65,69.4
2026-08-18,Potato,Zone A,29.03,71.3
2026-08-18,Potato,Zone B,29.44,27.5
2026-08-18,Garlic,Zone A,213.03,26.3
2026-08-18,Garlic,Zone B,212.95,85.5
2026-08-18,Ginger,Zone A,112.03,97.7
2026-08-18,Ginger,Zone B,113.05,95.8
2026-08-18,Capsicum,Zone A,52.02,63.2
2026-08-18,Capsicum,Zone B,50.98,23.0
2026-08-18,Cauliflower,Zone A,35.35,28.8
2026-08-18,Cauliflower,Zone B,36.41,63.0
2026-08-18,Chilli,Zone A,70.99,84.4
2026-08-18,Chilli,Zone B,73.63,52.4
2026-08-18,Grapes,Zone A,140.71,68.5
2026-08-18,Grapes,Zone B,143.57,53.1
2026-08-18,Apple,Zone A,122.57,90.3
2026-08-18,Apple,Zone B,128.02,74.0
2026-08-18,Banana,Zone A,43.19,99.9
2026-08-18,Banana,Zone B,44.73,60.0
2026-08-18,Strawberry,Zone A,215.93,21.9
2026-08-18,Strawberry,Zone B,221.01,55.1
2026-08-19,Tomato,Zone A,26.61,98.1
2026-08-19,Tomato,Zone B,24.83,22.6
2026-08-19,Onion,Zone A,55.88,30.5
2026-08-19,Onion,Zone B,54.1,23.5
2026-08-19,Potato,Zone A,31.35,81.1
2026-08-19,Potato,Zone B,31.83,81.5
2026-08-19,Garlic,Zone A,209.04,68.6
2026-08-19,Garlic,Zone B,218.1,30.2
2026-08-19,Ginger,Zone A,105.56,38.4
2026-08-19,Ginger,Zone B,107.4,60.8
2026-08-19,Capsicum,Zone A,49.88,23.1
2026-08-19,Capsicum,Zone B,46.84,37.9
2026-08-19,Cauliflower,Zone A,40.0,41.9
2026-08-19,Cauliflower,Zone B,39.29,77.2
2026-08-19,Chilli,Zone A,61.16,33.3
2026-08-19,Chilli,Zone B,64.59,59.3
2026-08-19,Grapes,Zone A,143.01,21.2
2026-08-19,Grapes,Zone B,151.89,20.1
2026-08-19,Apple,Zone A,114.54,24.9
2026-08-19,Apple,Zone B,112.67,61.5
2026-08-19,Banana,Zone A,43.14,77.1
2026-08-19,Banana,Zone B,43.53,39.1
2026-08-19,Strawberry,Zone A,202.65,61.3
2026-08-19,Strawberry,Zone B,212.22,82.3
2026-08-20,Tomato,Zone A,26.18,29.5
2026-08-20,Tomato,Zone B,27.64,21.9
2026-08-20,Onion,Zone A,62.04,50.8
2026-08-20,Onion,Zone B,61.57,70.2
2026-08-20,Potato,Zone A,31.9,59.6
2026-08-20,Potato,Zone B,33.99,79.4
2026-08-20,Garlic,Zone A,203.14,81.9
2026-08-20,Garlic,Zone B,206.3,79.2
2026-08-20,Ginger,Zone A,113.59,63.3
2026-08-20,Ginger,Zone B,116.76,44.0
2026-08-20,Capsicum,Zone A,55.86,95.4
2026-08-20,Capsicum,Zone B,55.49,63.8
2026-08-20,Cauliflower,Zone A,36.66,39.6
2026-08-20,Cauliflower,Zone B,36.04,93.7
2026-08-20,Chilli,Zone A,74.96,61.2
2026-08-20,Chilli,Zone B,73.29,39.9
2026-08-20,Grapes,Zone A,124.95,86.8
2026-08-20,Grapes,Zone B,133.79,26.6
2026-08-20,Apple,Zone A,118.17,45.5
2026-08-20,Apple,Zone B,116.15,64.4
2026-08-20,Banana,Zone A,43.56,60.1
2026-08-20,Banana,Zone B,45.33,97.0
2026-08-20,Strawberry,Zone A,226.38,35.1
2026-08-20,Strawberry,Zone B,213.93,87.8
2026-08-21,Tomato,Zone A,22.8,45.9
2026-08-21,Tomato,Zone B,22.57,53.0
2026-08-21,Onion,Zone A,51.28,95.5
2026-08-21,Onion,Zone B,52.47,40.0
2026-08-21,Potato,Zone A,32.18,89.1
2026-08-21,Potato,Zone B,31.49,31.9
2026-08-21,Garlic,Zone A,179.16,31.0
2026-08-21,Garlic,Zone B,191.38,77.7
2026-08-21,Ginger,Zone A,120.03,63.1
2026-08-21,Ginger,Zone B,114.22,60.6
2026-08-21,Capsicum,Zone A,54.02,61.1
2026-08-21,Capsicum,Zone B,53.78,81.4
2026-08-21,Cauliflower,Zone A,39.18,91.3
2026-08-21,Cauliflower,Zone B,39.15,62.5
2026-08-21,Chilli,Zone A,66.39,41.0
2026-08-21,Chilli,Zone B,67.79,30.9
2026-08-21,Grapes,Zone A,135.84,71.0
2026-08-21,Grapes,Zone B,128.27,44.9
2026-08-21,Apple,Zone A,130.92,99.7
2026-08-21,Apple,Zone B,128.73,43.6
2026-08-21,Banana,Zone A,42.06,81.7
2026-08-21,Banana,Zone B,45.03,64.1
2026-08-21,Strawberry,Zone A,219.81,74.9
2026-08-21,Strawberry,Zone B,226.63,70.3
2026-08-22,Tomato,Zone A,27.14,47.7
2026-08-22,Tomato,Zone B,25.14,73.2
2026-08-22,Onion,Zone A,57.94,22.5
2026-08-22,Onion,Zone B,59.61,33.8
2026-08-22,Potato,Zone A,28.86,21.9
2026-08-22,Potato,Zone B,28.06,64.9
2026-08-22,Garlic,Zone A,200.05,22.4
2026-08-22,Garlic,Zone B,204.3,79.7
2026-08-22,Ginger,Zone A,110.79,30.2
2026-08-22,Ginger,Zone B,108.67,94.0
2026-08-22,Capsicum,Zone A,48.83,30.0
2026-08-22,Capsicum,Zone B,50.03,41.2
2026-08-22,Cauliflower,Zone A,37.31,59.8
2026-08-22,Cauliflower,Zone B,37.48,80.1
2026-08-22,Chilli,Zone A,67.37,91.3
2026-08-22,Chilli,Zone B,67.89,80.3
2026-08-22,Grapes,Zone A,135.77,97.7
2026-08-22,Grapes,Zone B,131.29,34.2
2026-08-22,Apple,Zone A,115.19,99.0
2026-08-22,Apple,Zone B,119.01,44.0
2026-08-22,Banana,Zone A,44.7,69.8
2026-08-22,Banana,Zone B,45.84,20.5
2026-08-22,Strawberry,Zone A,229.35,70.1
2026-08-22,Strawberry,Zone B,219.66,78.6
2026-08-23,Tomato,Zone A,24.27,38.8
2026-08-23,Tomato,Zone B,25.08,53.7
2026-08-23,Onion,Zone A,55.77,33.5
2026-08-23,Onion,Zone B,58.15,80.5
2026-08-23,Potato,Zone A,31.53,56.7
2026-08-23,Potato,Zone B,33.67,51.5
2026-08-23,Garlic,Zone A,215.74,87.8
2026-08-23,Garlic,Zone B,219.09,51.0
2026-08-23,Ginger,Zone A,111.57,52.0
2026-08-23,Ginger,Zone B,106.77,30.4
2026-08-23,Capsicum,Zone A,55.84,69.7
2026-08-23,Capsicum,Zone B,53.62,99.8
2026-08-23,Cauliflower,Zone A,39.43,88.5
2026-08-23,Cauliflower,Zone B,38.88,69.9
2026-08-23,Chilli,Zone A,70.26,73.0
2026-08-23,Chilli,Zone B,68.88,71.1
2026-08-23,Grapes,Zone A,129.47,98.0
2026-08-23,Grapes,Zone B,130.25,60.8
2026-08-23,Apple,Zone A,123.6,44.1
2026-08-23,Apple,Zone B,120.25,38.8
2026-08-23,Banana,Zone A,47.8,44.6
2026-08-23,Banana,Zone B,45.92,53.5
2026-08-23,Strawberry,Zone A,231.33,32.2
2026-08-23,Strawberry,Zone B,226.32,27.0
2026-08-24,Tomato,Zone A,26.02,40.2
2026-08-24,Tomato,Zone B,26.66,48.5
2026-08-24,Onion,Zone A,55.29,33.8
2026-08-24,Onion,Zone B,57.03,72.8
2026-08-24,Potato,Zone A,29.61,85.5
2026-08-24,Potato,Zone B,30.77,28.1
2026-08-24,Garlic,Zone A,206.61,35.6
2026-08-24,Garlic,Zone B,207.56,62.5
2026-08-24,Ginger,Zone A,107.39,73.5
2026-08-24,Ginger,Zone B,109.46,38.0
2026-08-24,Capsicum,Zone A,52.61,60.0
2026-08-24,Capsicum,Zone B,52.91,84.5
2026-08-24,Cauliflower,Zone A,38.93,42.2
2026-08-24,Cauliflower,Zone B,39.78,62.9
2026-08-24,Chilli,Zone A,73.61,89.3
2026-08-24,Chilli,Zone B,71.32,87.7
2026-08-24,Grapes,Zone A,150.16,34.5
2026-08-24,Grapes,Zone B,140.55,90.3
2026-08-24,Apple,Zone A,120.99,42.3
2026-08-24,Apple,Zone B,122.39,34.9
2026-08-24,Banana,Zone A,45.21,52.1
2026-08-24,Banana,Zone B,45.93,79.5
2026-08-24,Strawberry,Zone A,217.04,95.7
2026-08-24,Strawberry,Zone B,225.94,28.0
2026-08-25,Tomato,Zone A,26.69,50.8
2026-08-25,Tomato,Zone B,26.93,36.2
2026-08-25,Onion,Zone A,53.14,28.4
2026-08-25,Onion,Zone B,52.09,86.2
2026-08-25,Potato,Zone A,32.92,24.0
2026-08-25,Potato,Zone B,30.82,42.1
2026-08-25,Garlic,Zone A,209.06,93.5
2026-08-25,Garlic,Zone B,213.6,29.3
2026-08-25,Ginger,Zone A,107.03,79.8
2026-08-25,Ginger,Zone B,106.18,57.3
2026-08-25,Capsicum,Zone A,50.87,82.5
2026-08-25,Capsicum,Zone B,49.6,70.4
2026-08-25,Cauliflower,Zone A,38.09,80.8
2026-08-25,Cauliflower,Zone B,38.12,74.7
2026-08-25,Chilli,Zone A,71.44,24.1
2026-08-25,Chilli,Zone B,70.08,27.9
2026-08-25,Grapes,Zone A,144.65,70.9
2026-08-25,Grapes,Zone B,144.38,46.3
2026-08-25,Apple,Zone A,115.97,29.6
2026-08-25,Apple,Zone B,117.87,55.0
2026-08-25,Banana,Zone A,43.86,76.5
2026-08-25,Banana,Zone B,42.08,93.8
2026-08-25,Strawberry,Zone A,230.29,87.0
2026-08-25,Strawberry,Zone B,227.5,20.3
2026-08-26,Tomato,Zone A,23.49,80.8
2026-08-26,Tomato,Zone B,23.96,57.4
2026-08-26,Onion,Zone A,58.36,22.2
2026-08-26,Onion,Zone B,61.18,28.9
2026-08-26,Potato,Zone A,33.04,32.4
2026-08-26,Potato,Zone B,32.83,74.1
2026-08-26,Garlic,Zone A,213.63,99.0
2026-08-26,Garlic,Zone B,207.91,59.2
2026-08-26,Ginger,Zone A,103.12,47.1
2026-08-26,Ginger,Zone B,103.36,55.8
2026-08-26,Capsicum,Zone A,50.79,92.0
2026-08-26,Capsicum,Zone B,47.41,83.9
2026-08-26,Cauliflower,Zone A,38.31,77.3
2026-08-26,Cauliflower,Zone B,37.38,48.2
2026-08-26,Chilli,Zone A,72.79,21.2
2026-08-26,Chilli,Zone B,73.67,73.5
2026-08-26,Grapes,Zone A,136.12,30.8
2026-08-26,Grapes,Zone B,136.95,97.1
2026-08-26,Apple,Zone A,119.16,51.3
2026-08-26,Apple,Zone B,111.86,99.5
2026-08-26,Banana,Zone A,46.42,64.1
2026-08-26,Banana,Zone B,46.72,40.8
2026-08-26,Strawberry,Zone A,222.12,84.1
2026-08-26,Strawberry,Zone B,234.36,48.5
2026-08-27,Tomato,Zone A,25.12,39.7
2026-08-27,Tomato,Zone B,25.44,93.2
2026-08-27,Onion,Zone A,56.13,90.2
2026-08-27,Onion,Zone B,53.46,45.7
2026-08-27,Potato,Zone A,33.31,91.6
2026-08-27,Potato,Zone B,33.27,51.1
2026-08-27,Garlic,Zone A,190.44,37.4
2026-08-27,Garlic,Zone B,182.14,98.3
2026-08-27,Ginger,Zone A,122.13,81.3
2026-08-27,Ginger,Zone B,124.48,32.5
2026-08-27,Capsicum,Zone A,53.64,75.6
2026-08-27,Capsicum,Zone B,53.3,89.3
2026-08-27,Cauliflower,Zone A,37.33,88.4
2026-08-27,Cauliflower,Zone B,37.98,37.6
2026-08-27,Chilli,Zone A,65.46,79.1
2026-08-27,Chilli,Zone B,63.87,84.8
2026-08-27,Grapes,Zone A,142.29,38.3
2026-08-27,Grapes,Zone B,140.34,49.5
2026-08-27,Apple,Zone A,113.89,49.2
2026-08-27,Apple,Zone B,116.91,64.0
2026-08-27,Banana,Zone A,43.75,77.0
2026-08-27,Banana,Zone B,43.59,73.4
2026-08-27,Strawberry,Zone A,247.67,38.6
2026-08-27,Strawberry,Zone B,241.65,27.5
2026-08-28,Tomato,Zone A,24.93,90.4
2026-08-28,Tomato,Zone B,23.87,59.9
2026-08-28,Onion,Zone A,56.22,59.2
2026-08-28,Onion,Zone B,55.47,66.8
2026-08-28,Potato,Zone A,32.01,45.6
2026-08-28,Potato,Zone B,30.25,47.0
2026-08-28,Garlic,Zone A,214.71,28.9
2026-08-28,Garlic,Zone B,208.59,26.1
2026-08-28,Ginger,Zone A,111.52,84.6
2026-08-28,Ginger,Zone B,108.32,67.4
2026-08-28,Capsicum,Zone A,52.11,27.9
2026-08-28,Capsicum,Zone B,51.55,32.4
2026-08-28,Cauliflower,Zone A,40.07,81.0
2026-08-28,Cauliflower,Zone B,40.61,56.9
2026-08-28,Chilli,Zone A,65.13,32.3
2026-08-28,Chilli,Zone B,67.26,54.8
2026-08-28,Grapes,Zone A,148.34,81.7
2026-08-28,Grapes,Zone B,141.86,57.0
2026-08-28,Apple,Zone A,114.37,55.3
2026-08-28,Apple,Zone B,111.31,36.3
2026-08-28,Banana,Zone A,46.34,48.9
2026-08-28,Banana,Zone B,47.61,80.4
2026-08-28,Strawberry,Zone A,233.19,80.2
2026-08-28,Strawberry,Zone B,223.97,77.8
2026-08-29,Tomato,Zone A,23.84,44.6
2026-08-29,Tomato,Zone B,23.35,21.3
2026-08-29,Onion,Zone A,53.17,85.7
2026-08-29,Onion,Zone B,54.88,60.3
2026-08-29,Potato,Zone A,30.27,34.5
2026-08-29,Potato,Zone B,29.28,65.0
2026-08-29,Garlic,Zone A,198.85,51.6
2026-08-29,Garlic,Zone B,195.07,98.5
2026-08-29,Ginger,Zone A,116.58,61.3
2026-08-29,Ginger,Zone B,117.67,23.7
2026-08-29,Capsicum,Zone A,48.35,20.8
2026-08-29,Capsicum,Zone B,49.94,50.2
2026-08-29,Cauliflower,Zone A,35.68,25.4
2026-08-29,Cauliflower,Zone B,36.7,36.5
2026-08-29,Chilli,Zone A,68.19,97.4
2026-08-29,Chilli,Zone B,66.44,53.4
2026-08-29,Grapes,Zone A,130.62,37.4
2026-08-29,Grapes,Zone B,129.84,77.8
2026-08-29,Apple,Zone A,132.44,52.5
2026-08-29,Apple,Zone B,133.11,22.4
2026-08-29,Banana,Zone A,45.41,61.9
2026-08-29,Banana,Zone B,43.56,74.4
2026-08-29,Strawberry,Zone A,216.66,82.4
2026-08-29,Strawberry,Zone B,218.08,40.8
2026-08-30,Tomato,Zone A,23.46,62.0
2026-08-30,Tomato,Zone B,25.04,81.8
2026-08-30,Onion,Zone A,56.37,79.4
2026-08-30,Onion,Zone B,58.07,46.2
2026-08-30,Potato,Zone A,32.83,40.6
2026-08-30,Potato,Zone B,31.72,35.3
2026-08-30,Garlic,Zone A,202.07,56.0
2026-08-30,Garlic,Zone B,208.88,60.0
2026-08-30,Ginger,Zone A,119.37,47.1
2026-08-30,Ginger,Zone B,117.03,54.9
2026-08-30,Capsicum,Zone A,47.38,22.2
2026-08-30,Capsicum,Zone B,47.85,62.2
2026-08-30,Cauliflower,Zone A,34.48,36.8
2026-08-30,Cauliflower,Zone B,35.11,87.0
2026-08-30,Chilli,Zone A,66.66,24.8
2026-08-30,Chilli,Zone B,66.49,95.5
2026-08-30,Grapes,Zone A,125.62,80.9
2026-08-30,Grapes,Zone B,133.23,86.4
2026-08-30,Apple,Zone A,127.05,68.5
2026-08-30,Apple,Zone B,131.92,28.5
2026-08-30,Banana,Zone A,44.46,32.6
2026-08-30,Banana,Zone B,44.82,49.8
2026-08-30,Strawberry,Zone A,223.27,52.3
2026-08-30,Strawberry,Zone B,218.33,22.6
2026-08-31,Tomato,Zone A,22.95,54.0
2026-08-31,Tomato,Zone B,23.85,36.6
2026-08-31,Onion,Zone A,57.93,22.4
2026-08-31,Onion,Zone B,57.94,53.1
2026-08-31,Potato,Zone A,33.74,64.0
2026-08-31,Potato,Zone B,32.47,98.3
2026-08-31,Garlic,Zone A,195.27,41.5
2026-08-31,Garlic,Zone B,197.58,24.8
2026-08-31,Ginger,Zone A,116.67,56.0
2026-08-31,Ginger,Zone B,116.81,80.8
2026-08-31,Capsicum,Zone A,54.68,26.4
2026-08-31,Capsicum,Zone B,55.18,55.7
2026-08-31,Cauliflower,Zone A,40.39,74.8
2026-08-31,Cauliflower,Zone B,40.55,43.3
2026-08-31,Chilli,Zone A,63.78,86.8
2026-08-31,Chilli,Zone B,63.77,93.3
2026-08-31,Grapes,Zone A,131.81,29.1
2026-08-31,Grapes,Zone B,138.11,32.8
2026-08-31,Apple,Zone A,118.23,98.3
2026-08-31,Apple,Zone B,122.72,20.4
2026-08-31,Banana,Zone A,43.97,79.3
2026-08-31,Banana,Zone B,44.65,46.0
2026-08-31,Strawberry,Zone A,215.57,69.3
2026-08-31,Strawberry,Zone B,211.08,98.9
2026-09-01,Tomato,Zone A,24.69,37.5
2026-09-01,Tomato,Zone B,24.5,30.2
2026-09-01,Onion,Zone A,60.34,59.5
2026-09-01,Onion,Zone B,58.25,27.0
2026-09-01,Potato,Zone A,32.21,51.0
2026-09-01,Potato,Zone B,32.82,23.8
2026-09-01,Garlic,Zone A,216.29,54.3
2026-09-01,Garlic,Zone B,208.75,54.4
2026-09-01,Ginger,Zone A,110.12,46.5
2026-09-01,Ginger,Zone B,108.14,89.0
2026-09-01,Capsicum,Zone A,39.58,98.2
2026-09-01,Capsicum,Zone B,40.5,41.2
2026-09-01,Cauliflower,Zone A,39.26,21.9
2026-09-01,Cauliflower,Zone B,39.69,60.5
2026-09-01,Chilli,Zone A,54.38,20.2
2026-09-01,Chilli,Zone B,56.35,99.5
2026-09-01,Grapes,Zone A,147.04,21.7
2026-09-01,Grapes,Zone B,137.87,20.8
2026-09-01,Apple,Zone A,124.5,96.8
2026-09-01,Apple,Zone B,132.13,67.6
2026-09-01,Banana,Zone A,44.44,92.3
2026-09-01,Banana,Zone B,44.46,95.6
2026-09-01,Strawberry,Zone A,233.76,22.6
2026-09-01,Strawberry,Zone B,234.15,65.8
2026-09-02,Tomato,Zone A,22.63,91.9
2026-09-02,Tomato,Zone B,22.86,35.4
2026-09-02,Onion,Zone A,51.49,33.4
2026-09-02,Onion,Zone B,53.0,23.3
2026-09-02,Potato,Zone A,33.86,84.4
2026-09-02,Potato,Zone B,32.39,97.9
2026-09-02,Garlic,Zone A,193.41,38.1
2026-09-02,Garlic,Zone B,185.2,46.3
2026-09-02,Ginger,Zone A,120.12,38.1
2026-09-02,Ginger,Zone B,115.54,60.3
2026-09-02,Capsicum,Zone A,40.41,75.6
2026-09-02,Capsicum,Zone B,39.28,35.5
2026-09-02,Cauliflower,Zone A,38.19,33.0
2026-09-02,Cauliflower,Zone B,40.25,51.5
2026-09-02,Chilli,Zone A,52.84,20.6
2026-09-02,Chilli,Zone B,53.31,47.7
2026-09-02,Grapes,Zone A,143.36,71.6
2026-09-02,Grapes,Zone B,138.61,86.5
2026-09-02,Apple,Zone A,132.88,27.2
2026-09-02,Apple,Zone B,134.2,24.6
2026-09-02,Banana,Zone A,47.19,51.4
2026-09-02,Banana,Zone B,47.77,68.9
2026-09-02,Strawberry,Zone A,237.41,29.4
2026-09-02,Strawberry,Zone B,224.42,59.7
2026-09-03,Tomato,Zone A,23.76,44.7
2026-09-03,Tomato,Zone B,23.55,32.8
2026-09-03,Onion,Zone A,59.35,67.6
2026-09-03,Onion,Zone B,61.67,71.3
2026-09-03,Potato,Zone A,32.6,47.4
2026-09-03,Potato,Zone B,32.81,27.8
2026-09-03,Garlic,Zone A,186.66,26.1
2026-09-03,Garlic,Zone B,184.16,58.5
2026-09-03,Ginger,Zone A,106.82,95.5
2026-09-03,Ginger,Zone B,110.74,41.9
2026-09-03,Capsicum,Zone A,39.8,60.7
2026-09-03,Capsicum,Zone B,40.59,40.1
2026-09-03,Cauliflower,Zone A,36.26,76.1
2026-09-03,Cauliflower,Zone B,36.21,54.1
2026-09-03,Chilli,Zone A,55.88,22.1
2026-09-03,Chilli,Zone B,55.03,32.7
2026-09-03,Grapes,Zone A,143.2,41.5
2026-09-03,Grapes,Zone B,147.1,41.6
2026-09-03,Apple,Zone A,118.72,25.0
2026-09-03,Apple,Zone B,118.58,88.8
2026-09-03,Banana,Zone A,43.7,41.7
2026-09-03,Banana,Zone B,45.13,31.2
2026-09-03,Strawberry,Zone A,220.75,39.0
2026-09-03,Strawberry,Zone B,234.17,61.4
2026-09-04,Tomato,Zone A,25.59,56.9
2026-09-04,Tomato,Zone B,24.05,57.3
2026-09-04,Onion,Zone A,59.91,79.3
2026-09-04,Onion,Zone B,62.26,32.3
2026-09-04,Potato,Zone A,29.32,76.7
2026-09-04,Potato,Zone B,28.64,83.8
2026-09-04,Garlic,Zone A,200.99,83.3
2026-09-04,Garlic,Zone B,195.69,78.9
2026-09-04,Ginger,Zone A,119.03,63.4
2026-09-04,Ginger,Zone B,120.87,54.5
2026-09-04,Capsicum,Zone A,41.6,35.9
2026-09-04,Capsicum,Zone B,39.59,38.8
2026-09-04,Cauliflower,Zone A,35.78,64.7
2026-09-04,Cauliflower,Zone B,35.11,48.6
2026-09-04,Chilli,Zone A,53.67,47.2
2026-09-04,Chilli,Zone B,56.61,73.2
2026-09-04,Grapes,Zone A,144.96,90.7
2026-09-04,Grapes,Zone B,145.65,60.3
2026-09-04,Apple,Zone A,132.6,62.4
2026-09-04,Apple,Zone B,133.58,63.3
2026-09-04,Banana,Zone A,46.45,55.0
2026-09-04,Banana,Zone B,48.23,30.8
2026-09-04,Strawberry,Zone A,226.31,60.6
2026-09-04,Strawberry,Zone B,233.46,30.0
2026-09-05,Tomato,Zone A,24.67,44.4
2026-09-05,Tomato,Zone B,24.76,82.4
2026-09-05,Onion,Zone A,60.76,26.4
2026-09-05,Onion,Zone B,60.03,33.5
2026-09-05,Potato,Zone A,28.8,48.0
2026-09-05,Potato,Zone B,30.15,62.7
2026-09-05,Garlic,Zone A,199.91,94.7
2026-09-05,Garlic,Zone B,193.81,80.6
2026-09-05,Ginger,Zone A,120.79,64.2
2026-09-05,Ginger,Zone B,118.28,80.8
2026-09-05,Capsicum,Zone A,42.01,27.3
2026-09-05,Capsicum,Zone B,43.0,83.4
2026-09-05,Cauliflower,Zone A,35.32,43.0
2026-09-05,Cauliflower,Zone B,36.19,67.5
2026-09-05,Chilli,Zone A,57.06,72.4
2026-09-05,Chilli,Zone B,56.11,86.5
2026-09-05,Grapes,Zone A,132.27,51.9
2026-09-05,Grapes,Zone B,133.66,86.5
2026-09-05,Apple,Zone A,123.47,97.0
2026-09-05,Apple,Zone B,118.88,35.5
2026-09-05,Banana,Zone A,44.21,71.8
2026-09-05,Banana,Zone B,41.39,38.5
2026-09-05,Strawberry,Zone A,213.68,26.8
2026-09-05,Strawberry,Zone B,204.99,49.7
2026-09-06,Tomato,Zone A,24.03,30.8
2026-09-06,Tomato,Zone B,23.42,57.1
2026-09-06,Onion,Zone A,52.92,50.6
2026-09-06,Onion,Zone B,50.45,23.7
2026-09-06,Potato,Zone A,34.74,31.5
2026-09-06,Potato,Zone B,33.54,23.0
2026-09-06,Garlic,Zone A,195.23,93.9
2026-09-06,Garlic,Zone B,200.71,86.5
2026-09-06,Ginger,Zone A,108.46,89.6
2026-09-06,Ginger,Zone B,103.58,37.5
2026-09-06,Capsicum,Zone A,41.51,20.8
2026-09-06,Capsicum,Zone B,40.34,38.3
2026-09-06,Cauliflower,Zone A,34.89,27.2
2026-09-06,Cauliflower,Zone B,36.47,72.7
2026-09-06,Chilli,Zone A,57.76,36.4
2026-09-06,Chilli,Zone B,58.64,35.9
2026-09-06,Grapes,Zone A,130.24,94.9
2026-09-06,Grapes,Zone B,136.8,42.6
2026-09-06,Apple,Zone A,114.0,31.0
2026-09-06,Apple,Zone B,111.85,27.9
2026-09-06,Banana,Zone A,45.74,43.0
2026-09-06,Banana,Zone B,45.79,35.7
2026-09-06,Strawberry,Zone A,212.92,91.6
2026-09-06,Strawberry,Zone B,213.83,58.1
2026-09-07,Tomato,Zone A,25.51,22.5
2026-09-07,Tomato,Zone B,25.39,36.7
2026-09-07,Onion,Zone A,53.11,69.9
2026-09-07,Onion,Zone B,52.04,42.2
2026-09-07,Potato,Zone A,29.83,46.2
2026-09-07,Potato,Zone B,30.5,60.9
2026-09-07,Garlic,Zone A,206.02,86.9
2026-09-07,Garlic,Zone B,198.04,69.2
2026-09-07,Ginger,Zone A,105.19,34.6
2026-09-07,Ginger,Zone B,110.17,43.0
2026-09-07,Capsicum,Zone A,38.28,81.7
2026-09-07,Capsicum,Zone B,37.56,59.7
2026-09-07,Cauliflower,Zone A,35.37,82.5
2026-09-07,Cauliflower,Zone B,36.66,60.1
2026-09-07,Chilli,Zone A,53.32,65.6
2026-09-07,Chilli,Zone B,56.55,33.2
2026-09-07,Grapes,Zone A,148.91,49.6
2026-09-07,Grapes,Zone B,142.53,87.4
2026-09-07,Apple,Zone A,116.13,23.3
2026-09-07,Apple,Zone B,117.32,33.8
2026-09-07,Banana,Zone A,45.91,41.3
2026-09-07,Banana,Zone B,45.62,98.3
2026-09-07,Strawberry,Zone A,204.45,60.1
2026-09-07,Strawberry,Zone B,204.42,90.9
2026-09-08,Tomato,Zone A,25.81,34.0
2026-09-08,Tomato,Zone B,24.71,42.3
2026-09-08,Onion,Zone A,55.03,21.3
2026-09-08,Onion,Zone B,55.94,66.5
2026-09-08,Potato,Zone A,29.93,40.9
2026-09-08,Potato,Zone B,29.68,44.4
2026-09-08,Garlic,Zone A,213.37,79.0
2026-09-08,Garlic,Zone B,207.6,56.4
2026-09-08,Ginger,Zone A,120.93,42.1
2026-09-08,Ginger,Zone B,120.3,51.7
2026-09-08,Capsicum,Zone A,39.63,56.1
2026-09-08,Capsicum,Zone B,39.98,88.5
2026-09-08,Cauliflower,Zone A,39.0,53.1
2026-09-08,Cauliflower,Zone B,39.67,74.4
2026-09-08,Chilli,Zone A,53.22,64.3
2026-09-08,Chilli,Zone B,55.73,97.2
2026-09-08,Grapes,Zone A,129.61,90.6
2026-09-08,Grapes,Zone B,123.75,49.8
2026-09-08,Apple,Zone A,125.23,22.7
2026-09-08,Apple,Zone B,119.77,56.2
2026-09-08,Banana,Zone A,45.66,87.4
2026-09-08,Banana,Zone B,45.08,61.4
2026-09-08,Strawberry,Zone A,222.5,72.0
2026-09-08,Strawberry,Zone B,224.96,50.8
2026-09-09,Tomato,Zone A,23.65,53.0
2026-09-09,Tomato,Zone B,24.9,22.7
2026-09-09,Onion,Zone A,58.54,39.8
2026-09-09,Onion,Zone B,58.73,54.0
2026-09-09,Potato,Zone A,30.57,51.7
2026-09-09,Potato,Zone B,31.66,73.3
2026-09-09,Garlic,Zone A,183.3,76.1
2026-09-09,Garlic,Zone B,190.44,29.6
2026-09-09,Ginger,Zone A,117.24,34.7
2026-09-09,Ginger,Zone B,119.43,88.6
2026-09-09,Capsicum,Zone A,42.12,82.1
2026-09-09,Capsicum,Zone B,42.03,81.7
2026-09-09,Cauliflower,Zone A,37.65,54.5
2026-09-09,Cauliflower,Zone B,36.37,80.8
2026-09-09,Chilli,Zone A,57.35,23.7
2026-09-09,Chilli,Zone B,55.84,36.4
2026-09-09,Grapes,Zone A,133.5,85.1
2026-09-09,Grapes,Zone B,137.75,75.5
2026-09-09,Apple,Zone A,132.08,58.5
2026-09-09,Apple,Zone B,130.98,79.4
2026-09-09,Banana,Zone A,45.91,45.8
2026-09-09,Banana,Zone B,42.48,73.7
2026-09-09,Strawberry,Zone A,211.59,86.3
2026-09-09,Strawberry,Zone B,221.29,24.7
2026-09-10,Tomato,Zone A,25.72,81.2
2026-09-10,Tomato,Zone B,26.13,63.6
2026-09-10,Onion,Zone A,56.35,22.4
2026-09-10,Onion,Zone B,54.88,34.9
2026-09-10,Potato,Zone A,28.06,81.0
2026-09-10,Potato,Zone B,29.24,97.0
2026-09-10,Garlic,Zone A,204.43,35.3
2026-09-10,Garlic,Zone B,217.95,66.5
2026-09-10,Ginger,Zone A,117.39,69.3
2026-09-10,Ginger,Zone B,118.92,65.3
2026-09-10,Capsicum,Zone A,39.05,29.6
2026-09-10,Capsicum,Zone B,39.03,76.2
2026-09-10,Cauliflower,Zone A,41.16,81.8
2026-09-10,Cauliflower,Zone B,39.44,27.2
2026-09-10,Chilli,Zone A,58.21,62.7
2026-09-10,Chilli,Zone B,57.76,44.6
2026-09-10,Grapes,Zone A,131.27,43.4
2026-09-10,Grapes,Zone B,127.3,77.4
2026-09-10,Apple,Zone A,127.69,73.2
2026-09-10,Apple,Zone B,130.56,27.0
2026-09-10,Banana,Zone A,47.91,44.2
2026-09-10,Banana,Zone B,48.03,68.1
2026-09-10,Strawberry,Zone A,204.08,82.0
2026-09-10,Strawberry,Zone B,209.53,53.5
2026-09-11,Tomato,Zone A,22.89,34.4
2026-09-11,Tomato,Zone B,23.32,85.6
2026-09-11,Onion,Zone A,53.48,40.7
2026-09-11,Onion,Zone B,56.18,33.0
2026-09-11,Potato,Zone A,33.02,93.0
2026-09-11,Potato,Zone B,34.4,42.2
2026-09-11,Garlic,Zone A,214.38,75.8
2026-09-11,Garlic,Zone B,213.9,75.5
2026-09-11,Ginger,Zone A,114.28,78.0
2026-09-11,Ginger,Zone B,114.62,57.7
2026-09-11,Capsicum,Zone A,39.8,70.7
2026-09-11,Capsicum,Zone B,42.94,41.7
2026-09-11,Cauliflower,Zone A,34.72,90.6
2026-09-11,Cauliflower,Zone B,35.91,89.1
2026-09-11,Chilli,Zone A,58.32,28.2
2026-09-11,Chilli,Zone B,57.1,40.2
2026-09-11,Grapes,Zone A,148.33,72.7
2026-09-11,Grapes,Zone B,148.1,72.3
2026-09-11,Apple,Zone A,110.03,95.2
2026-09-11,Apple,Zone B,117.11,29.2
2026-09-11,Banana,Zone A,43.34,32.5
2026-09-11,Banana,Zone B,43.44,23.4
2026-09-11,Strawberry,Zone A,233.01,61.1
2026-09-11,Strawberry,Zone B,239.43,61.4
2026-09-12,Tomato,Zone A,27.57,25.2
2026-09-12,Tomato,Zone B,25.87,32.0
2026-09-12,Onion,Zone A,55.14,64.0
2026-09-12,Onion,Zone B,53.88,81.6
2026-09-12,Potato,Zone A,33.82,46.1
2026-09-12,Potato,Zone B,34.09,72.8
2026-09-12,Garlic,Zone A,179.41,60.6
2026-09-12,Garlic,Zone B,185.79,47.1
2026-09-12,Ginger,Zone A,114.96,57.4
2026-09-12,Ginger,Zone B,111.63,26.0
2026-09-12,Capsicum,Zone A,39.91,67.4
2026-09-12,Capsicum,Zone B,38.91,68.0
2026-09-12,Cauliflower,Zone A,41.01,33.7
2026-09-12,Cauliflower,Zone B,39.78,51.4
2026-09-12,Chilli,Zone A,50.38,30.7
2026-09-12,Chilli,Zone B,50.31,70.0
2026-09-12,Grapes,Zone A,138.02,84.4
2026-09-12,Grapes,Zone B,141.94,53.7
2026-09-12,Apple,Zone A,131.54,42.4
2026-09-12,Apple,Zone B,124.76,84.2
2026-09-12,Banana,Zone A,45.0,71.4
2026-09-12,Banana,Zone B,43.88,61.8
2026-09-12,Strawberry,Zone A,236.28,20.5
2026-09-12,Strawberry,Zone B,230.49,78.9
2026-09-13,Tomato,Zone A,24.49,72.6
2026-09-13,Tomato,Zone B,23.79,72.6
2026-09-13,Onion,Zone A,54.71,21.5
2026-09-13,Onion,Zone B,53.31,94.1
2026-09-13,Potato,Zone A,33.42,39.9
2026-09-13,Potato,Zone B,32.68,92.8
2026-09-13,Garlic,Zone A,200.7,85.3
2026-09-13,Garlic,Zone B,205.54,40.0
2026-09-13,Ginger,Zone A,112.58,20.1
2026-09-13,Ginger,Zone B,113.97,43.5
2026-09-13,Capsicum,Zone A,38.34,81.2
2026-09-13,Capsicum,Zone B,40.1,23.4
2026-09-13,Cauliflower,Zone A,37.21,54.0
2026-09-13,Cauliflower,Zone B,36.63,26.3
2026-09-13,Chilli,Zone A,54.91,49.4
2026-09-13,Chilli,Zone B,57.13,74.4
2026-09-13,Grapes,Zone A,152.28,86.2
2026-09-13,Grapes,Zone B,145.16,90.2
2026-09-13,Apple,Zone A,120.47,48.2
2026-09-13,Apple,Zone B,126.13,56.1
2026-09-13,Banana,Zone A,45.06,42.1
2026-09-13,Banana,Zone B,45.76,52.9
2026-09-13,Strawberry,Zone A,251.92,38.5
2026-09-13,Strawberry,Zone B,233.99,52.3
2026-09-14,Tomato,Zone A,25.4,97.6
2026-09-14,Tomato,Zone B,24.67,66.8
2026-09-14,Onion,Zone A,53.26,65.4
2026-09-14,Onion,Zone B,52.85,92.9
2026-09-14,Potato,Zone A,34.26,30.8
2026-09-14,Potato,Zone B,31.99,40.5
2026-09-14,Garlic,Zone A,201.52,33.3
2026-09-14,Garlic,Zone B,201.9,69.6
2026-09-14,Ginger,Zone A,103.01,25.8
2026-09-14,Ginger,Zone B,103.32,94.5
2026-09-14,Capsicum,Zone A,39.29,91.4
2026-09-14,Capsicum,Zone B,39.94,98.8
2026-09-14,Cauliflower,Zone A,41.38,72.6
2026-09-14,Cauliflower,Zone B,38.85,93.2
2026-09-14,Chilli,Zone A,57.57,63.9
2026-09-14,Chilli,Zone B,54.3,80.1
2026-09-14,Grapes,Zone A,146.83,52.0
2026-09-14,Grapes,Zone B,142.83,76.8
2026-09-14,Apple,Zone A,119.58,93.3
2026-09-14,Apple,Zone B,122.0,44.1
2026-09-14,Banana,Zone A,43.95,23.9
2026-09-14,Banana,Zone B,45.43,84.6
2026-09-14,Strawberry,Zone A,245.22,27.7
2026-09-14,Strawberry,Zone B,233.49,62.2
2026-09-15,Tomato,Zone A,24.26,26.8
2026-09-15,Tomato,Zone B,24.69,52.2
2026-09-15,Onion,Zone A,53.67,43.2
2026-09-15,Onion,Zone B,50.14,98.3
2026-09-15,Potato,Zone A,33.35,31.7
2026-09-15,Potato,Zone B,32.54,79.8
2026-09-15,Garlic,Zone A,190.51,79.3
2026-09-15,Garlic,Zone B,188.56,88.2
2026-09-15,Ginger,Zone A,121.38,65.1
2026-09-15,Ginger,Zone B,116.48,29.5
2026-09-15,Capsicum,Zone A,39.78,59.7
2026-09-15,Capsicum,Zone B,37.74,70.8
2026-09-15,Cauliflower,Zone A,36.65,67.3
2026-09-15,Cauliflower,Zone B,37.88,71.6
2026-09-15,Chilli,Zone A,56.3,32.8
2026-09-15,Chilli,Zone B,58.13,95.2
2026-09-15,Grapes,Zone A,133.71,46.4
2026-09-15,Grapes,Zone B,134.34,71.9
2026-09-15,Apple,Zone A,110.86,46.9
2026-09-15,Apple,Zone B,111.31,65.6
2026-09-15,Banana,Zone A,44.67,68.7
2026-09-15,Banana,Zone B,46.01,69.8
2026-09-15,Strawberry,Zone A,223.42,52.1
2026-09-15,Strawberry,Zone B,223.59,65.5
2026-09-16,Tomato,Zone A,27.5,93.7
2026-09-16,Tomato,Zone B,27.94,22.7
2026-09-16,Onion,Zone A,60.01,62.7
2026-09-16,Onion,Zone B,62.48,26.8
2026-09-16,Potato,Zone A,31.39,94.8
2026-09-16,Potato,Zone B,31.91,52.7
2026-09-16,Garlic,Zone A,187.61,65.7
2026-09-16,Garlic,Zone B,194.38,32.2
2026-09-16,Ginger,Zone A,121.16,71.4
2026-09-16,Ginger,Zone B,119.81,88.0
2026-09-16,Capsicum,Zone A,37.26,95.2
2026-09-16,Capsicum,Zone B,38.0,29.6
2026-09-16,Cauliflower,Zone A,34.7,25.8
2026-09-16,Cauliflower,Zone B,34.61,72.8
2026-09-16,Chilli,Zone A,53.58,21.0
2026-09-16,Chilli,Zone B,53.97,59.7
2026-09-16,Grapes,Zone A,135.83,99.2
2026-09-16,Grapes,Zone B,138.94,38.1
2026-09-16,Apple,Zone A,115.13,73.1
2026-09-16,Apple,Zone B,118.7,31.7
2026-09-16,Banana,Zone A,44.68,86.9
2026-09-16,Banana,Zone B,44.6,25.7
2026-09-16,Strawberry,Zone A,213.87,36.8
2026-09-16,Strawberry,Zone B,206.26,43.9
2026-09-17,Tomato,Zone A,23.34,99.7
2026-09-17,Tomato,Zone B,23.31,55.9
2026-09-17,Onion,Zone A,54.43,41.7
2026-09-17,Onion,Zone B,56.39,55.5
2026-09-17,Potato,Zone A,33.32,30.3
2026-09-17,Potato,Zone B,32.81,98.9
2026-09-17,Garlic,Zone A,220.11,75.3
2026-09-17,Garlic,Zone B,213.03,45.7
2026-09-17,Ginger,Zone A,118.51,82.9
2026-09-17,Ginger,Zone B,118.71,98.2
2026-09-17,Capsicum,Zone A,41.9,98.0
2026-09-17,Capsicum,Zone B,39.42,75.6
2026-09-17,Cauliflower,Zone A,39.19,63.1
2026-09-17,Cauliflower,Zone B,39.77,41.4
2026-09-17,Chilli,Zone A,56.41,23.0
2026-09-17,Chilli,Zone B,55.72,64.7
2026-09-17,Grapes,Zone A,128.93,47.7
2026-09-17,Grapes,Zone B,136.89,78.3
2026-09-17,Apple,Zone A,128.8,86.8
2026-09-17,Apple,Zone B,128.17,77.5
2026-09-17,Banana,Zone A,46.15,39.9
2026-09-17,Banana,Zone B,46.14,93.7
2026-09-17,Strawberry,Zone A,208.55,57.8
2026-09-17,Strawberry,Zone B,201.18,20.9
2026-09-18,Tomato,Zone A,24.61,21.0
2026-09-18,Tomato,Zone B,23.62,91.4
2026-09-18,Onion,Zone A,51.86,21.5
2026-09-18,Onion,Zone B,53.91,68.3
2026-09-18,Potato,Zone A,32.81,34.3
2026-09-18,Potato,Zone B,33.49,21.9
2026-09-18,Garlic,Zone A,188.9,81.5
2026-09-18,Garlic,Zone B,194.76,79.1
2026-09-18,Ginger,Zone A,104.33,93.2
2026-09-18,Ginger,Zone B,104.59,51.9
2026-09-18,Capsicum,Zone A,42.22,75.5
2026-09-18,Capsicum,Zone B,40.19,55.6
2026-09-18,Cauliflower,Zone A,36.69,45.7
2026-09-18,Cauliflower,Zone B,38.07,47.0
2026-09-18,Chilli,Zone A,57.05,75.4
2026-09-18,Chilli,Zone B,58.55,36.5
2026-09-18,Grapes,Zone A,128.22,77.7
2026-09-18,Grapes,Zone B,127.13,24.4
2026-09-18,Apple,Zone A,121.31,44.0
2026-09-18,Apple,Zone B,120.04,60.3
2026-09-18,Banana,Zone A,43.42,81.5
2026-09-18,Banana,Zone B,44.79,23.4
2026-09-18,Strawberry,Zone A,234.87,58.6
2026-09-18,Strawberry,Zone B,241.65,67.7
2026-09-19,Tomato,Zone A,23.5,29.4
2026-09-19,Tomato,Zone B,23.53,27.4
2026-09-19,Onion,Zone A,60.83,70.3
2026-09-19,Onion,Zone B,61.57,89.3
2026-09-19,Potato,Zone A,28.44,88.5
2026-09-19,Potato,Zone B,28.32,51.2
2026-09-19,Garlic,Zone A,184.74,42.1
2026-09-19,Garlic,Zone B,184.79,23.8
2026-09-19,Ginger,Zone A,105.58,34.9
2026-09-19,Ginger,Zone B,103.19,67.5
2026-09-19,Capsicum,Zone A,38.96,56.4
2026-09-19,Capsicum,Zone B,40.2,99.0
2026-09-19,Cauliflower,Zone A,34.85,68.0
2026-09-19,Cauliflower,Zone B,35.3,20.6
2026-09-19,Chilli,Zone A,53.88,76.9
2026-09-19,Chilli,Zone B,53.98,78.1
2026-09-19,Grapes,Zone A,142.35,62.5
2026-09-19,Grapes,Zone B,152.21,81.8
2026-09-19,Apple,Zone A,137.38,26.4
2026-09-19,Apple,Zone B,135.84,43.1
2026-09-19,Banana,Zone A,47.3,65.8
2026-09-19,Banana,Zone B,46.95,66.1
2026-09-19,Strawberry,Zone A,227.37,84.3
2026-09-19,Strawberry,Zone B,231.01,30.6
2026-09-20,Tomato,Zone A,24.13,76.2
2026-09-20,Tomato,Zone B,24.78,93.8
2026-09-20,Onion,Zone A,57.12,31.0
2026-09-20,Onion,Zone B,54.51,79.2
2026-09-20,Potato,Zone A,29.36,58.9
2026-09-20,Potato,Zone B,30.39,55.9
2026-09-20,Garlic,Zone A,189.21,52.1
2026-09-20,Garlic,Zone B,188.33,85.0
2026-09-20,Ginger,Zone A,106.52,51.7
2026-09-20,Ginger,Zone B,110.0,20.7
2026-09-20,Capsicum,Zone A,38.88,91.0
2026-09-20,Capsicum,Zone B,36.92,70.7
2026-09-20,Cauliflower,Zone A,34.68,63.6
2026-09-20,Cauliflower,Zone B,35.0,88.8
2026-09-20,Chilli,Zone A,55.89,99.1
2026-09-20,Chilli,Zone B,53.52,79.3
2026-09-20,Grapes,Zone A,136.55,30.8
2026-09-20,Grapes,Zone B,141.78,47.1
2026-09-20,Apple,Zone A,130.73,56.8
2026-09-20,Apple,Zone B,126.67,57.4
2026-09-20,Banana,Zone A,44.46,29.0
2026-09-20,Banana,Zone B,45.98,34.9
2026-09-20,Strawberry,Zone A,213.16,77.3
2026-09-20,Strawberry,Zone B,219.9,30.6
2026-09-21,Tomato,Zone A,26.54,85.2
2026-09-21,Tomato,Zone B,26.85,43.6
2026-09-21,Onion,Zone A,56.01,98.5
2026-09-21,Onion,Zone B,55.04,31.0
2026-09-21,Potato,Zone A,30.95,97.0
2026-09-21,Potato,Zone B,29.81,42.8
2026-09-21,Garlic,Zone A,194.75,29.9
2026-09-21,Garlic,Zone B,187.01,64.9
2026-09-21,Ginger,Zone A,117.32,47.8
2026-09-21,Ginger,Zone B,115.04,36.9
2026-09-21,Capsicum,Zone A,42.69,81.0
2026-09-21,Capsicum,Zone B,41.21,52.5
2026-09-21,Cauliflower,Zone A,40.01,74.9
2026-09-21,Cauliflower,Zone B,38.59,59.5
2026-09-21,Chilli,Zone A,54.16,52.6
2026-09-21,Chilli,Zone B,52.83,97.6
2026-09-21,Grapes,Zone A,138.85,87.2
2026-09-21,Grapes,Zone B,133.42,53.8
2026-09-21,Apple,Zone A,120.57,89.1
2026-09-21,Apple,Zone B,119.18,53.7
2026-09-21,Banana,Zone A,45.08,35.7
2026-09-21,Banana,Zone B,48.02,25.0
2026-09-21,Strawberry,Zone A,216.63,50.0
2026-09-21,Strawberry,Zone B,219.72,20.3
2026-09-22,Tomato,Zone A,25.12,70.8
2026-09-22,Tomato,Zone B,23.95,59.8
2026-09-22,Onion,Zone A,52.27,47.7
2026-09-22,Onion,Zone B,52.34,24.9
2026-09-22,Potato,Zone A,28.82,26.0
2026-09-22,Potato,Zone B,28.8,46.1
2026-09-22,Garlic,Zone A,194.44,76.8
2026-09-22,Garlic,Zone B,205.58,78.6
2026-09-22,Ginger,Zone A,106.53,84.9
2026-09-22,Ginger,Zone B,111.79,99.0
2026-09-22,Capsicum,Zone A,38.45,77.8
2026-09-22,Capsicum,Zone B,38.67,94.7
2026-09-22,Cauliflower,Zone A,35.38,62.0
2026-09-22,Cauliflower,Zone B,35.19,51.8
2026-09-22,Chilli,Zone A,59.57,87.8
2026-09-22,Chilli,Zone B,57.12,37.2
2026-09-22,Grapes,Zone A,137.88,64.3
2026-09-22,Grapes,Zone B,130.5,45.8
2026-09-22,Apple,Zone A,123.78,73.6
2026-09-22,Apple,Zone B,125.76,63.8
2026-09-22,Banana,Zone A,43.42,23.9
2026-09-22,Banana,Zone B,41.71,39.4
2026-09-22,Strawberry,Zone A,233.45,57.9
2026-09-22,Strawberry,Zone B,238.18,63.4
2026-09-23,Tomato,Zone A,23.03,71.4
2026-09-23,Tomato,Zone B,24.1,33.1
2026-09-23,Onion,Zone A,56.87,39.4
2026-09-23,Onion,Zone B,55.76,85.4
2026-09-23,Potato,Zone A,32.47,58.3
2026-09-23,Potato,Zone B,32.94,30.7
2026-09-23,Garlic,Zone A,207.93,43.1
2026-09-23,Garlic,Zone B,194.66,89.5
2026-09-23,Ginger,Zone A,118.38,81.0
2026-09-23,Ginger,Zone B,123.12,94.8
2026-09-23,Capsicum,Zone A,41.45,69.4
2026-09-23,Capsicum,Zone B,41.89,34.9
2026-09-23,Cauliflower,Zone A,35.42,38.9
2026-09-23,Cauliflower,Zone B,36.72,32.8
2026-09-23,Chilli,Zone A,57.87,72.1
2026-09-23,Chilli,Zone B,54.18,39.1
2026-09-23,Grapes,Zone A,131.3,40.1
2026-09-23,Grapes,Zone B,135.64,25.2
2026-09-23,Apple,Zone A,123.63,83.9
2026-09-23,Apple,Zone B,126.54,43.5
2026-09-23,Banana,Zone A,43.0,72.8
2026-09-23,Banana,Zone B,44.07,62.0
2026-09-23,Strawberry,Zone A,229.63,73.8
2026-09-23,Strawberry,Zone B,235.8,45.7
2026-09-24,Tomato,Zone A,23.98,75.2
2026-09-24,Tomato,Zone B,22.64,51.1
2026-09-24,Onion,Zone A,59.71,54.9
2026-09-24,Onion,Zone B,60.89,69.8
2026-09-24,Potato,Zone A,30.85,29.9
2026-09-24,Potato,Zone B,28.58,86.6
2026-09-24,Garlic,Zone A,217.35,37.1
2026-09-24,Garlic,Zone B,203.46,81.9
2026-09-24,Ginger,Zone A,112.4,82.3
2026-09-24,Ginger,Zone B,114.97,59.4
2026-09-24,Capsicum,Zone A,38.97,95.1
2026-09-24,Capsicum,Zone B,39.6,78.1
2026-09-24,Cauliflower,Zone A,37.26,51.9
2026-09-24,Cauliflower,Zone B,40.03,78.4
2026-09-24,Chilli,Zone A,53.67,20.3
2026-09-24,Chilli,Zone B,52.65,24.2
2026-09-24,Grapes,Zone A,129.81,69.1
2026-09-24,Grapes,Zone B,131.26,60.3
2026-09-24,Apple,Zone A,120.59,26.8
2026-09-24,Apple,Zone B,122.44,71.2
2026-09-24,Banana,Zone A,45.56,24.3
2026-09-24,Banana,Zone B,47.78,41.6
2026-09-24,Strawberry,Zone A,238.13,57.9
2026-09-24,Strawberry,Zone B,236.1,60.5
2026-09-25,Tomato,Zone A,24.55,49.7
2026-09-25,Tomato,Zone B,25.55,87.3
2026-09-25,Onion,Zone A,54.1,87.4
2026-09-25,Onion,Zone B,54.48,52.4
2026-09-25,Potato,Zone A,33.2,48.5
2026-09-25,Potato,Zone B,33.68,84.8
2026-09-25,Garlic,Zone A,204.08,41.0
2026-09-25,Garlic,Zone B,195.52,25.7
2026-09-25,Ginger,Zone A,111.71,67.6
2026-09-25,Ginger,Zone B,115.15,36.7
2026-09-25,Capsicum,Zone A,39.19,67.0
2026-09-25,Capsicum,Zone B,40.96,74.4
2026-09-25,Cauliflower,Zone A,40.05,76.6
2026-09-25,Cauliflower,Zone B,40.06,67.9
2026-09-25,Chilli,Zone A,53.09,76.5
2026-09-25,Chilli,Zone B,52.37,67.1
2026-09-25,Grapes,Zone A,138.07,45.1
2026-09-25,Grapes,Zone B,144.26,67.8
2026-09-25,Apple,Zone A,127.46,85.9
2026-09-25,Apple,Zone B,133.38,54.9
2026-09-25,Banana,Zone A,42.44,37.8
2026-09-25,Banana,Zone B,44.04,91.5
2026-09-25,Strawberry,Zone A,203.92,77.5
2026-09-25,Strawberry,Zone B,212.1,94.8
2026-09-26,Tomato,Zone A,25.44,72.8
2026-09-26,Tomato,Zone B,25.96,46.4
2026-09-26,Onion,Zone A,56.23,38.2
2026-09-26,Onion,Zone B,52.24,76.0
2026-09-26,Potato,Zone A,29.54,79.3
2026-09-26,Potato,Zone B,30.82,90.1
2026-09-26,Garlic,Zone A,183.77,67.3
2026-09-26,Garlic,Zone B,188.87,93.2
2026-09-26,Ginger,Zone A,118.48,86.1
2026-09-26,Ginger,Zone B,124.54,32.9
2026-09-26,Capsicum,Zone A,39.47,60.3
2026-09-26,Capsicum,Zone B,39.56,87.8
2026-09-26,Cauliflower,Zone A,39.23,92.7
2026-09-26,Cauliflower,Zone B,37.98,56.0
2026-09-26,Chilli,Zone A,56.45,24.6
2026-09-26,Chilli,Zone B,56.49,97.8
2026-09-26,Grapes,Zone A,131.69,24.0
2026-09-26,Grapes,Zone B,134.98,99.0
2026-09-26,Apple,Zone A,119.09,66.0
2026-09-26,Apple,Zone B,115.78,44.5
2026-09-26,Banana,Zone A,46.39,62.9
2026-09-26,Banana,Zone B,47.48,41.7
2026-09-26,Strawberry,Zone A,210.87,61.2
2026-09-26,Strawberry,Zone B,210.99,69.9
2026-09-27,Tomato,Zone A,25.87,35.4
2026-09-27,Tomato,Zone B,25.63,39.3
2026-09-27,Onion,Zone A,52.28,93.5
2026-09-27,Onion,Zone B,50.35,51.6
2026-09-27,Potato,Zone A,30.14,24.7
2026-09-27,Potato,Zone B,30.24,53.4
2026-09-27,Garlic,Zone A,190.52,27.9
2026-09-27,Garlic,Zone B,193.51,92.1
2026-09-27,Ginger,Zone A,118.41,52.5
2026-09-27,Ginger,Zone B,114.61,59.9
2026-09-27,Capsicum,Zone A,43.2,45.8
2026-09-27,Capsicum,Zone B,42.55,48.7
2026-09-27,Cauliflower,Zone A,36.26,97.3
2026-09-27,Cauliflower,Zone B,36.73,54.5
2026-09-27,Chilli,Zone A,50.41,61.9
2026-09-27,Chilli,Zone B,51.6,83.0
2026-09-27,Grapes,Zone A,135.96,30.6
2026-09-27,Grapes,Zone B,137.62,48.6
2026-09-27,Apple,Zone A,120.4,46.0
2026-09-27,Apple,Zone B,118.46,91.3
2026-09-27,Banana,Zone A,45.73,81.6
2026-09-27,Banana,Zone B,46.96,57.8
2026-09-27,Strawberry,Zone A,211.46,87.8
2026-09-27,Strawberry,Zone B,212.47,62.3
2026-09-28,Tomato,Zone A,27.71,21.4
2026-09-28,Tomato,Zone B,27.24,86.9
2026-09-28,Onion,Zone A,60.87,78.4
2026-09-28,Onion,Zone B,58.91,96.7
2026-09-28,Potato,Zone A,29.67,69.8
2026-09-28,Potato,Zone B,31.55,41.4
2026-09-28,Garlic,Zone A,213.54,52.9
2026-09-28,Garlic,Zone B,207.75,83.8
2026-09-28,Ginger,Zone A,105.54,68.9
2026-09-28,Ginger,Zone B,109.79,22.4
2026-09-28,Capsicum,Zone A,41.64,79.7
2026-09-28,Capsicum,Zone B,39.51,73.4
2026-09-28,Cauliflower,Zone A,35.32,71.0
2026-09-28,Cauliflower,Zone B,35.47,58.1
2026-09-28,Chilli,Zone A,56.43,85.7
2026-09-28,Chilli,Zone B,55.25,59.0
2026-09-28,Grapes,Zone A,143.1,32.2
2026-09-28,Grapes,Zone B,142.31,36.8
2026-09-28,Apple,Zone A,119.03,21.1
2026-09-28,Apple,Zone B,119.49,23.4
2026-09-28,Banana,Zone A,44.56,50.2
2026-09-28,Banana,Zone B,44.34,43.9
2026-09-28,Strawberry,Zone A,234.06,65.8
2026-09-28,Strawberry,Zone B,225.31,71.1
2026-09-29,Tomato,Zone A,23.42,21.5
2026-09-29,Tomato,Zone B,23.58,86.3
2026-09-29,Onion,Zone A,56.47,72.6
2026-09-29,Onion,Zone B,58.28,33.5
2026-09-29,Potato,Zone A,31.25,72.1
2026-09-29,Potato,Zone B,32.62,23.5
2026-09-29,Garlic,Zone A,185.18,92.9
2026-09-29,Garlic,Zone B,193.0,81.0
2026-09-29,Ginger,Zone A,107.55,87.3
2026-09-29,Ginger,Zone B,105.25,35.3
2026-09-29,Capsicum,Zone A,37.81,27.7
2026-09-29,Capsicum,Zone B,40.02,73.2
2026-09-29,Cauliflower,Zone A,37.42,56.8
2026-09-29,Cauliflower,Zone B,37.65,96.5
2026-09-29,Chilli,Zone A,52.07,61.1
2026-09-29,Chilli,Zone B,52.56,41.4
2026-09-29,Grapes,Zone A,146.76,32.7
2026-09-29,Grapes,Zone B,140.68,61.8
2026-09-29,Apple,Zone A,132.28,45.6
2026-09-29,Apple,Zone B,130.24,89.9
2026-09-29,Banana,Zone A,47.01,42.1
2026-09-29,Banana,Zone B,46.14,32.7
2026-09-29,Strawberry,Zone A,225.12,97.7
2026-09-29,Strawberry,Zone B,228.98,78.9
2026-09-30,Tomato,Zone A,24.54,77.3
2026-09-30,Tomato,Zone B,24.94,33.3
2026-09-30,Onion,Zone A,55.44,94.2
2026-09-30,Onion,Zone B,54.24,87.9
2026-09-30,Potato,Zone A,31.46,50.7
2026-09-30,Potato,Zone B,30.18,67.2
2026-09-30,Garlic,Zone A,207.36,74.5
2026-09-30,Garlic,Zone B,202.92,98.5
2026-09-30,Ginger,Zone A,116.59,81.1
2026-09-30,Ginger,Zone B,112.75,60.1
2026-09-30,Capsicum,Zone A,38.07,50.5
2026-09-30,Capsicum,Zone B,38.75,47.2
2026-09-30,Cauliflower,Zone A,36.73,67.5
2026-09-30,Cauliflower,Zone B,34.99,53.6
2026-09-30,Chilli,Zone A,51.53,78.0
2026-09-30,Chilli,Zone B,51.9,57.9
2026-09-30,Grapes,Zone A,136.44,66.3
2026-09-30,Grapes,Zone B,141.65,90.7
2026-09-30,Apple,Zone A,119.32,65.9
2026-09-30,Apple,Zone B,113.26,85.0
2026-09-30,Banana,Zone A,45.92,85.9
2026-09-30,Banana,Zone B,47.56,77.2
2026-09-30,Strawberry,Zone A,228.64,73.7
2026-09-30,Strawberry,Zone B,230.56,84.8
